timestamp,robot_name,position_error,yaw_error_deg
0,robot2,-1.72501,1.20287
0,robot1,-0.725998,38.2895
0,robot3,-2.72698,1.22325
0,robot3,-2.72698,1.22325
0,robot1,-0.725998,38.2895
0,robot2,-1.72501,1.20287
0,robot2,-1.72501,1.20287
0,robot1,-0.726,38.2895
0,robot3,-2.72698,1.22325
0,robot3,-2.72698,1.22325
0,robot1,-0.726,38.2895
0,robot2,-1.72501,1.20287
0,robot2,-1.72501,1.20287
0,robot1,-0.726,38.2895
0,robot3,-2.72698,1.22325
0,robot3,-2.72698,1.22325
0,robot1,-0.726,38.2895
0,robot2,-1.72501,1.20287
0,robot2,-1.72501,1.20287
0,robot1,-0.726,38.2895
0,robot3,-2.72698,1.22325
0,robot3,-2.72698,1.22325
175.7,robot1,-0.726006,38.2895
175.7,robot2,-1.725,1.20245
175.7,robot2,-1.725,1.20245
175.7,robot1,-0.726006,38.2895
175.7,robot3,-2.72699,1.22385
175.7,robot3,-2.72699,1.22385
175.7,robot1,-0.726006,38.2895
175.7,robot2,-1.725,1.20245
175.7,robot2,-1.725,1.20245
175.7,robot1,-0.726006,38.2895
175.7,robot3,-2.72699,1.22385
175.7,robot3,-2.72699,1.22385
175.7,robot1,-0.726006,38.2895
175.7,robot2,-1.725,1.20245
175.7,robot2,-1.725,1.20245
175.7,robot1,-0.726006,38.2895
175.7,robot3,-2.72699,1.22385
175.7,robot3,-2.72699,1.22385
175.7,robot1,-0.726006,38.2895
175.7,robot2,-1.725,1.20245
175.7,robot2,-1.725,1.20245
175.7,robot1,-0.726006,38.2895
175.7,robot3,-2.72699,1.22385
175.7,robot3,-2.72698,1.2247
175.7,robot1,-0.726006,38.2895
175.7,robot2,-1.725,1.20245
175.7,robot2,-1.725,1.20245
175.7,robot1,-0.726006,38.2895
175.7,robot3,-2.72698,1.2247
175.7,robot3,-2.72698,1.2247
175.7,robot1,-0.726006,38.2895
175.7,robot2,-1.725,1.20245
175.7,robot2,-1.725,1.20245
175.7,robot1,-0.726006,38.2895
175.7,robot3,-2.72698,1.2247
175.7,robot3,-2.72698,1.2247
175.7,robot1,-0.726006,38.2895
175.7,robot2,-1.725,1.20245
175.7,robot2,-1.72501,1.2016
175.7,robot1,-0.726006,38.2895
175.7,robot3,-2.72698,1.2247
175.7,robot3,-2.72698,1.2247
175.7,robot1,-0.726006,38.2895
175.7,robot2,-1.72501,1.2016
175.7,robot2,-1.72501,1.2016
175.7,robot1,-0.726007,38.2895
175.7,robot3,-2.72698,1.2247
175.7,robot3,-2.72698,1.2247
175.7,robot1,-0.726007,38.2895
175.7,robot2,-1.72501,1.2016
175.7,robot2,-1.72501,1.2016
175.7,robot1,-0.726007,38.2895
175.7,robot3,-2.72698,1.2247
175.7,robot3,-2.72698,1.2247
175.7,robot1,-0.726007,38.2895
175.7,robot2,-1.72501,1.2016
175.7,robot2,-1.72501,1.2016
175.7,robot1,-0.726007,38.2895
175.7,robot3,-2.72698,1.2247
175.7,robot3,-2.72698,1.2247
175.8,robot1,-0.726,38.2895
175.8,robot2,-1.725,1.20108
175.8,robot2,-1.725,1.20108
175.8,robot1,-0.726,38.2895
175.8,robot3,-2.72699,1.22471
175.8,robot3,-2.72699,1.22471
175.8,robot1,-0.726,38.2895
175.8,robot2,-1.725,1.20108
175.8,robot2,-1.725,1.20108
175.8,robot1,-0.726,38.2895
175.8,robot3,-2.72699,1.22471
175.8,robot3,-2.72699,1.22471
175.8,robot1,-0.726,38.2895
175.8,robot2,-1.725,1.20108
175.8,robot2,-1.725,1.20108
175.8,robot1,-0.726,38.2895
175.8,robot3,-2.72699,1.22471
175.8,robot3,-2.72699,1.22471
175.8,robot1,-0.726,38.2895
175.8,robot2,-1.725,1.20108
175.8,robot2,-1.725,1.20108
175.8,robot1,-0.726,38.2895
175.8,robot3,-2.72699,1.22471
175.8,robot3,-2.72698,1.22564
175.8,robot1,-0.726,38.2895
175.8,robot2,-1.725,1.20108
175.8,robot2,-1.725,1.20108
175.8,robot1,-0.726,38.2895
175.8,robot3,-2.72698,1.22564
175.8,robot3,-2.72698,1.22564
175.8,robot1,-0.726,38.2895
175.8,robot2,-1.725,1.20108
175.8,robot2,-1.725,1.20108
175.8,robot1,-0.726,38.2895
175.8,robot3,-2.72698,1.22564
175.8,robot3,-2.72698,1.22564
175.8,robot1,-0.726,38.2895
175.8,robot2,-1.725,1.20108
175.8,robot2,-1.725,1.20242
175.8,robot1,-0.726,38.2895
175.8,robot3,-2.72698,1.22564
175.8,robot3,-2.72698,1.22564
175.8,robot1,-0.726,38.2895
175.8,robot2,-1.725,1.20242
175.8,robot2,-1.725,1.20242
175.8,robot1,-0.726001,38.2895
175.8,robot3,-2.72698,1.22564
175.8,robot3,-2.72698,1.22564
175.8,robot1,-0.726001,38.2895
175.8,robot2,-1.725,1.20242
175.8,robot2,-1.725,1.20242
175.8,robot1,-0.726001,38.2895
175.8,robot3,-2.72698,1.22564
175.8,robot3,-2.72698,1.22564
175.8,robot1,-0.726001,38.2895
175.8,robot2,-1.725,1.20242
175.8,robot2,-1.725,1.20242
175.8,robot1,-0.726001,38.2895
175.8,robot3,-2.72698,1.22564
175.8,robot3,-2.72698,1.22564
175.8,robot1,-0.726001,38.2895
175.9,robot2,-1.725,1.20242
175.9,robot1,-0.726001,38.2895
175.9,robot2,-1.725,1.20242
175.9,robot3,-2.727,1.226
175.9,robot3,-2.727,1.226
175.9,robot1,-0.725992,38.2894
175.9,robot2,-1.72498,1.20024
175.9,robot1,-0.725992,38.2894
175.9,robot2,-1.72498,1.20024
175.9,robot3,-2.727,1.226
175.9,robot3,-2.727,1.226
175.9,robot1,-0.725992,38.2894
175.9,robot2,-1.72498,1.20024
175.9,robot2,-1.72498,1.20024
175.9,robot1,-0.725992,38.2894
175.9,robot3,-2.727,1.226
175.9,robot3,-2.727,1.226
175.9,robot1,-0.725992,38.2894
175.9,robot2,-1.72498,1.20024
175.9,robot2,-1.72498,1.20024
175.9,robot1,-0.725992,38.2894
175.9,robot3,-2.727,1.226
175.9,robot3,-2.72698,1.22681
175.9,robot1,-0.725992,38.2894
175.9,robot2,-1.72498,1.20024
175.9,robot2,-1.72498,1.20024
175.9,robot1,-0.725992,38.2894
175.9,robot3,-2.72698,1.22681
175.9,robot3,-2.72698,1.22681
175.9,robot1,-0.725992,38.2894
175.9,robot2,-1.72498,1.20024
175.9,robot2,-1.72498,1.20024
175.9,robot1,-0.725992,38.2894
175.9,robot3,-2.72698,1.22681
175.9,robot3,-2.72698,1.22681
175.9,robot1,-0.725992,38.2894
175.9,robot2,-1.72498,1.20024
175.9,robot2,-1.72498,1.20164
175.9,robot1,-0.725992,38.2894
175.9,robot3,-2.72698,1.22681
175.9,robot3,-2.72698,1.22681
175.9,robot1,-0.725992,38.2894
175.9,robot2,-1.72498,1.20164
175.9,robot2,-1.72498,1.20164
175.9,robot1,-0.725994,38.2894
175.9,robot3,-2.72698,1.22681
175.9,robot3,-2.72698,1.22681
175.9,robot1,-0.725994,38.2894
175.9,robot2,-1.72498,1.20164
175.9,robot2,-1.72498,1.20164
175.9,robot1,-0.725994,38.2894
175.9,robot3,-2.72698,1.22681
175.9,robot3,-2.72698,1.22681
175.9,robot1,-0.725994,38.2894
175.9,robot2,-1.72498,1.20164
175.9,robot2,-1.72498,1.20164
175.9,robot1,-0.725994,38.2894
175.9,robot3,-2.72698,1.22681
175.9,robot3,-2.72698,1.22681
175.9,robot1,-0.725994,38.2894
175.9,robot2,-1.72498,1.20164
175.9,robot2,-1.72498,1.20164
175.9,robot1,-0.725994,38.2894
176,robot3,-2.72698,1.22681
176,robot3,-2.72698,1.22681
176,robot1,-0.726006,38.2896
176,robot2,-1.725,1.20252
176,robot2,-1.725,1.20252
176,robot1,-0.726006,38.2896
176,robot3,-2.72699,1.2267
176,robot3,-2.72699,1.2267
176,robot1,-0.726006,38.2896
176,robot2,-1.725,1.20252
176,robot2,-1.725,1.20252
176,robot1,-0.726006,38.2896
176,robot3,-2.72699,1.2267
176,robot3,-2.72699,1.2267
176,robot1,-0.726006,38.2896
176,robot2,-1.725,1.20252
176,robot2,-1.725,1.20252
176,robot1,-0.726006,38.2896
176,robot3,-2.72699,1.2267
176,robot3,-2.72698,1.22758
176,robot1,-0.726006,38.2896
176,robot2,-1.725,1.20252
176,robot2,-1.725,1.20252
176,robot1,-0.726006,38.2896
176,robot3,-2.72698,1.22758
176,robot3,-2.72698,1.22758
176,robot1,-0.726006,38.2896
176,robot2,-1.725,1.20252
176,robot2,-1.725,1.20252
176,robot1,-0.726006,38.2896
176,robot3,-2.72698,1.22758
176,robot3,-2.72698,1.22758
176,robot1,-0.726006,38.2896
176,robot2,-1.725,1.20252
176,robot2,-1.725,1.20227
176,robot1,-0.726006,38.2896
176,robot3,-2.72698,1.22758
176,robot3,-2.72698,1.22758
176,robot1,-0.726006,38.2896
176,robot2,-1.725,1.20227
176,robot2,-1.725,1.20227
176,robot1,-0.72601,38.2895
176,robot3,-2.72698,1.22758
176,robot3,-2.72698,1.22758
176,robot1,-0.72601,38.2895
176,robot2,-1.725,1.20227
176,robot2,-1.725,1.20227
176,robot1,-0.72601,38.2895
176,robot3,-2.72698,1.22758
176,robot3,-2.72698,1.22758
176,robot1,-0.72601,38.2895
176,robot2,-1.725,1.20227
176,robot2,-1.725,1.20227
176,robot1,-0.72601,38.2895
176,robot3,-2.72698,1.22758
176,robot3,-2.72698,1.22758
176,robot1,-0.72601,38.2895
176,robot2,-1.725,1.20227
176,robot2,-1.725,1.20227
176,robot1,-0.72601,38.2895
176,robot3,-2.72698,1.22758
176.1,robot3,-2.72698,1.22758
176.1,robot1,-0.726018,38.2897
176.1,robot2,-1.725,1.20368
176.1,robot2,-1.725,1.20368
176.1,robot1,-0.726018,38.2897
176.1,robot3,-2.727,1.22785
176.1,robot3,-2.727,1.22785
176.1,robot1,-0.726018,38.2897
176.1,robot2,-1.725,1.20368
176.1,robot2,-1.725,1.20368
176.1,robot1,-0.726018,38.2897
176.1,robot3,-2.727,1.22785
176.1,robot3,-2.727,1.22785
176.1,robot1,-0.726018,38.2897
176.1,robot2,-1.725,1.20368
176.1,robot2,-1.725,1.20368
176.1,robot1,-0.726018,38.2897
176.1,robot3,-2.727,1.22785
176.1,robot3,-2.72698,1.22874
176.1,robot1,-0.726018,38.2897
176.1,robot2,-1.725,1.20368
176.1,robot2,-1.725,1.20368
176.1,robot1,-0.726018,38.2897
176.1,robot3,-2.72698,1.22874
176.1,robot3,-2.72698,1.22874
176.1,robot1,-0.726018,38.2897
176.1,robot2,-1.725,1.20368
176.1,robot2,-1.725,1.20368
176.1,robot1,-0.726018,38.2897
176.1,robot3,-2.72698,1.22874
176.1,robot3,-2.72698,1.22874
176.1,robot1,-0.726018,38.2897
176.1,robot2,-1.725,1.20368
176.1,robot2,-1.72501,1.20296
176.1,robot1,-0.726018,38.2897
176.1,robot3,-2.72698,1.22874
176.1,robot3,-2.72698,1.22874
176.1,robot1,-0.726018,38.2897
176.1,robot2,-1.72501,1.20296
176.1,robot2,-1.72501,1.20296
176.1,robot1,-0.726023,38.2898
176.1,robot3,-2.72698,1.22874
176.1,robot3,-2.72698,1.22874
176.1,robot1,-0.726023,38.2898
176.1,robot2,-1.72501,1.20296
176.1,robot2,-1.72501,1.20296
176.1,robot1,-0.726023,38.2898
176.1,robot3,-2.72698,1.22874
176.1,robot3,-2.72698,1.22874
176.1,robot1,-0.726023,38.2898
176.1,robot2,-1.72501,1.20296
176.1,robot2,-1.72501,1.20296
176.1,robot1,-0.726023,38.2898
176.1,robot3,-2.72698,1.22874
176.1,robot3,-2.72698,1.22874
176.1,robot1,-0.726023,38.2898
176.1,robot2,-1.72501,1.20296
176.1,robot2,-1.72501,1.20296
176.1,robot1,-0.726023,38.2898
176.1,robot3,-2.72698,1.22874
176.1,robot3,-2.72698,1.22874
176.2,robot1,-0.726002,38.2897
176.2,robot2,-1.72499,1.20521
176.2,robot2,-1.72499,1.20521
176.2,robot1,-0.726002,38.2897
176.2,robot3,-2.727,1.22858
176.2,robot3,-2.727,1.22858
176.2,robot1,-0.726002,38.2897
176.2,robot2,-1.72499,1.20521
176.2,robot2,-1.72499,1.20521
176.2,robot1,-0.726002,38.2897
176.2,robot3,-2.727,1.22858
176.2,robot3,-2.727,1.22858
176.2,robot1,-0.726002,38.2897
176.2,robot2,-1.72499,1.20521
176.2,robot2,-1.72499,1.20521
176.2,robot1,-0.726002,38.2897
176.2,robot3,-2.727,1.22858
176.2,robot3,-2.72698,1.22945
176.2,robot1,-0.726002,38.2897
176.2,robot2,-1.72499,1.20521
176.2,robot2,-1.72499,1.20521
176.2,robot1,-0.726002,38.2897
176.2,robot3,-2.72698,1.22945
176.2,robot3,-2.72698,1.22945
176.2,robot1,-0.726002,38.2897
176.2,robot2,-1.72499,1.20521
176.2,robot2,-1.72499,1.20521
176.2,robot1,-0.726002,38.2897
176.2,robot3,-2.72698,1.22945
176.2,robot3,-2.72698,1.22945
176.2,robot1,-0.726002,38.2897
176.2,robot2,-1.72499,1.20521
176.2,robot2,-1.72499,1.20507
176.2,robot1,-0.726002,38.2897
176.2,robot3,-2.72698,1.22945
176.2,robot3,-2.72698,1.22945
176.2,robot1,-0.726002,38.2897
176.2,robot2,-1.72499,1.20507
176.2,robot2,-1.72499,1.20507
176.2,robot1,-0.726004,38.2897
176.2,robot3,-2.72698,1.22945
176.2,robot3,-2.72698,1.22945
176.2,robot1,-0.726004,38.2897
176.2,robot2,-1.72499,1.20507
176.2,robot2,-1.72499,1.20507
176.2,robot1,-0.726004,38.2897
176.2,robot3,-2.72698,1.22945
176.2,robot3,-2.72698,1.22945
176.2,robot1,-0.726004,38.2897
176.2,robot2,-1.72499,1.20507
176.2,robot2,-1.72499,1.20507
176.2,robot1,-0.726004,38.2897
176.2,robot3,-2.72698,1.22945
176.2,robot3,-2.72698,1.22945
176.2,robot1,-0.726004,38.2897
176.2,robot2,-1.72499,1.20507
176.2,robot2,-1.72499,1.20507
176.2,robot1,-0.726004,38.2897
176.2,robot3,-2.72698,1.22945
176.2,robot3,-2.72698,1.22945
176.3,robot1,-0.726001,38.2896
176.3,robot2,-1.72499,1.2034
176.3,robot2,-1.72499,1.2034
176.3,robot1,-0.726001,38.2896
176.3,robot3,-2.727,1.22949
176.3,robot3,-2.727,1.22949
176.3,robot1,-0.726001,38.2896
176.3,robot2,-1.72499,1.2034
176.3,robot2,-1.72499,1.2034
176.3,robot1,-0.726001,38.2896
176.3,robot3,-2.727,1.22949
176.3,robot3,-2.727,1.22949
176.3,robot1,-0.726001,38.2896
176.3,robot2,-1.72499,1.2034
176.3,robot2,-1.72499,1.2034
176.3,robot1,-0.726001,38.2896
176.3,robot3,-2.727,1.22949
176.3,robot3,-2.72699,1.2304
176.3,robot1,-0.726001,38.2896
176.3,robot2,-1.72499,1.2034
176.3,robot2,-1.72499,1.2034
176.3,robot1,-0.726001,38.2896
176.3,robot3,-2.72699,1.2304
176.3,robot3,-2.72699,1.2304
176.3,robot1,-0.726001,38.2896
176.3,robot2,-1.72499,1.2034
176.3,robot2,-1.72499,1.2034
176.3,robot1,-0.726001,38.2896
176.3,robot3,-2.72699,1.2304
176.3,robot3,-2.72699,1.2304
176.3,robot1,-0.726001,38.2896
176.3,robot2,-1.72499,1.2034
176.3,robot2,-1.72499,1.20373
176.3,robot1,-0.726001,38.2896
176.3,robot3,-2.72699,1.2304
176.3,robot3,-2.72699,1.2304
176.3,robot1,-0.726001,38.2896
176.3,robot2,-1.72499,1.20373
176.3,robot2,-1.72499,1.20373
176.3,robot1,-0.726002,38.2896
176.3,robot3,-2.72699,1.2304
176.3,robot3,-2.72699,1.2304
176.3,robot1,-0.726002,38.2896
176.3,robot2,-1.72499,1.20373
176.3,robot2,-1.72499,1.20373
176.3,robot1,-0.726002,38.2896
176.3,robot3,-2.72699,1.2304
176.3,robot3,-2.72699,1.2304
176.3,robot1,-0.726002,38.2896
176.3,robot2,-1.72499,1.20373
176.3,robot2,-1.72499,1.20373
176.3,robot1,-0.726002,38.2896
176.3,robot3,-2.72699,1.2304
176.3,robot3,-2.72699,1.2304
176.3,robot1,-0.726002,38.2896
176.3,robot2,-1.72499,1.20373
176.3,robot2,-1.72499,1.20373
176.3,robot1,-0.726002,38.2896
176.3,robot3,-2.72699,1.2304
176.3,robot3,-2.72699,1.2304
176.4,robot1,-0.726,38.2896
176.4,robot2,-1.725,1.20138
176.4,robot2,-1.725,1.20138
176.4,robot1,-0.726,38.2896
176.4,robot3,-2.727,1.23015
176.4,robot3,-2.727,1.23015
176.4,robot1,-0.726,38.2896
176.4,robot2,-1.725,1.20138
176.4,robot2,-1.725,1.20138
176.4,robot1,-0.726,38.2896
176.4,robot3,-2.727,1.23015
176.4,robot3,-2.727,1.23015
176.4,robot1,-0.726,38.2896
176.4,robot2,-1.725,1.20138
176.4,robot2,-1.725,1.20138
176.4,robot1,-0.726,38.2896
176.4,robot3,-2.727,1.23015
176.4,robot3,-2.72699,1.23101
176.4,robot1,-0.726,38.2896
176.4,robot2,-1.725,1.20138
176.4,robot2,-1.725,1.20138
176.4,robot1,-0.726,38.2896
176.4,robot3,-2.72699,1.23101
176.4,robot3,-2.72699,1.23101
176.4,robot1,-0.726,38.2896
176.4,robot2,-1.725,1.20138
176.4,robot2,-1.725,1.20138
176.4,robot1,-0.726,38.2896
176.4,robot3,-2.72699,1.23101
176.4,robot3,-2.72699,1.23101
176.4,robot1,-0.726,38.2896
176.4,robot2,-1.725,1.20138
176.4,robot2,-1.72501,1.20152
176.4,robot1,-0.726,38.2896
176.4,robot3,-2.72699,1.23101
176.4,robot3,-2.72699,1.23101
176.4,robot1,-0.726,38.2896
176.4,robot2,-1.72501,1.20152
176.4,robot2,-1.72501,1.20152
176.4,robot1,-0.726001,38.2896
176.4,robot3,-2.72699,1.23101
176.4,robot3,-2.72699,1.23101
176.4,robot1,-0.726001,38.2896
176.4,robot2,-1.72501,1.20152
176.4,robot2,-1.72501,1.20152
176.4,robot1,-0.726001,38.2896
176.4,robot3,-2.72699,1.23101
176.4,robot3,-2.72699,1.23101
176.4,robot1,-0.726001,38.2896
176.4,robot2,-1.72501,1.20152
176.4,robot2,-1.72501,1.20152
176.4,robot1,-0.726001,38.2896
176.4,robot3,-2.72699,1.23101
176.4,robot3,-2.72699,1.23101
176.4,robot1,-0.726001,38.2896
176.4,robot2,-1.72501,1.20152
176.4,robot2,-1.72501,1.20152
176.4,robot1,-0.726001,38.2896
176.4,robot3,-2.72699,1.23101
176.4,robot3,-2.72699,1.23101
176.5,robot1,-0.726,38.2896
176.5,robot2,-1.72501,1.20109
176.5,robot2,-1.72501,1.20109
176.5,robot1,-0.726,38.2896
176.5,robot3,-2.727,1.23098
176.5,robot3,-2.727,1.23098
176.5,robot1,-0.726,38.2896
176.5,robot2,-1.72501,1.20109
176.5,robot2,-1.72501,1.20109
176.5,robot1,-0.726,38.2896
176.5,robot3,-2.727,1.23098
176.5,robot3,-2.727,1.23098
176.5,robot1,-0.726,38.2896
176.5,robot2,-1.72501,1.20109
176.5,robot2,-1.72501,1.20109
176.5,robot1,-0.726,38.2896
176.5,robot3,-2.727,1.23098
176.5,robot3,-2.72699,1.23187
176.5,robot1,-0.726,38.2896
176.5,robot2,-1.72501,1.20109
176.5,robot2,-1.72501,1.20109
176.5,robot1,-0.726,38.2896
176.5,robot3,-2.72699,1.23187
176.5,robot3,-2.72699,1.23187
176.5,robot1,-0.726,38.2896
176.5,robot2,-1.72501,1.20109
176.5,robot2,-1.72501,1.20109
176.5,robot1,-0.726,38.2896
176.5,robot3,-2.72699,1.23187
176.5,robot3,-2.72699,1.23187
176.5,robot1,-0.726,38.2896
176.5,robot2,-1.72501,1.20109
176.5,robot2,-1.72501,1.2018
176.5,robot1,-0.726,38.2896
176.5,robot3,-2.72699,1.23187
176.5,robot3,-2.72699,1.23187
176.5,robot1,-0.726,38.2896
176.5,robot2,-1.72501,1.2018
176.5,robot2,-1.72501,1.2018
176.5,robot1,-0.726,38.2896
176.5,robot3,-2.72699,1.23187
176.5,robot3,-2.72699,1.23187
176.5,robot1,-0.726,38.2896
176.5,robot2,-1.72501,1.2018
176.5,robot1,-0.726,38.2896
176.5,robot2,-1.72501,1.2018
176.5,robot3,-2.72699,1.23187
176.5,robot3,-2.72699,1.23187
176.5,robot1,-0.726,38.2896
176.5,robot2,-1.72501,1.2018
176.5,robot2,-1.72501,1.2018
176.5,robot1,-0.726,38.2896
176.5,robot3,-2.72699,1.23187
176.5,robot3,-2.72699,1.23187
176.5,robot1,-0.726,38.2896
176.5,robot2,-1.72501,1.2018
176.5,robot2,-1.72501,1.2018
176.5,robot1,-0.726,38.2896
176.5,robot3,-2.72699,1.23187
176.5,robot3,-2.72699,1.23187
176.6,robot1,-0.726,38.2895
176.6,robot2,-1.725,1.20284
176.6,robot2,-1.725,1.20284
176.6,robot1,-0.726,38.2895
176.6,robot3,-2.72702,1.23303
176.6,robot3,-2.72702,1.23303
176.6,robot1,-0.726,38.2895
176.6,robot2,-1.725,1.20284
176.6,robot2,-1.725,1.20284
176.6,robot1,-0.726,38.2895
176.6,robot3,-2.72702,1.23303
176.6,robot3,-2.72702,1.23303
176.6,robot1,-0.726,38.2895
176.6,robot2,-1.725,1.20284
176.6,robot2,-1.725,1.20284
176.6,robot1,-0.726,38.2895
176.6,robot3,-2.72702,1.23303
176.6,robot3,-2.72702,1.23322
176.6,robot1,-0.726,38.2895
176.6,robot2,-1.725,1.20284
176.6,robot2,-1.725,1.20284
176.6,robot1,-0.726,38.2895
176.6,robot3,-2.72702,1.23322
176.6,robot3,-2.72702,1.23322
176.6,robot1,-0.726,38.2895
176.6,robot2,-1.725,1.20284
176.6,robot2,-1.725,1.20284
176.6,robot1,-0.726,38.2895
176.6,robot3,-2.72702,1.23322
176.6,robot3,-2.72702,1.23322
176.6,robot1,-0.726,38.2895
176.6,robot2,-1.725,1.20284
176.6,robot2,-1.725,1.20264
176.6,robot1,-0.726,38.2895
176.6,robot3,-2.72702,1.23322
176.6,robot3,-2.72702,1.23322
176.6,robot1,-0.726,38.2895
176.6,robot2,-1.725,1.20264
176.6,robot2,-1.725,1.20264
176.6,robot1,-0.726,38.2895
176.6,robot3,-2.72702,1.23322
176.6,robot3,-2.72702,1.23322
176.6,robot1,-0.726,38.2895
176.6,robot2,-1.725,1.20264
176.6,robot2,-1.725,1.20264
176.6,robot1,-0.726,38.2895
176.6,robot3,-2.72702,1.23322
176.6,robot3,-2.72702,1.23322
176.6,robot1,-0.726,38.2895
176.6,robot2,-1.725,1.20264
176.6,robot2,-1.725,1.20264
176.6,robot1,-0.726,38.2895
176.6,robot3,-2.72702,1.23322
176.6,robot3,-2.72702,1.23322
176.6,robot1,-0.726,38.2895
176.6,robot2,-1.725,1.20264
176.6,robot2,-1.725,1.20264
176.6,robot1,-0.726,38.2895
176.6,robot3,-2.72702,1.23322
176.6,robot3,-2.72702,1.23322
176.7,robot1,-0.726,38.2895
176.7,robot2,-1.725,1.20291
176.7,robot2,-1.725,1.20291
176.7,robot1,-0.726,38.2895
176.7,robot3,-2.72701,1.23184
176.7,robot3,-2.72701,1.23184
176.7,robot1,-0.726,38.2895
176.7,robot2,-1.725,1.20291
176.7,robot2,-1.725,1.20291
176.7,robot1,-0.726,38.2895
176.7,robot3,-2.72701,1.23184
176.7,robot3,-2.72701,1.23184
176.7,robot1,-0.726,38.2895
176.7,robot2,-1.725,1.20291
176.7,robot2,-1.725,1.20291
176.7,robot1,-0.726,38.2895
176.7,robot3,-2.72701,1.23184
176.7,robot3,-2.72701,1.23355
176.7,robot1,-0.726,38.2895
176.7,robot2,-1.725,1.20291
176.7,robot2,-1.725,1.20291
176.7,robot1,-0.726,38.2895
176.7,robot3,-2.72701,1.23355
176.7,robot3,-2.72701,1.23355
176.7,robot1,-0.726,38.2895
176.7,robot2,-1.725,1.20291
176.7,robot2,-1.725,1.20291
176.7,robot1,-0.726,38.2895
176.7,robot3,-2.72701,1.23355
176.7,robot3,-2.72701,1.23355
176.7,robot1,-0.726,38.2895
176.7,robot2,-1.725,1.20291
176.7,robot2,-1.725,1.20362
176.7,robot1,-0.726,38.2895
176.7,robot3,-2.72701,1.23355
176.7,robot3,-2.72701,1.23355
176.7,robot1,-0.726,38.2895
176.7,robot2,-1.725,1.20362
176.7,robot2,-1.725,1.20362
176.7,robot1,-0.726,38.2895
176.7,robot3,-2.72701,1.23355
176.7,robot3,-2.72701,1.23355
176.7,robot1,-0.726,38.2895
176.7,robot2,-1.725,1.20362
176.7,robot2,-1.725,1.20362
176.7,robot1,-0.726,38.2895
176.7,robot3,-2.72701,1.23355
176.7,robot3,-2.72701,1.23355
176.7,robot1,-0.726,38.2895
176.7,robot2,-1.725,1.20362
176.7,robot2,-1.725,1.20362
176.7,robot1,-0.726,38.2895
176.7,robot3,-2.72701,1.23355
176.7,robot3,-2.72701,1.23355
176.7,robot1,-0.726,38.2895
176.7,robot2,-1.725,1.20362
176.7,robot2,-1.725,1.20362
176.7,robot1,-0.726,38.2895
176.7,robot3,-2.72701,1.23355
176.7,robot3,-2.72701,1.23355
176.7,robot1,-0.726,38.2895
176.8,robot2,-1.725,1.20362
176.8,robot2,-1.725,1.20362
176.8,robot1,-0.726,38.2895
176.8,robot3,-2.727,1.23366
176.8,robot3,-2.727,1.23366
176.8,robot1,-0.726,38.2895
176.8,robot2,-1.725,1.20405
176.8,robot2,-1.725,1.20405
176.8,robot1,-0.726,38.2895
176.8,robot3,-2.727,1.23366
176.8,robot3,-2.727,1.23366
176.8,robot1,-0.726,38.2895
176.8,robot2,-1.725,1.20405
176.8,robot2,-1.725,1.20405
176.8,robot1,-0.726,38.2895
176.8,robot3,-2.727,1.23366
176.8,robot3,-2.727,1.23324
176.8,robot1,-0.726,38.2895
176.8,robot2,-1.725,1.20405
176.8,robot2,-1.725,1.20405
176.8,robot1,-0.726,38.2895
176.8,robot3,-2.727,1.23324
176.8,robot3,-2.727,1.23324
176.8,robot1,-0.726,38.2895
176.8,robot2,-1.725,1.20405
176.8,robot2,-1.725,1.20405
176.8,robot1,-0.726,38.2895
176.8,robot3,-2.727,1.23324
176.8,robot3,-2.727,1.23324
176.8,robot1,-0.726,38.2895
176.8,robot2,-1.725,1.20405
176.8,robot2,-1.725,1.20351
176.8,robot1,-0.726,38.2895
176.8,robot3,-2.727,1.23324
176.8,robot3,-2.727,1.23324
176.8,robot1,-0.726,38.2895
176.8,robot2,-1.725,1.20351
176.8,robot2,-1.725,1.20351
176.8,robot1,-0.726,38.2895
176.8,robot3,-2.727,1.23324
176.8,robot3,-2.727,1.23324
176.8,robot1,-0.726,38.2895
176.8,robot2,-1.725,1.20351
176.8,robot2,-1.725,1.20351
176.8,robot1,-0.726,38.2895
176.8,robot3,-2.727,1.23324
176.8,robot3,-2.727,1.23324
176.8,robot1,-0.726,38.2895
176.8,robot2,-1.725,1.20351
176.8,robot2,-1.725,1.20351
176.8,robot1,-0.726,38.2895
176.8,robot3,-2.727,1.23324
176.8,robot3,-2.727,1.23324
176.8,robot1,-0.726,38.2895
176.8,robot2,-1.725,1.20351
176.8,robot2,-1.725,1.20351
176.8,robot1,-0.726,38.2895
176.8,robot3,-2.727,1.23324
176.8,robot3,-2.727,1.23324
176.9,robot1,-0.726,38.2895
176.9,robot2,-1.725,1.20351
176.9,robot2,-1.725,1.20351
176.9,robot1,-0.726,38.2895
176.9,robot3,-2.72699,1.2383
176.9,robot3,-2.72699,1.2383
176.9,robot1,-0.726,38.2895
176.9,robot2,-1.725,1.20292
176.9,robot2,-1.725,1.20292
176.9,robot1,-0.726,38.2895
176.9,robot3,-2.72699,1.2383
176.9,robot3,-2.72699,1.2383
176.9,robot1,-0.726,38.2895
176.9,robot2,-1.725,1.20292
176.9,robot2,-1.725,1.20292
176.9,robot1,-0.726,38.2895
176.9,robot3,-2.72699,1.2383
176.9,robot3,-2.72699,1.23721
176.9,robot1,-0.726,38.2895
176.9,robot2,-1.725,1.20292
176.9,robot2,-1.725,1.20292
176.9,robot1,-0.726,38.2895
176.9,robot3,-2.72699,1.23721
176.9,robot3,-2.72699,1.23721
176.9,robot1,-0.726,38.2895
176.9,robot2,-1.725,1.20292
176.9,robot2,-1.725,1.20292
176.9,robot1,-0.726,38.2895
176.9,robot3,-2.72699,1.23721
176.9,robot3,-2.72699,1.23721
176.9,robot1,-0.726,38.2895
176.9,robot2,-1.725,1.20292
176.9,robot2,-1.72501,1.2015
176.9,robot1,-0.726,38.2895
176.9,robot3,-2.72699,1.23721
176.9,robot3,-2.72699,1.23721
176.9,robot1,-0.726,38.2895
176.9,robot2,-1.72501,1.2015
176.9,robot2,-1.72501,1.2015
176.9,robot1,-0.726,38.2895
176.9,robot3,-2.72699,1.23721
176.9,robot3,-2.72699,1.23721
176.9,robot1,-0.726,38.2895
176.9,robot2,-1.72501,1.2015
176.9,robot2,-1.72501,1.2015
176.9,robot1,-0.726,38.2895
176.9,robot3,-2.72699,1.23721
176.9,robot3,-2.72699,1.23721
176.9,robot1,-0.726,38.2895
176.9,robot2,-1.72501,1.2015
176.9,robot2,-1.72501,1.2015
176.9,robot1,-0.726,38.2895
176.9,robot3,-2.72699,1.23721
176.9,robot3,-2.72699,1.23721
176.9,robot1,-0.726,38.2895
176.9,robot2,-1.72501,1.2015
176.9,robot2,-1.72501,1.2015
176.9,robot1,-0.726,38.2895
176.9,robot3,-2.72699,1.23721
176.9,robot3,-2.72699,1.23721
176.9,robot1,-0.726,38.2895
177,robot2,-1.72501,1.2015
177,robot2,-1.72501,1.2015
177,robot1,-0.726,38.2895
177,robot3,-2.72698,1.2359
177,robot3,-2.72698,1.2359
177,robot1,-0.726,38.2895
177,robot2,-1.72499,1.20606
177,robot2,-1.72499,1.20606
177,robot1,-0.726,38.2895
177,robot3,-2.72698,1.2359
177,robot3,-2.72698,1.2359
177,robot1,-0.726,38.2895
177,robot2,-1.72499,1.20606
177,robot2,-1.72499,1.20606
177,robot1,-0.726,38.2895
177,robot3,-2.72698,1.2359
177,robot3,-2.72699,1.23603
177,robot1,-0.726,38.2895
177,robot2,-1.72499,1.20606
177,robot2,-1.72499,1.20606
177,robot1,-0.726,38.2895
177,robot3,-2.72699,1.23603
177,robot3,-2.72699,1.23603
177,robot1,-0.726,38.2895
177,robot2,-1.72499,1.20606
177,robot2,-1.72499,1.20606
177,robot1,-0.726,38.2895
177,robot3,-2.72699,1.23603
177,robot3,-2.72699,1.23603
177,robot1,-0.726,38.2895
177,robot2,-1.72499,1.20606
177,robot2,-1.725,1.20539
177,robot1,-0.726,38.2895
177,robot3,-2.72699,1.23603
177,robot3,-2.72699,1.23603
177,robot1,-0.726,38.2895
177,robot2,-1.725,1.20539
177,robot2,-1.725,1.20539
177,robot1,-0.726,38.2895
177,robot3,-2.72699,1.23603
177,robot3,-2.72699,1.23603
177,robot1,-0.726,38.2895
177,robot2,-1.725,1.20539
177,robot2,-1.725,1.20539
177,robot1,-0.726,38.2895
177,robot3,-2.72699,1.23603
177,robot3,-2.72699,1.23603
177,robot1,-0.726,38.2895
177,robot2,-1.725,1.20539
177,robot2,-1.725,1.20539
177,robot1,-0.726,38.2895
177,robot3,-2.72699,1.23603
177,robot3,-2.72699,1.23603
177,robot1,-0.726,38.2895
177,robot2,-1.725,1.20539
177,robot2,-1.725,1.20539
177,robot1,-0.726,38.2895
177,robot3,-2.72699,1.23603
177,robot3,-2.72699,1.23603
177,robot1,-0.726,38.2895
177,robot2,-1.725,1.20539
177.1,robot2,-1.725,1.20539
177.1,robot1,-0.726,38.2895
177.1,robot3,-2.72699,1.23494
177.1,robot3,-2.72699,1.23494
177.1,robot1,-0.726,38.2895
177.1,robot2,-1.725,1.20344
177.1,robot2,-1.725,1.20344
177.1,robot1,-0.726,38.2895
177.1,robot3,-2.72699,1.23494
177.1,robot3,-2.72699,1.23494
177.1,robot1,-0.726,38.2895
177.1,robot2,-1.725,1.20344
177.1,robot2,-1.725,1.20344
177.1,robot1,-0.726,38.2895
177.1,robot3,-2.72699,1.23494
177.1,robot3,-2.727,1.23459
177.1,robot1,-0.726,38.2895
177.1,robot2,-1.725,1.20344
177.1,robot2,-1.725,1.20344
177.1,robot1,-0.726,38.2895
177.1,robot3,-2.727,1.23459
177.1,robot3,-2.727,1.23459
177.1,robot1,-0.726,38.2895
177.1,robot2,-1.725,1.20344
177.1,robot2,-1.725,1.20344
177.1,robot1,-0.726,38.2895
177.1,robot3,-2.727,1.23459
177.1,robot3,-2.727,1.23459
177.1,robot1,-0.726,38.2895
177.1,robot2,-1.725,1.20344
177.1,robot2,-1.72501,1.20241
177.1,robot1,-0.726,38.2895
177.1,robot3,-2.727,1.23459
177.1,robot3,-2.727,1.23459
177.1,robot1,-0.726,38.2895
177.1,robot2,-1.72501,1.20241
177.1,robot2,-1.72501,1.20241
177.1,robot1,-0.726,38.2895
177.1,robot3,-2.727,1.23459
177.1,robot3,-2.727,1.23459
177.1,robot1,-0.726,38.2895
177.1,robot2,-1.72501,1.20241
177.1,robot2,-1.72501,1.20241
177.1,robot1,-0.726,38.2895
177.1,robot3,-2.727,1.23459
177.1,robot3,-2.727,1.23459
177.1,robot1,-0.726,38.2895
177.1,robot2,-1.72501,1.20241
177.1,robot2,-1.72501,1.20241
177.1,robot1,-0.726,38.2895
177.1,robot3,-2.727,1.23459
177.1,robot3,-2.727,1.23459
177.1,robot1,-0.726,38.2895
177.1,robot2,-1.72501,1.20241
177.1,robot2,-1.72501,1.20241
177.1,robot1,-0.726,38.2895
177.1,robot3,-2.727,1.23459
177.1,robot3,-2.727,1.23459
177.1,robot1,-0.726,38.2895
177.1,robot2,-1.72501,1.20241
177.1,robot2,-1.72501,1.20241
177.1,robot1,-0.726,38.2895
177.2,robot3,-2.727,1.23278
177.2,robot3,-2.727,1.23278
177.2,robot1,-0.726,38.2895
177.2,robot2,-1.72501,1.20266
177.2,robot2,-1.72501,1.20266
177.2,robot1,-0.726,38.2895
177.2,robot3,-2.727,1.23278
177.2,robot3,-2.727,1.23278
177.2,robot1,-0.726,38.2895
177.2,robot2,-1.72501,1.20266
177.2,robot2,-1.72501,1.20266
177.2,robot1,-0.726,38.2895
177.2,robot3,-2.727,1.23278
177.2,robot3,-2.72701,1.23412
177.2,robot1,-0.726,38.2895
177.2,robot2,-1.72501,1.20266
177.2,robot2,-1.72501,1.20266
177.2,robot1,-0.726,38.2895
177.2,robot3,-2.72701,1.23412
177.2,robot3,-2.72701,1.23412
177.2,robot1,-0.726,38.2895
177.2,robot2,-1.72501,1.20266
177.2,robot2,-1.72501,1.20266
177.2,robot1,-0.726,38.2895
177.2,robot3,-2.72701,1.23412
177.2,robot3,-2.72701,1.23412
177.2,robot1,-0.726,38.2895
177.2,robot2,-1.72501,1.20266
177.2,robot2,-1.72501,1.20172
177.2,robot1,-0.726,38.2895
177.2,robot3,-2.72701,1.23412
177.2,robot3,-2.72701,1.23412
177.2,robot1,-0.726,38.2895
177.2,robot2,-1.72501,1.20172
177.2,robot2,-1.72501,1.20172
177.2,robot1,-0.726,38.2895
177.2,robot3,-2.72701,1.23412
177.2,robot3,-2.72701,1.23412
177.2,robot1,-0.726,38.2895
177.2,robot2,-1.72501,1.20172
177.2,robot2,-1.72501,1.20172
177.2,robot1,-0.726,38.2895
177.2,robot3,-2.72701,1.23412
177.2,robot3,-2.72701,1.23412
177.2,robot1,-0.726,38.2895
177.2,robot2,-1.72501,1.20172
177.2,robot2,-1.72501,1.20172
177.2,robot1,-0.726,38.2895
177.2,robot3,-2.72701,1.23412
177.2,robot3,-2.72701,1.23412
177.2,robot1,-0.726,38.2895
177.2,robot2,-1.72501,1.20172
177.2,robot2,-1.72501,1.20172
177.2,robot1,-0.726,38.2895
177.2,robot3,-2.72701,1.23412
177.2,robot3,-2.72701,1.23412
177.2,robot1,-0.726,38.2895
177.2,robot2,-1.72501,1.20172
177.2,robot2,-1.72501,1.20172
177.2,robot1,-0.726,38.2895
177.3,robot3,-2.72698,1.23585
177.3,robot3,-2.72698,1.23585
177.3,robot1,-0.726,38.2895
177.3,robot2,-1.72498,1.20254
177.3,robot2,-1.72498,1.20254
177.3,robot1,-0.726,38.2895
177.3,robot3,-2.72698,1.23585
177.3,robot3,-2.72698,1.23585
177.3,robot1,-0.726,38.2895
177.3,robot2,-1.72498,1.20254
177.3,robot2,-1.72498,1.20254
177.3,robot1,-0.726,38.2895
177.3,robot3,-2.72698,1.23585
177.3,robot3,-2.72699,1.23488
177.3,robot1,-0.726,38.2895
177.3,robot2,-1.72498,1.20254
177.3,robot2,-1.72498,1.20254
177.3,robot1,-0.726,38.2895
177.3,robot3,-2.72699,1.23488
177.3,robot3,-2.72699,1.23488
177.3,robot1,-0.726,38.2895
177.3,robot2,-1.72498,1.20254
177.3,robot2,-1.72498,1.20254
177.3,robot1,-0.726,38.2895
177.3,robot3,-2.72699,1.23488
177.3,robot3,-2.72699,1.23488
177.3,robot1,-0.726,38.2895
177.3,robot2,-1.72498,1.20254
177.3,robot2,-1.72499,1.20278
177.3,robot1,-0.726,38.2895
177.3,robot3,-2.72699,1.23488
177.3,robot3,-2.72699,1.23488
177.3,robot1,-0.726,38.2895
177.3,robot2,-1.72499,1.20278
177.3,robot2,-1.72499,1.20278
177.3,robot1,-0.726,38.2895
177.3,robot3,-2.72699,1.23488
177.3,robot3,-2.72699,1.23488
177.3,robot1,-0.726,38.2895
177.3,robot2,-1.72499,1.20278
177.3,robot2,-1.72499,1.20278
177.3,robot1,-0.726,38.2895
177.3,robot3,-2.72699,1.23488
177.3,robot3,-2.72699,1.23488
177.3,robot1,-0.726,38.2895
177.3,robot2,-1.72499,1.20278
177.3,robot2,-1.72499,1.20278
177.3,robot1,-0.726,38.2895
177.3,robot3,-2.72699,1.23488
177.3,robot3,-2.72699,1.23488
177.3,robot2,-1.72499,1.20278
177.3,robot1,-0.726,38.2895
177.3,robot2,-1.72499,1.20278
177.3,robot1,-0.726,38.2895
177.3,robot3,-2.72699,1.23488
177.3,robot3,-2.72699,1.23488
177.3,robot1,-0.726,38.2895
177.3,robot2,-1.72499,1.20278
177.3,robot2,-1.72499,1.20278
177.3,robot1,-0.726,38.2895
177.3,robot3,-2.72699,1.23488
177.4,robot3,-2.72699,1.23488
177.4,robot1,-0.726,38.2895
177.4,robot2,-1.72498,1.2025
177.4,robot2,-1.72498,1.2025
177.4,robot1,-0.726,38.2895
177.4,robot3,-2.72701,1.23587
177.4,robot3,-2.72701,1.23587
177.4,robot1,-0.726,38.2895
177.4,robot2,-1.72498,1.2025
177.4,robot2,-1.72498,1.2025
177.4,robot1,-0.726,38.2895
177.4,robot3,-2.72701,1.23587
177.4,robot3,-2.72702,1.23607
177.4,robot1,-0.726,38.2895
177.4,robot2,-1.72498,1.2025
177.4,robot2,-1.72498,1.2025
177.4,robot1,-0.726,38.2895
177.4,robot3,-2.72702,1.23607
177.4,robot3,-2.72702,1.23607
177.4,robot1,-0.726,38.2895
177.4,robot2,-1.72498,1.2025
177.4,robot2,-1.72498,1.2025
177.4,robot1,-0.726,38.2895
177.4,robot3,-2.72702,1.23607
177.4,robot3,-2.72702,1.23607
177.4,robot1,-0.726,38.2895
177.4,robot2,-1.72498,1.2025
177.4,robot2,-1.72498,1.20115
177.4,robot1,-0.726,38.2895
177.4,robot3,-2.72702,1.23607
177.4,robot3,-2.72702,1.23607
177.4,robot1,-0.726,38.2895
177.4,robot2,-1.72498,1.20115
177.4,robot2,-1.72498,1.20115
177.4,robot1,-0.726,38.2895
177.4,robot3,-2.72702,1.23607
177.4,robot3,-2.72702,1.23607
177.4,robot1,-0.726,38.2895
177.4,robot2,-1.72498,1.20115
177.4,robot2,-1.72498,1.20115
177.4,robot1,-0.726,38.2895
177.4,robot3,-2.72702,1.23607
177.4,robot3,-2.72702,1.23607
177.4,robot1,-0.726,38.2895
177.4,robot2,-1.72498,1.20115
177.4,robot2,-1.72498,1.20115
177.4,robot1,-0.726,38.2895
177.4,robot3,-2.72702,1.23607
177.4,robot3,-2.72702,1.23607
177.4,robot1,-0.726,38.2895
177.4,robot2,-1.72498,1.20115
177.4,robot2,-1.72498,1.20115
177.4,robot1,-0.726,38.2895
177.4,robot3,-2.72702,1.23607
177.4,robot3,-2.72702,1.23607
177.4,robot1,-0.726,38.2895
177.4,robot2,-1.72498,1.20115
177.4,robot2,-1.72498,1.20115
177.4,robot1,-0.726,38.2895
177.4,robot3,-2.72702,1.23607
177.4,robot3,-2.72702,1.23607
177.5,robot1,-0.726,38.2895
177.5,robot2,-1.72498,1.20138
177.5,robot2,-1.72498,1.20138
177.5,robot1,-0.726,38.2895
177.5,robot3,-2.727,1.23763
177.5,robot3,-2.727,1.23763
177.5,robot1,-0.726,38.2895
177.5,robot2,-1.72498,1.20138
177.5,robot2,-1.72498,1.20138
177.5,robot1,-0.726,38.2895
177.5,robot3,-2.727,1.23763
177.5,robot3,-2.72701,1.23638
177.5,robot1,-0.726,38.2895
177.5,robot2,-1.72498,1.20138
177.5,robot2,-1.72498,1.20138
177.5,robot1,-0.726,38.2895
177.5,robot3,-2.72701,1.23638
177.5,robot3,-2.72701,1.23638
177.5,robot1,-0.726,38.2895
177.5,robot2,-1.72498,1.20138
177.5,robot2,-1.72498,1.20138
177.5,robot1,-0.726,38.2895
177.5,robot3,-2.72701,1.23638
177.5,robot3,-2.72701,1.23638
177.5,robot1,-0.726,38.2895
177.5,robot2,-1.72498,1.20138
177.5,robot2,-1.72499,1.19982
177.5,robot1,-0.726,38.2895
177.5,robot3,-2.72701,1.23638
177.5,robot3,-2.72701,1.23638
177.5,robot1,-0.726,38.2895
177.5,robot2,-1.72499,1.19982
177.5,robot2,-1.72499,1.19982
177.5,robot1,-0.726,38.2895
177.5,robot3,-2.72701,1.23638
177.5,robot3,-2.72701,1.23638
177.5,robot1,-0.726,38.2895
177.5,robot2,-1.72499,1.19982
177.5,robot2,-1.72499,1.19982
177.5,robot1,-0.726,38.2895
177.5,robot3,-2.72701,1.23638
177.5,robot3,-2.72701,1.23638
177.5,robot1,-0.726,38.2895
177.5,robot2,-1.72499,1.19982
177.5,robot2,-1.72499,1.19982
177.5,robot1,-0.726,38.2895
177.5,robot3,-2.72701,1.23638
177.5,robot3,-2.72701,1.23638
177.5,robot1,-0.726,38.2895
177.5,robot2,-1.72499,1.19982
177.5,robot2,-1.72499,1.19982
177.5,robot1,-0.726,38.2895
177.5,robot3,-2.72701,1.23638
177.5,robot3,-2.72701,1.23638
177.5,robot1,-0.726,38.2895
177.5,robot2,-1.72499,1.19982
177.5,robot2,-1.72499,1.19982
177.5,robot1,-0.726,38.2895
177.5,robot3,-2.72701,1.23638
177.5,robot3,-2.72701,1.23638
177.6,robot1,-0.726,38.2895
177.6,robot2,-1.72499,1.19916
177.6,robot2,-1.72499,1.19916
177.6,robot1,-0.726,38.2895
177.6,robot3,-2.72699,1.23589
177.6,robot3,-2.72699,1.23589
177.6,robot1,-0.726,38.2895
177.6,robot2,-1.72499,1.19916
177.6,robot2,-1.72499,1.19916
177.6,robot1,-0.726,38.2895
177.6,robot3,-2.72699,1.23589
177.6,robot3,-2.72699,1.23562
177.6,robot1,-0.726,38.2895
177.6,robot2,-1.72499,1.19916
177.6,robot2,-1.72499,1.19916
177.6,robot1,-0.726,38.2895
177.6,robot3,-2.72699,1.23562
177.6,robot3,-2.72699,1.23562
177.6,robot1,-0.726,38.2895
177.6,robot2,-1.72499,1.19916
177.6,robot2,-1.72499,1.19916
177.6,robot1,-0.726,38.2895
177.6,robot3,-2.72699,1.23562
177.6,robot3,-2.72699,1.23562
177.6,robot1,-0.726,38.2895
177.6,robot2,-1.72499,1.19916
177.6,robot2,-1.72499,1.19984
177.6,robot1,-0.726,38.2895
177.6,robot3,-2.72699,1.23562
177.6,robot3,-2.72699,1.23562
177.6,robot1,-0.726,38.2895
177.6,robot2,-1.72499,1.19984
177.6,robot2,-1.72499,1.19984
177.6,robot1,-0.726,38.2895
177.6,robot3,-2.72699,1.23562
177.6,robot3,-2.72699,1.23562
177.6,robot1,-0.726,38.2895
177.6,robot2,-1.72499,1.19984
177.6,robot2,-1.72499,1.19984
177.6,robot1,-0.726,38.2895
177.6,robot3,-2.72699,1.23562
177.6,robot3,-2.72699,1.23562
177.6,robot1,-0.726,38.2895
177.6,robot2,-1.72499,1.19984
177.6,robot2,-1.72499,1.19984
177.6,robot1,-0.726,38.2895
177.6,robot3,-2.72699,1.23562
177.6,robot3,-2.72699,1.23562
177.6,robot1,-0.726,38.2895
177.6,robot2,-1.72499,1.19984
177.6,robot2,-1.72499,1.19984
177.6,robot1,-0.726,38.2895
177.6,robot3,-2.72699,1.23562
177.6,robot3,-2.72699,1.23562
177.6,robot1,-0.726,38.2895
177.6,robot2,-1.72499,1.19984
177.6,robot2,-1.72499,1.19984
177.6,robot1,-0.726,38.2895
177.6,robot3,-2.72699,1.23562
177.6,robot3,-2.72699,1.23562
177.7,robot1,-0.726,38.2895
177.7,robot2,-1.72498,1.19975
177.7,robot2,-1.72498,1.19975
177.7,robot1,-0.726,38.2895
177.7,robot3,-2.72698,1.23587
177.7,robot3,-2.72698,1.23587
177.7,robot1,-0.726,38.2895
177.7,robot2,-1.72498,1.19975
177.7,robot2,-1.72498,1.19975
177.7,robot1,-0.726,38.2895
177.7,robot3,-2.72698,1.23587
177.7,robot3,-2.72698,1.2356
177.7,robot1,-0.726,38.2895
177.7,robot2,-1.72498,1.19975
177.7,robot2,-1.72498,1.19975
177.7,robot1,-0.726,38.2895
177.7,robot3,-2.72698,1.2356
177.7,robot3,-2.72698,1.2356
177.7,robot1,-0.726,38.2895
177.7,robot2,-1.72498,1.19975
177.7,robot2,-1.72498,1.19975
177.7,robot1,-0.726,38.2895
177.7,robot3,-2.72698,1.2356
177.7,robot3,-2.72698,1.2356
177.7,robot1,-0.726,38.2895
177.7,robot2,-1.72498,1.19975
177.7,robot2,-1.72498,1.19909
177.7,robot1,-0.726,38.2895
177.7,robot3,-2.72698,1.2356
177.7,robot3,-2.72698,1.2356
177.7,robot1,-0.726,38.2895
177.7,robot2,-1.72498,1.19909
177.7,robot2,-1.72498,1.19909
177.7,robot1,-0.726,38.2897
177.7,robot3,-2.72698,1.2356
177.7,robot3,-2.72698,1.2356
177.7,robot1,-0.726,38.2897
177.7,robot2,-1.72498,1.19909
177.7,robot2,-1.72498,1.19909
177.7,robot1,-0.726,38.2897
177.7,robot3,-2.72698,1.2356
177.7,robot3,-2.72698,1.2356
177.7,robot1,-0.726,38.2897
177.7,robot2,-1.72498,1.19909
177.7,robot2,-1.72498,1.19909
177.7,robot1,-0.726,38.2897
177.7,robot3,-2.72698,1.2356
177.7,robot3,-2.72698,1.2356
177.7,robot1,-0.726,38.2897
177.7,robot2,-1.72498,1.19909
177.7,robot2,-1.72498,1.19909
177.7,robot1,-0.726,38.2897
177.7,robot3,-2.72698,1.2356
177.7,robot3,-2.72698,1.2356
177.7,robot1,-0.726,38.2897
177.7,robot2,-1.72498,1.19909
177.7,robot1,-0.726,38.2897
177.7,robot2,-1.72498,1.19909
177.7,robot3,-2.72698,1.2356
177.7,robot3,-2.72698,1.2356
177.8,robot1,-0.726012,38.2883
177.8,robot2,-1.72497,1.19892
177.8,robot2,-1.72497,1.19892
177.8,robot1,-0.726012,38.2883
177.8,robot3,-2.727,1.23422
177.8,robot3,-2.727,1.23422
177.8,robot1,-0.726012,38.2883
177.8,robot2,-1.72497,1.19892
177.8,robot2,-1.72497,1.19892
177.8,robot1,-0.726012,38.2883
177.8,robot3,-2.727,1.23422
177.8,robot3,-2.727,1.23421
177.8,robot1,-0.726012,38.2883
177.8,robot2,-1.72497,1.19892
177.8,robot2,-1.72497,1.19892
177.8,robot1,-0.726012,38.2883
177.8,robot3,-2.727,1.23421
177.8,robot3,-2.727,1.23421
177.8,robot1,-0.726012,38.2883
177.8,robot2,-1.72497,1.19892
177.8,robot2,-1.72497,1.19892
177.8,robot1,-0.726012,38.2883
177.8,robot3,-2.727,1.23421
177.8,robot3,-2.727,1.23421
177.8,robot1,-0.726012,38.2883
177.8,robot2,-1.72497,1.19892
177.8,robot2,-1.72497,1.19839
177.8,robot1,-0.726012,38.2883
177.8,robot3,-2.727,1.23421
177.8,robot3,-2.727,1.23421
177.8,robot1,-0.726012,38.2883
177.8,robot2,-1.72497,1.19839
177.8,robot2,-1.72497,1.19839
177.8,robot1,-0.726018,38.2891
177.8,robot3,-2.727,1.23421
177.8,robot3,-2.727,1.23421
177.8,robot1,-0.726018,38.2891
177.8,robot2,-1.72497,1.19839
177.8,robot2,-1.72497,1.19839
177.8,robot1,-0.726018,38.2891
177.8,robot3,-2.727,1.23421
177.8,robot3,-2.727,1.23421
177.8,robot1,-0.726018,38.2891
177.8,robot2,-1.72497,1.19839
177.8,robot2,-1.72497,1.19839
177.8,robot1,-0.726018,38.2891
177.8,robot3,-2.727,1.23421
177.8,robot3,-2.727,1.23421
177.8,robot1,-0.726018,38.2891
177.8,robot2,-1.72497,1.19839
177.8,robot2,-1.72497,1.19839
177.8,robot1,-0.726018,38.2891
177.8,robot3,-2.727,1.23421
177.8,robot3,-2.727,1.23421
177.8,robot1,-0.726018,38.2891
177.8,robot2,-1.72497,1.19839
177.8,robot2,-1.72497,1.19839
177.8,robot1,-0.726018,38.2891
177.8,robot3,-2.727,1.23421
177.8,robot3,-2.727,1.23421
177.9,robot1,-0.726005,38.2894
177.9,robot2,-1.72496,1.19882
177.9,robot2,-1.72496,1.19882
177.9,robot1,-0.726005,38.2894
177.9,robot3,-2.72699,1.23627
177.9,robot3,-2.72699,1.23627
177.9,robot1,-0.726005,38.2894
177.9,robot2,-1.72496,1.19882
177.9,robot2,-1.72496,1.19882
177.9,robot1,-0.726005,38.2894
177.9,robot3,-2.72699,1.23627
177.9,robot3,-2.72699,1.23575
177.9,robot1,-0.726005,38.2894
177.9,robot2,-1.72496,1.19882
177.9,robot2,-1.72496,1.19882
177.9,robot1,-0.726005,38.2894
177.9,robot3,-2.72699,1.23575
177.9,robot3,-2.72699,1.23575
177.9,robot1,-0.726005,38.2894
177.9,robot2,-1.72496,1.19882
177.9,robot2,-1.72496,1.19882
177.9,robot1,-0.726005,38.2894
177.9,robot3,-2.72699,1.23575
177.9,robot3,-2.72699,1.23575
177.9,robot1,-0.726005,38.2894
177.9,robot2,-1.72496,1.19882
177.9,robot2,-1.72495,1.19888
177.9,robot1,-0.726005,38.2894
177.9,robot3,-2.72699,1.23575
177.9,robot3,-2.72699,1.23575
177.9,robot1,-0.726005,38.2894
177.9,robot2,-1.72495,1.19888
177.9,robot2,-1.72495,1.19888
177.9,robot1,-0.726009,38.2894
177.9,robot3,-2.72699,1.23575
177.9,robot3,-2.72699,1.23575
177.9,robot1,-0.726009,38.2894
177.9,robot2,-1.72495,1.19888
177.9,robot2,-1.72495,1.19888
177.9,robot1,-0.726009,38.2894
177.9,robot3,-2.72699,1.23575
177.9,robot3,-2.72699,1.23575
177.9,robot1,-0.726009,38.2894
177.9,robot2,-1.72495,1.19888
177.9,robot2,-1.72495,1.19888
177.9,robot1,-0.726009,38.2894
177.9,robot3,-2.72699,1.23575
177.9,robot3,-2.72699,1.23575
177.9,robot1,-0.726009,38.2894
177.9,robot2,-1.72495,1.19888
177.9,robot2,-1.72495,1.19888
177.9,robot1,-0.726009,38.2894
177.9,robot3,-2.72699,1.23575
177.9,robot3,-2.72699,1.23575
177.9,robot1,-0.726009,38.2894
177.9,robot2,-1.72495,1.19888
177.9,robot2,-1.72495,1.19888
177.9,robot1,-0.726009,38.2894
177.9,robot3,-2.72699,1.23575
177.9,robot3,-2.72699,1.23575
178,robot1,-0.726,38.2898
178,robot2,-1.72499,1.19654
178,robot2,-1.72499,1.19654
178,robot1,-0.726,38.2898
178,robot3,-2.72699,1.23261
178,robot3,-2.72699,1.23261
178,robot1,-0.726,38.2898
178,robot2,-1.72499,1.19654
178,robot2,-1.72499,1.19654
178,robot1,-0.726,38.2898
178,robot3,-2.72699,1.23261
178,robot3,-2.727,1.23241
178,robot1,-0.726,38.2898
178,robot2,-1.72499,1.19654
178,robot2,-1.72499,1.19654
178,robot1,-0.726,38.2898
178,robot3,-2.727,1.23241
178,robot3,-2.727,1.23241
178,robot1,-0.726,38.2898
178,robot2,-1.72499,1.19654
178,robot2,-1.72499,1.19654
178,robot1,-0.726,38.2898
178,robot3,-2.727,1.23241
178,robot3,-2.727,1.23241
178,robot1,-0.726,38.2898
178,robot2,-1.72499,1.19654
178,robot2,-1.72499,1.19686
178,robot1,-0.726,38.2898
178,robot3,-2.727,1.23241
178,robot3,-2.727,1.23241
178,robot1,-0.726,38.2898
178,robot2,-1.72499,1.19686
178,robot2,-1.72499,1.19686
178,robot1,-0.726,38.2898
178,robot3,-2.727,1.23241
178,robot3,-2.727,1.23241
178,robot1,-0.726,38.2898
178,robot2,-1.72499,1.19686
178,robot2,-1.72499,1.19686
178,robot1,-0.726002,38.2898
178,robot3,-2.727,1.23241
178,robot3,-2.727,1.23241
178,robot1,-0.726002,38.2898
178,robot2,-1.72499,1.19686
178,robot2,-1.72499,1.19686
178,robot1,-0.726002,38.2898
178,robot3,-2.727,1.23241
178,robot3,-2.727,1.23241
178,robot1,-0.726002,38.2898
178,robot2,-1.72499,1.19686
178,robot2,-1.72499,1.19686
178,robot1,-0.726002,38.2898
178,robot3,-2.727,1.23241
178,robot3,-2.727,1.23241
178,robot1,-0.726002,38.2898
178,robot2,-1.72499,1.19686
178,robot2,-1.72499,1.19686
178,robot1,-0.726002,38.2898
178,robot3,-2.727,1.23241
178,robot3,-2.727,1.23241
178.1,robot1,-0.726001,38.2898
178.1,robot2,-1.72501,1.19694
178.1,robot2,-1.72501,1.19694
178.1,robot1,-0.726001,38.2898
178.1,robot3,-2.727,1.23467
178.1,robot3,-2.727,1.23467
178.1,robot1,-0.726,38.2901
178.1,robot2,-1.72501,1.19694
178.1,robot2,-1.72501,1.19694
178.1,robot1,-0.726,38.2901
178.1,robot3,-2.727,1.23467
178.1,robot3,-2.72701,1.23407
178.1,robot1,-0.726,38.2901
178.1,robot2,-1.72501,1.19694
178.1,robot2,-1.72501,1.19694
178.1,robot1,-0.726,38.2901
178.1,robot3,-2.72701,1.23407
178.1,robot3,-2.72701,1.23407
178.1,robot1,-0.726,38.2901
178.1,robot2,-1.72501,1.19694
178.1,robot2,-1.72501,1.19694
178.1,robot1,-0.726,38.2901
178.1,robot3,-2.72701,1.23407
178.1,robot3,-2.72701,1.23407
178.1,robot1,-0.726,38.2901
178.1,robot2,-1.72501,1.19694
178.1,robot2,-1.72502,1.19811
178.1,robot1,-0.726,38.2901
178.1,robot3,-2.72701,1.23407
178.1,robot3,-2.72701,1.23407
178.1,robot1,-0.726,38.2901
178.1,robot2,-1.72502,1.19811
178.1,robot2,-1.72502,1.19811
178.1,robot1,-0.726001,38.2901
178.1,robot3,-2.72701,1.23407
178.1,robot3,-2.72701,1.23407
178.1,robot1,-0.726001,38.2901
178.1,robot2,-1.72502,1.19811
178.1,robot2,-1.72502,1.19811
178.1,robot1,-0.726001,38.2901
178.1,robot3,-2.72701,1.23407
178.1,robot3,-2.72701,1.23407
178.1,robot1,-0.726001,38.2901
178.1,robot2,-1.72502,1.19811
178.1,robot2,-1.72502,1.19811
178.1,robot1,-0.726001,38.2901
178.1,robot3,-2.72701,1.23407
178.1,robot3,-2.72701,1.23407
178.1,robot1,-0.726001,38.2901
178.1,robot2,-1.72502,1.19811
178.1,robot2,-1.72502,1.19811
178.1,robot1,-0.726001,38.2901
178.1,robot3,-2.72701,1.23407
178.1,robot3,-2.72701,1.23407
178.1,robot1,-0.726001,38.2901
178.1,robot2,-1.72502,1.19811
178.1,robot2,-1.72502,1.19811
178.1,robot1,-0.726001,38.2901
178.1,robot3,-2.72701,1.23407
178.1,robot3,-2.72701,1.23407
178.2,robot1,-0.726001,38.2901
178.2,robot2,-1.725,1.19545
178.2,robot2,-1.725,1.19545
178.2,robot1,-0.726001,38.2901
178.2,robot3,-2.727,1.23289
178.2,robot3,-2.727,1.23289
178.2,robot1,-0.726,38.2902
178.2,robot2,-1.725,1.19545
178.2,robot2,-1.725,1.19545
178.2,robot1,-0.726,38.2902
178.2,robot3,-2.727,1.23289
178.2,robot3,-2.72701,1.23369
178.2,robot1,-0.726,38.2902
178.2,robot2,-1.725,1.19545
178.2,robot2,-1.725,1.19545
178.2,robot1,-0.726,38.2902
178.2,robot3,-2.72701,1.23369
178.2,robot3,-2.72701,1.23369
178.2,robot1,-0.726,38.2902
178.2,robot2,-1.725,1.19545
178.2,robot2,-1.725,1.19545
178.2,robot1,-0.726,38.2902
178.2,robot3,-2.72701,1.23369
178.2,robot3,-2.72701,1.23369
178.2,robot1,-0.726,38.2902
178.2,robot2,-1.725,1.19545
178.2,robot2,-1.725,1.19557
178.2,robot1,-0.726,38.2902
178.2,robot3,-2.72701,1.23369
178.2,robot3,-2.72701,1.23369
178.2,robot1,-0.726,38.2902
178.2,robot2,-1.725,1.19557
178.2,robot2,-1.725,1.19557
178.2,robot1,-0.726,38.2902
178.2,robot3,-2.72701,1.23369
178.2,robot3,-2.72701,1.23369
178.2,robot1,-0.726,38.2902
178.2,robot2,-1.725,1.19557
178.2,robot2,-1.725,1.19557
178.2,robot1,-0.726,38.2902
178.2,robot3,-2.72701,1.23369
178.2,robot3,-2.72701,1.23369
178.2,robot1,-0.726,38.2902
178.2,robot2,-1.725,1.19557
178.2,robot2,-1.725,1.19557
178.2,robot1,-0.726,38.2902
178.2,robot3,-2.72701,1.23369
178.2,robot3,-2.72701,1.23369
178.2,robot1,-0.726,38.2902
178.2,robot2,-1.725,1.19557
178.2,robot2,-1.725,1.19557
178.2,robot1,-0.726,38.2902
178.2,robot3,-2.72701,1.23369
178.2,robot3,-2.72701,1.23369
178.2,robot1,-0.726,38.2902
178.2,robot2,-1.725,1.19557
178.2,robot2,-1.725,1.19557
178.2,robot1,-0.726,38.2902
178.2,robot3,-2.72701,1.23369
178.2,robot3,-2.72701,1.23369
178.2,robot1,-0.726,38.2902
178.3,robot2,-1.725,1.19557
178.3,robot2,-1.725,1.19557
178.3,robot1,-0.726,38.2902
178.3,robot3,-2.727,1.23337
178.3,robot3,-2.727,1.23337
178.3,robot1,-0.726,38.2903
178.3,robot2,-1.725,1.19761
178.3,robot2,-1.725,1.19761
178.3,robot1,-0.726,38.2903
178.3,robot3,-2.727,1.23337
178.3,robot3,-2.727,1.23323
178.3,robot1,-0.726,38.2903
178.3,robot2,-1.725,1.19761
178.3,robot1,-0.726,38.2903
178.3,robot2,-1.725,1.19761
178.3,robot3,-2.727,1.23323
178.3,robot3,-2.727,1.23323
178.3,robot1,-0.726,38.2903
178.3,robot2,-1.725,1.19761
178.3,robot2,-1.725,1.19761
178.3,robot1,-0.726,38.2903
178.3,robot3,-2.727,1.23323
178.3,robot3,-2.727,1.23323
178.3,robot1,-0.726,38.2903
178.3,robot2,-1.725,1.19761
178.3,robot2,-1.725,1.19713
178.3,robot1,-0.726,38.2903
178.3,robot3,-2.727,1.23323
178.3,robot3,-2.727,1.23323
178.3,robot1,-0.726,38.2903
178.3,robot2,-1.725,1.19713
178.3,robot2,-1.725,1.19713
178.3,robot1,-0.726,38.2903
178.3,robot3,-2.727,1.23323
178.3,robot3,-2.727,1.23323
178.3,robot1,-0.726,38.2903
178.3,robot2,-1.725,1.19713
178.3,robot2,-1.725,1.19713
178.3,robot1,-0.726,38.2903
178.3,robot3,-2.727,1.23323
178.3,robot3,-2.727,1.23323
178.3,robot1,-0.726,38.2903
178.3,robot2,-1.725,1.19713
178.3,robot2,-1.725,1.19713
178.3,robot1,-0.726,38.2903
178.3,robot3,-2.727,1.23323
178.3,robot3,-2.727,1.23323
178.3,robot1,-0.726,38.2903
178.3,robot2,-1.725,1.19713
178.3,robot2,-1.725,1.19713
178.3,robot1,-0.726,38.2903
178.3,robot3,-2.727,1.23323
178.3,robot3,-2.727,1.23323
178.3,robot1,-0.726,38.2903
178.3,robot2,-1.725,1.19713
178.3,robot2,-1.725,1.19713
178.3,robot1,-0.726,38.2903
178.3,robot3,-2.727,1.23323
178.3,robot3,-2.727,1.23323
178.3,robot1,-0.726,38.2903
178.3,robot2,-1.725,1.19713
178.3,robot2,-1.725,1.19713
178.3,robot1,-0.726,38.2903
178.4,robot3,-2.72701,1.23376
178.4,robot3,-2.72701,1.23376
178.4,robot1,-0.726,38.2904
178.4,robot2,-1.72501,1.19583
178.4,robot2,-1.72501,1.19583
178.4,robot1,-0.726,38.2904
178.4,robot3,-2.72701,1.23376
178.4,robot3,-2.72701,1.23237
178.4,robot1,-0.726,38.2904
178.4,robot2,-1.72501,1.19583
178.4,robot2,-1.72501,1.19583
178.4,robot1,-0.726,38.2904
178.4,robot3,-2.72701,1.23237
178.4,robot3,-2.72701,1.23237
178.4,robot1,-0.726,38.2904
178.4,robot2,-1.72501,1.19583
178.4,robot2,-1.72501,1.19583
178.4,robot1,-0.726,38.2904
178.4,robot3,-2.72701,1.23237
178.4,robot3,-2.72701,1.23237
178.4,robot1,-0.726,38.2904
178.4,robot2,-1.72501,1.19583
178.4,robot2,-1.72501,1.19613
178.4,robot1,-0.726,38.2904
178.4,robot3,-2.72701,1.23237
178.4,robot3,-2.72701,1.23237
178.4,robot1,-0.726,38.2904
178.4,robot2,-1.72501,1.19613
178.4,robot2,-1.72501,1.19613
178.4,robot1,-0.726,38.2904
178.4,robot3,-2.72701,1.23237
178.4,robot3,-2.72701,1.23237
178.4,robot1,-0.726,38.2904
178.4,robot2,-1.72501,1.19613
178.4,robot2,-1.72501,1.19613
178.4,robot1,-0.726,38.2904
178.4,robot3,-2.72701,1.23237
178.4,robot3,-2.72701,1.23237
178.4,robot1,-0.726,38.2904
178.4,robot2,-1.72501,1.19613
178.4,robot2,-1.72501,1.19613
178.4,robot1,-0.726,38.2904
178.4,robot3,-2.72701,1.23237
178.4,robot3,-2.72701,1.23237
178.4,robot1,-0.726,38.2904
178.4,robot2,-1.72501,1.19613
178.4,robot2,-1.72501,1.19613
178.4,robot1,-0.726,38.2904
178.4,robot3,-2.72701,1.23237
178.4,robot3,-2.72701,1.23237
178.4,robot1,-0.726,38.2904
178.4,robot2,-1.72501,1.19613
178.4,robot2,-1.72501,1.19613
178.4,robot1,-0.726,38.2904
178.4,robot3,-2.72701,1.23237
178.4,robot3,-2.72701,1.23237
178.4,robot1,-0.726,38.2904
178.4,robot2,-1.72501,1.19613
178.4,robot2,-1.72501,1.19613
178.4,robot1,-0.726,38.2904
178.5,robot3,-2.72698,1.23419
178.5,robot3,-2.72698,1.23419
178.5,robot1,-0.726,38.2905
178.5,robot2,-1.72501,1.18907
178.5,robot2,-1.72501,1.18907
178.5,robot1,-0.726,38.2905
178.5,robot3,-2.72698,1.23419
178.5,robot3,-2.72699,1.23355
178.5,robot1,-0.726,38.2905
178.5,robot2,-1.72501,1.18907
178.5,robot2,-1.72501,1.18907
178.5,robot1,-0.726,38.2905
178.5,robot3,-2.72699,1.23355
178.5,robot3,-2.72699,1.23355
178.5,robot1,-0.726,38.2905
178.5,robot2,-1.72501,1.18907
178.5,robot2,-1.72501,1.18907
178.5,robot1,-0.726,38.2905
178.5,robot3,-2.72699,1.23355
178.5,robot3,-2.72699,1.23355
178.5,robot1,-0.726,38.2905
178.5,robot2,-1.72501,1.18907
178.5,robot2,-1.72501,1.19328
178.5,robot1,-0.726,38.2905
178.5,robot3,-2.72699,1.23355
178.5,robot3,-2.72699,1.23355
178.5,robot1,-0.726,38.2905
178.5,robot2,-1.72501,1.19328
178.5,robot2,-1.72501,1.19328
178.5,robot1,-0.726,38.2905
178.5,robot3,-2.72699,1.23355
178.5,robot3,-2.72699,1.23355
178.5,robot1,-0.726,38.2905
178.5,robot2,-1.72501,1.19328
178.5,robot2,-1.72501,1.19328
178.5,robot1,-0.726,38.2905
178.5,robot3,-2.72699,1.23355
178.5,robot3,-2.72699,1.23355
178.5,robot1,-0.726,38.2905
178.5,robot2,-1.72501,1.19328
178.5,robot2,-1.72501,1.19328
178.5,robot1,-0.726,38.2905
178.5,robot3,-2.72699,1.23355
178.5,robot3,-2.72699,1.23355
178.5,robot1,-0.726,38.2905
178.5,robot2,-1.72501,1.19328
178.5,robot2,-1.72501,1.19328
178.5,robot1,-0.726,38.2905
178.5,robot3,-2.72699,1.23355
178.5,robot3,-2.72699,1.23355
178.5,robot1,-0.726,38.2905
178.5,robot2,-1.72501,1.19328
178.5,robot2,-1.72501,1.19328
178.5,robot1,-0.726,38.2905
178.5,robot3,-2.72699,1.23355
178.5,robot3,-2.72699,1.23355
178.5,robot1,-0.726,38.2905
178.5,robot2,-1.72501,1.19328
178.5,robot2,-1.72501,1.19328
178.5,robot1,-0.726,38.2905
178.6,robot3,-2.72699,1.23355
178.6,robot3,-2.72699,1.23355
178.6,robot1,-0.726,38.2905
178.6,robot2,-1.72501,1.1964
178.6,robot2,-1.72501,1.1964
178.6,robot1,-0.726,38.2905
178.6,robot3,-2.72699,1.23291
178.6,robot3,-2.72699,1.23237
178.6,robot1,-0.726,38.2905
178.6,robot2,-1.72501,1.1964
178.6,robot2,-1.72501,1.1964
178.6,robot1,-0.726,38.2905
178.6,robot3,-2.72699,1.23237
178.6,robot3,-2.72699,1.23237
178.6,robot1,-0.726,38.2905
178.6,robot2,-1.72501,1.1964
178.6,robot2,-1.72501,1.1964
178.6,robot1,-0.726,38.2905
178.6,robot3,-2.72699,1.23237
178.6,robot3,-2.72699,1.23237
178.6,robot1,-0.726,38.2905
178.6,robot2,-1.72501,1.1964
178.6,robot1,-0.726,38.2905
178.6,robot2,-1.72501,1.19728
178.6,robot3,-2.72699,1.23237
178.6,robot3,-2.72699,1.23237
178.6,robot1,-0.726,38.2905
178.6,robot2,-1.72501,1.19728
178.6,robot2,-1.72501,1.19728
178.6,robot1,-0.726,38.2905
178.6,robot3,-2.72699,1.23237
178.6,robot3,-2.72699,1.23237
178.6,robot1,-0.726,38.2905
178.6,robot2,-1.72501,1.19728
178.6,robot2,-1.72501,1.19728
178.6,robot1,-0.726,38.2905
178.6,robot3,-2.72699,1.23237
178.6,robot3,-2.72699,1.23237
178.6,robot1,-0.726,38.2905
178.6,robot2,-1.72501,1.19728
178.6,robot2,-1.72501,1.19728
178.6,robot1,-0.726,38.2905
178.6,robot3,-2.72699,1.23237
178.6,robot3,-2.72699,1.23237
178.6,robot1,-0.726,38.2905
178.6,robot2,-1.72501,1.19728
178.6,robot2,-1.72501,1.19728
178.6,robot1,-0.726,38.2905
178.6,robot3,-2.72699,1.23237
178.6,robot3,-2.72699,1.23237
178.6,robot1,-0.726,38.2905
178.6,robot2,-1.72501,1.19728
178.6,robot2,-1.72501,1.19728
178.6,robot1,-0.726,38.2905
178.6,robot3,-2.72699,1.23237
178.6,robot3,-2.72699,1.23237
178.6,robot1,-0.726,38.2905
178.6,robot2,-1.72501,1.19728
178.6,robot2,-1.72501,1.19728
178.6,robot1,-0.726,38.2905
178.6,robot3,-2.72699,1.23237
178.7,robot3,-2.72699,1.23237
178.7,robot1,-0.726,38.2905
178.7,robot2,-1.72501,1.20124
178.7,robot2,-1.72501,1.20124
178.7,robot1,-0.726,38.2905
178.7,robot3,-2.72699,1.23241
178.7,robot3,-2.72699,1.23187
178.7,robot1,-0.726,38.2905
178.7,robot2,-1.72501,1.20124
178.7,robot2,-1.72501,1.20124
178.7,robot1,-0.726,38.2905
178.7,robot3,-2.72699,1.23187
178.7,robot3,-2.72699,1.23187
178.7,robot1,-0.726,38.2905
178.7,robot2,-1.72501,1.20124
178.7,robot2,-1.72501,1.20124
178.7,robot1,-0.726,38.2905
178.7,robot3,-2.72699,1.23187
178.7,robot3,-2.72699,1.23187
178.7,robot1,-0.726,38.2905
178.7,robot2,-1.72501,1.20124
178.7,robot2,-1.72501,1.20062
178.7,robot1,-0.726,38.2905
178.7,robot3,-2.72699,1.23187
178.7,robot3,-2.72699,1.23187
178.7,robot1,-0.726,38.2905
178.7,robot2,-1.72501,1.20062
178.7,robot2,-1.72501,1.20062
178.7,robot1,-0.726,38.2905
178.7,robot3,-2.72699,1.23187
178.7,robot3,-2.72699,1.23187
178.7,robot1,-0.726,38.2905
178.7,robot2,-1.72501,1.20062
178.7,robot2,-1.72501,1.20062
178.7,robot1,-0.726,38.2905
178.7,robot3,-2.72699,1.23187
178.7,robot3,-2.72699,1.23187
178.7,robot1,-0.726,38.2905
178.7,robot2,-1.72501,1.20062
178.7,robot1,-0.726,38.2905
178.7,robot2,-1.72501,1.20062
178.7,robot3,-2.72699,1.23187
178.7,robot3,-2.72699,1.23187
178.7,robot1,-0.726,38.2905
178.7,robot2,-1.72501,1.20062
178.7,robot2,-1.72501,1.20062
178.7,robot1,-0.726,38.2905
178.7,robot3,-2.72699,1.23187
178.7,robot3,-2.72699,1.23187
178.7,robot1,-0.726,38.2905
178.7,robot2,-1.72501,1.20062
178.7,robot2,-1.72501,1.20062
178.7,robot1,-0.726,38.2905
178.7,robot3,-2.72699,1.23187
178.7,robot3,-2.72699,1.23187
178.7,robot1,-0.726,38.2905
178.7,robot2,-1.72501,1.20062
178.7,robot2,-1.72501,1.20062
178.7,robot1,-0.726,38.2905
178.7,robot3,-2.72699,1.23187
178.8,robot3,-2.72699,1.23187
178.8,robot1,-0.726,38.2905
178.8,robot2,-1.72497,1.20058
178.8,robot2,-1.72497,1.20058
178.8,robot1,-0.726,38.2905
178.8,robot3,-2.72699,1.2319
178.8,robot3,-2.72699,1.23137
178.8,robot1,-0.726,38.2905
178.8,robot2,-1.72497,1.20058
178.8,robot2,-1.72497,1.20058
178.8,robot1,-0.726,38.2905
178.8,robot3,-2.72699,1.23137
178.8,robot3,-2.72699,1.23137
178.8,robot1,-0.726,38.2905
178.8,robot2,-1.72497,1.20058
178.8,robot2,-1.72497,1.20058
178.8,robot1,-0.726,38.2905
178.8,robot3,-2.72699,1.23137
178.8,robot3,-2.72699,1.23137
178.8,robot1,-0.726,38.2905
178.8,robot2,-1.72497,1.20058
178.8,robot2,-1.72498,1.20156
178.8,robot1,-0.726,38.2905
178.8,robot3,-2.72699,1.23137
178.8,robot3,-2.72699,1.23137
178.8,robot1,-0.726,38.2905
178.8,robot2,-1.72498,1.20156
178.8,robot2,-1.72498,1.20156
178.8,robot1,-0.726,38.2905
178.8,robot3,-2.72699,1.23137
178.8,robot3,-2.72699,1.23137
178.8,robot1,-0.726,38.2905
178.8,robot2,-1.72498,1.20156
178.8,robot2,-1.72498,1.20156
178.8,robot1,-0.726,38.2905
178.8,robot3,-2.72699,1.23137
178.8,robot3,-2.72699,1.23137
178.8,robot1,-0.726,38.2905
178.8,robot2,-1.72498,1.20156
178.8,robot2,-1.72498,1.20156
178.8,robot1,-0.726,38.2905
178.8,robot3,-2.72699,1.23137
178.8,robot3,-2.72699,1.23137
178.8,robot1,-0.726,38.2905
178.8,robot2,-1.72498,1.20156
178.8,robot2,-1.72498,1.20156
178.8,robot1,-0.726,38.2905
178.8,robot3,-2.72699,1.23137
178.8,robot3,-2.72699,1.23137
178.8,robot1,-0.726,38.2905
178.8,robot2,-1.72498,1.20156
178.8,robot2,-1.72498,1.20156
178.8,robot1,-0.726,38.2905
178.8,robot3,-2.72699,1.23137
178.8,robot3,-2.72699,1.23137
178.8,robot1,-0.726,38.2905
178.8,robot2,-1.72498,1.20156
178.8,robot2,-1.72498,1.20156
178.8,robot1,-0.726,38.2905
178.8,robot3,-2.72699,1.23137
178.8,robot3,-2.72699,1.23137
178.9,robot1,-0.726,38.2905
178.9,robot2,-1.725,1.20367
178.9,robot2,-1.725,1.20367
178.9,robot1,-0.726,38.2905
178.9,robot3,-2.72699,1.23138
178.9,robot3,-2.72699,1.23084
178.9,robot1,-0.726,38.2905
178.9,robot2,-1.725,1.20367
178.9,robot2,-1.725,1.20367
178.9,robot1,-0.726,38.2905
178.9,robot3,-2.72699,1.23084
178.9,robot3,-2.72699,1.23084
178.9,robot1,-0.726,38.2905
178.9,robot2,-1.725,1.20367
178.9,robot2,-1.725,1.20367
178.9,robot1,-0.726,38.2905
178.9,robot3,-2.72699,1.23084
178.9,robot3,-2.72699,1.23084
178.9,robot1,-0.726,38.2905
178.9,robot2,-1.725,1.20367
178.9,robot2,-1.72501,1.20256
178.9,robot1,-0.726,38.2905
178.9,robot3,-2.72699,1.23084
178.9,robot3,-2.72699,1.23084
178.9,robot1,-0.726,38.2905
178.9,robot2,-1.72501,1.20256
178.9,robot2,-1.72501,1.20256
178.9,robot1,-0.726,38.2905
178.9,robot3,-2.72699,1.23084
178.9,robot3,-2.72699,1.23084
178.9,robot1,-0.726,38.2905
178.9,robot2,-1.72501,1.20256
178.9,robot2,-1.72501,1.20256
178.9,robot1,-0.726,38.2905
178.9,robot3,-2.72699,1.23084
178.9,robot3,-2.72699,1.23084
178.9,robot1,-0.726,38.2905
178.9,robot2,-1.72501,1.20256
178.9,robot2,-1.72501,1.20256
178.9,robot1,-0.726,38.2905
178.9,robot3,-2.72699,1.23084
178.9,robot3,-2.72699,1.23084
178.9,robot1,-0.726,38.2905
178.9,robot2,-1.72501,1.20256
178.9,robot2,-1.72501,1.20256
178.9,robot1,-0.726,38.2905
178.9,robot3,-2.72699,1.23084
178.9,robot3,-2.72699,1.23084
178.9,robot1,-0.726,38.2905
178.9,robot2,-1.72501,1.20256
178.9,robot2,-1.72501,1.20256
178.9,robot1,-0.726,38.2905
178.9,robot3,-2.72699,1.23084
178.9,robot3,-2.72699,1.23084
178.9,robot1,-0.726,38.2905
178.9,robot2,-1.72501,1.20256
178.9,robot2,-1.72501,1.20256
178.9,robot1,-0.726,38.2905
178.9,robot3,-2.72699,1.23084
178.9,robot3,-2.72699,1.23084
179,robot1,-0.726,38.2906
179,robot2,-1.72499,1.2019
179,robot2,-1.72499,1.2019
179,robot1,-0.726,38.2906
179,robot3,-2.72699,1.22941
179,robot3,-2.72698,1.22982
179,robot1,-0.726,38.2906
179,robot2,-1.72499,1.2019
179,robot2,-1.72499,1.2019
179,robot1,-0.726,38.2906
179,robot3,-2.72698,1.22982
179,robot3,-2.72698,1.22982
179,robot1,-0.726,38.2906
179,robot2,-1.72499,1.2019
179,robot2,-1.72499,1.2019
179,robot1,-0.726,38.2906
179,robot3,-2.72698,1.22982
179,robot3,-2.72698,1.22982
179,robot1,-0.726,38.2906
179,robot2,-1.72499,1.2019
179,robot2,-1.725,1.20245
179,robot1,-0.726,38.2906
179,robot3,-2.72698,1.22982
179,robot3,-2.72698,1.22982
179,robot1,-0.726,38.2906
179,robot2,-1.725,1.20245
179,robot2,-1.725,1.20245
179,robot1,-0.726,38.2906
179,robot3,-2.72698,1.22982
179,robot3,-2.72698,1.22982
179,robot1,-0.726,38.2906
179,robot2,-1.725,1.20245
179,robot2,-1.725,1.20245
179,robot1,-0.726,38.2906
179,robot3,-2.72698,1.22982
179,robot3,-2.72698,1.22982
179,robot1,-0.726,38.2906
179,robot2,-1.725,1.20245
179,robot2,-1.725,1.20245
179,robot1,-0.726,38.2906
179,robot3,-2.72698,1.22982
179,robot3,-2.72698,1.22982
179,robot1,-0.726,38.2906
179,robot2,-1.725,1.20245
179,robot2,-1.725,1.20245
179,robot1,-0.726,38.2906
179,robot3,-2.72698,1.22982
179,robot3,-2.72698,1.22982
179,robot1,-0.726,38.2906
179,robot2,-1.725,1.20245
179,robot2,-1.725,1.20245
179,robot1,-0.726,38.2906
179,robot3,-2.72698,1.22982
179,robot3,-2.72698,1.22982
179,robot1,-0.726,38.2906
179,robot2,-1.725,1.20245
179,robot2,-1.725,1.20245
179,robot1,-0.726,38.2906
179,robot3,-2.72698,1.22982
179,robot3,-2.72698,1.22982
179.1,robot1,-0.726,38.2905
179.1,robot2,-1.72498,1.20386
179.1,robot2,-1.72498,1.20386
179.1,robot1,-0.726,38.2905
179.1,robot3,-2.727,1.22813
179.1,robot3,-2.727,1.2284
179.1,robot1,-0.726,38.2905
179.1,robot2,-1.72498,1.20386
179.1,robot2,-1.72498,1.20386
179.1,robot1,-0.726,38.2905
179.1,robot3,-2.727,1.2284
179.1,robot3,-2.727,1.2284
179.1,robot1,-0.726,38.2905
179.1,robot2,-1.72498,1.20386
179.1,robot2,-1.72498,1.20386
179.1,robot1,-0.726,38.2905
179.1,robot3,-2.727,1.2284
179.1,robot3,-2.727,1.2284
179.1,robot1,-0.726,38.2905
179.1,robot2,-1.72498,1.20386
179.1,robot2,-1.72498,1.20283
179.1,robot1,-0.726,38.2905
179.1,robot3,-2.727,1.2284
179.1,robot3,-2.727,1.2284
179.1,robot1,-0.726,38.2905
179.1,robot2,-1.72498,1.20283
179.1,robot2,-1.72498,1.20283
179.1,robot1,-0.726,38.2905
179.1,robot3,-2.727,1.2284
179.1,robot3,-2.727,1.2284
179.1,robot1,-0.726,38.2905
179.1,robot2,-1.72498,1.20283
179.1,robot2,-1.72498,1.20283
179.1,robot1,-0.726,38.2905
179.1,robot3,-2.727,1.2284
179.1,robot3,-2.727,1.2284
179.1,robot1,-0.726,38.2905
179.1,robot2,-1.72498,1.20283
179.1,robot2,-1.72498,1.20283
179.1,robot1,-0.726,38.2905
179.1,robot3,-2.727,1.2284
179.1,robot3,-2.727,1.2284
179.1,robot1,-0.726,38.2905
179.1,robot2,-1.72498,1.20283
179.1,robot2,-1.72498,1.20283
179.1,robot1,-0.726,38.2905
179.1,robot3,-2.727,1.2284
179.1,robot3,-2.727,1.2284
179.1,robot1,-0.726,38.2905
179.1,robot2,-1.72498,1.20283
179.1,robot2,-1.72498,1.20283
179.1,robot1,-0.726,38.2905
179.1,robot3,-2.727,1.2284
179.1,robot3,-2.727,1.2284
179.1,robot1,-0.726,38.2905
179.1,robot2,-1.72498,1.20283
179.1,robot2,-1.72498,1.20283
179.1,robot1,-0.726,38.2905
179.1,robot3,-2.727,1.2284
179.1,robot3,-2.727,1.2284
179.2,robot1,-0.725991,38.2898
179.2,robot2,-1.725,1.20231
179.2,robot2,-1.725,1.20231
179.2,robot1,-0.725991,38.2898
179.2,robot3,-2.727,1.22945
179.2,robot3,-2.727,1.22865
179.2,robot1,-0.725991,38.2898
179.2,robot2,-1.725,1.20231
179.2,robot2,-1.725,1.20231
179.2,robot1,-0.725991,38.2898
179.2,robot3,-2.727,1.22865
179.2,robot3,-2.727,1.22865
179.2,robot1,-0.725991,38.2898
179.2,robot2,-1.725,1.20231
179.2,robot2,-1.725,1.20231
179.2,robot1,-0.725991,38.2898
179.2,robot3,-2.727,1.22865
179.2,robot3,-2.727,1.22865
179.2,robot1,-0.725991,38.2898
179.2,robot2,-1.725,1.20231
179.2,robot2,-1.725,1.20215
179.2,robot1,-0.725991,38.2898
179.2,robot3,-2.727,1.22865
179.2,robot3,-2.727,1.22865
179.2,robot1,-0.725991,38.2898
179.2,robot2,-1.725,1.20215
179.2,robot1,-0.725991,38.2898
179.2,robot2,-1.725,1.20215
179.2,robot3,-2.727,1.22865
179.2,robot3,-2.727,1.22865
179.2,robot1,-0.725991,38.2898
179.2,robot2,-1.725,1.20215
179.2,robot2,-1.725,1.20215
179.2,robot1,-0.725991,38.2906
179.2,robot3,-2.727,1.22865
179.2,robot3,-2.727,1.22865
179.2,robot1,-0.725991,38.2906
179.2,robot2,-1.725,1.20215
179.2,robot2,-1.725,1.20215
179.2,robot1,-0.725991,38.2906
179.2,robot3,-2.727,1.22865
179.2,robot3,-2.727,1.22865
179.2,robot1,-0.725991,38.2906
179.2,robot2,-1.725,1.20215
179.2,robot2,-1.725,1.20215
179.2,robot1,-0.725991,38.2906
179.2,robot3,-2.727,1.22865
179.2,robot3,-2.727,1.22865
179.2,robot1,-0.725991,38.2906
179.2,robot2,-1.725,1.20215
179.2,robot2,-1.725,1.20215
179.2,robot1,-0.725991,38.2906
179.2,robot3,-2.727,1.22865
179.2,robot3,-2.727,1.22865
179.2,robot1,-0.725991,38.2906
179.2,robot2,-1.725,1.20215
179.2,robot2,-1.725,1.20215
179.2,robot1,-0.725991,38.2906
179.2,robot3,-2.727,1.22865
179.2,robot3,-2.727,1.22865
179.3,robot1,-0.726004,38.2909
179.3,robot2,-1.72502,1.20279
179.3,robot2,-1.72502,1.20279
179.3,robot1,-0.726004,38.2909
179.3,robot3,-2.727,1.22907
179.3,robot3,-2.727,1.22987
179.3,robot1,-0.726004,38.2909
179.3,robot2,-1.72502,1.20279
179.3,robot2,-1.72502,1.20279
179.3,robot1,-0.726004,38.2909
179.3,robot3,-2.727,1.22987
179.3,robot3,-2.727,1.22987
179.3,robot1,-0.726004,38.2909
179.3,robot2,-1.72502,1.20279
179.3,robot2,-1.72502,1.20279
179.3,robot1,-0.726004,38.2909
179.3,robot3,-2.727,1.22987
179.3,robot3,-2.727,1.22987
179.3,robot1,-0.726004,38.2909
179.3,robot2,-1.72502,1.20279
179.3,robot2,-1.72502,1.20269
179.3,robot1,-0.726004,38.2909
179.3,robot3,-2.727,1.22987
179.3,robot3,-2.727,1.22987
179.3,robot1,-0.726004,38.2909
179.3,robot2,-1.72502,1.20269
179.3,robot2,-1.72502,1.20269
179.3,robot1,-0.726006,38.2909
179.3,robot3,-2.727,1.22987
179.3,robot3,-2.727,1.22987
179.3,robot1,-0.726006,38.2909
179.3,robot2,-1.72502,1.20269
179.3,robot2,-1.72502,1.20269
179.3,robot1,-0.726006,38.2909
179.3,robot3,-2.727,1.22987
179.3,robot3,-2.727,1.22987
179.3,robot1,-0.726006,38.2909
179.3,robot2,-1.72502,1.20269
179.3,robot2,-1.72502,1.20269
179.3,robot1,-0.726006,38.2909
179.3,robot3,-2.727,1.22987
179.3,robot3,-2.727,1.22987
179.3,robot1,-0.726006,38.2909
179.3,robot2,-1.72502,1.20269
179.3,robot1,-0.726006,38.2909
179.3,robot2,-1.72502,1.20269
179.3,robot3,-2.727,1.22987
179.3,robot3,-2.727,1.22987
179.3,robot1,-0.726006,38.2909
179.3,robot2,-1.72502,1.20269
179.3,robot2,-1.72502,1.20269
179.3,robot1,-0.726006,38.2909
179.3,robot3,-2.727,1.22987
179.3,robot3,-2.727,1.22987
179.3,robot1,-0.726006,38.2909
179.3,robot2,-1.72502,1.20269
179.3,robot2,-1.72502,1.20269
179.3,robot1,-0.726006,38.2909
179.3,robot3,-2.727,1.22987
179.3,robot3,-2.727,1.22987
179.4,robot1,-0.726006,38.2909
179.4,robot2,-1.725,1.20248
179.4,robot2,-1.725,1.20248
179.4,robot1,-0.726006,38.2909
179.4,robot3,-2.727,1.22542
179.4,robot3,-2.727,1.22668
179.4,robot1,-0.726,38.2911
179.4,robot2,-1.725,1.20248
179.4,robot2,-1.725,1.20248
179.4,robot1,-0.726,38.2911
179.4,robot3,-2.727,1.22668
179.4,robot3,-2.727,1.22668
179.4,robot1,-0.726,38.2911
179.4,robot2,-1.725,1.20248
179.4,robot2,-1.725,1.20248
179.4,robot1,-0.726,38.2911
179.4,robot3,-2.727,1.22668
179.4,robot3,-2.727,1.22668
179.4,robot1,-0.726,38.2911
179.4,robot2,-1.725,1.20248
179.4,robot2,-1.725,1.20195
179.4,robot1,-0.726,38.2911
179.4,robot3,-2.727,1.22668
179.4,robot3,-2.727,1.22668
179.4,robot1,-0.726,38.2911
179.4,robot2,-1.725,1.20195
179.4,robot2,-1.725,1.20195
179.4,robot1,-0.726001,38.2911
179.4,robot3,-2.727,1.22668
179.4,robot3,-2.727,1.22668
179.4,robot1,-0.726001,38.2911
179.4,robot2,-1.725,1.20195
179.4,robot2,-1.725,1.20195
179.4,robot1,-0.726001,38.2911
179.4,robot3,-2.727,1.22668
179.4,robot3,-2.727,1.22668
179.4,robot1,-0.726001,38.2911
179.4,robot2,-1.725,1.20195
179.4,robot2,-1.725,1.20195
179.4,robot1,-0.726001,38.2911
179.4,robot3,-2.727,1.22668
179.4,robot3,-2.727,1.22668
179.4,robot1,-0.726001,38.2911
179.4,robot2,-1.725,1.20195
179.4,robot2,-1.725,1.20195
179.4,robot1,-0.726001,38.2911
179.4,robot3,-2.727,1.22668
179.4,robot3,-2.727,1.22668
179.4,robot1,-0.726001,38.2911
179.4,robot2,-1.725,1.20195
179.4,robot2,-1.725,1.20195
179.4,robot1,-0.726001,38.2911
179.4,robot3,-2.727,1.22668
179.4,robot3,-2.727,1.22668
179.4,robot1,-0.726001,38.2911
179.4,robot2,-1.725,1.20195
179.4,robot2,-1.725,1.20195
179.4,robot1,-0.726001,38.2911
179.4,robot3,-2.727,1.22668
179.4,robot3,-2.727,1.22668
179.4,robot1,-0.726001,38.2911
179.5,robot2,-1.725,1.20195
179.5,robot2,-1.725,1.20195
179.5,robot1,-0.726001,38.2911
179.5,robot3,-2.727,1.23002
179.5,robot3,-2.72701,1.22978
179.5,robot1,-0.726,38.2911
179.5,robot2,-1.72501,1.20063
179.5,robot2,-1.72501,1.20063
179.5,robot1,-0.726,38.2911
179.5,robot3,-2.72701,1.22978
179.5,robot3,-2.72701,1.22978
179.5,robot1,-0.726,38.2911
179.5,robot2,-1.72501,1.20063
179.5,robot2,-1.72501,1.20063
179.5,robot1,-0.726,38.2911
179.5,robot3,-2.72701,1.22978
179.5,robot3,-2.72701,1.22978
179.5,robot1,-0.726,38.2911
179.5,robot2,-1.72501,1.20063
179.5,robot2,-1.72502,1.20125
179.5,robot1,-0.726,38.2911
179.5,robot3,-2.72701,1.22978
179.5,robot3,-2.72701,1.22978
179.5,robot1,-0.726,38.2911
179.5,robot2,-1.72502,1.20125
179.5,robot2,-1.72502,1.20125
179.5,robot1,-0.726,38.2911
179.5,robot3,-2.72701,1.22978
179.5,robot3,-2.72701,1.22978
179.5,robot1,-0.726,38.2911
179.5,robot2,-1.72502,1.20125
179.5,robot2,-1.72502,1.20125
179.5,robot1,-0.726,38.2911
179.5,robot3,-2.72701,1.22978
179.5,robot3,-2.72701,1.22978
179.5,robot1,-0.726,38.2911
179.5,robot2,-1.72502,1.20125
179.5,robot2,-1.72502,1.20125
179.5,robot1,-0.726,38.2911
179.5,robot3,-2.72701,1.22978
179.5,robot3,-2.72701,1.22978
179.5,robot1,-0.726,38.2911
179.5,robot2,-1.72502,1.20125
179.5,robot2,-1.72502,1.20125
179.5,robot1,-0.726,38.2911
179.5,robot3,-2.72701,1.22978
179.5,robot3,-2.72701,1.22978
179.5,robot1,-0.726,38.2911
179.5,robot2,-1.72502,1.20125
179.5,robot2,-1.72502,1.20125
179.5,robot1,-0.726,38.2911
179.5,robot3,-2.72701,1.22978
179.5,robot3,-2.72701,1.22978
179.5,robot1,-0.726,38.2911
179.5,robot2,-1.72502,1.20125
179.5,robot2,-1.72502,1.20125
179.5,robot1,-0.726,38.2911
179.5,robot3,-2.72701,1.22978
179.5,robot3,-2.72701,1.22978
179.5,robot1,-0.726,38.2911
179.5,robot2,-1.72502,1.20125
179.6,robot2,-1.72502,1.20125
179.6,robot1,-0.726,38.2911
179.6,robot3,-2.72697,1.22911
179.6,robot3,-2.72698,1.22937
179.6,robot1,-0.726003,38.2913
179.6,robot2,-1.72498,1.20141
179.6,robot2,-1.72498,1.20141
179.6,robot1,-0.726003,38.2913
179.6,robot3,-2.72698,1.22937
179.6,robot3,-2.72698,1.22937
179.6,robot1,-0.726003,38.2913
179.6,robot2,-1.72498,1.20141
179.6,robot2,-1.72498,1.20141
179.6,robot1,-0.726003,38.2913
179.6,robot3,-2.72698,1.22937
179.6,robot3,-2.72698,1.22937
179.6,robot1,-0.726003,38.2913
179.6,robot2,-1.72498,1.20141
179.6,robot2,-1.72499,1.20126
179.6,robot1,-0.726003,38.2913
179.6,robot3,-2.72698,1.22937
179.6,robot3,-2.72698,1.22937
179.6,robot1,-0.726003,38.2913
179.6,robot2,-1.72499,1.20126
179.6,robot2,-1.72499,1.20126
179.6,robot1,-0.726005,38.2913
179.6,robot3,-2.72698,1.22937
179.6,robot3,-2.72698,1.22937
179.6,robot1,-0.726005,38.2913
179.6,robot2,-1.72499,1.20126
179.6,robot2,-1.72499,1.20126
179.6,robot1,-0.726005,38.2913
179.6,robot3,-2.72698,1.22937
179.6,robot3,-2.72698,1.22937
179.6,robot1,-0.726005,38.2913
179.6,robot2,-1.72499,1.20126
179.6,robot2,-1.72499,1.20126
179.6,robot1,-0.726005,38.2913
179.6,robot3,-2.72698,1.22937
179.6,robot3,-2.72698,1.22937
179.6,robot1,-0.726005,38.2913
179.6,robot2,-1.72499,1.20126
179.6,robot2,-1.72499,1.20126
179.6,robot1,-0.726005,38.2913
179.6,robot3,-2.72698,1.22937
179.6,robot3,-2.72698,1.22937
179.6,robot1,-0.726005,38.2913
179.6,robot2,-1.72499,1.20126
179.6,robot2,-1.72499,1.20126
179.6,robot1,-0.726005,38.2913
179.6,robot3,-2.72698,1.22937
179.6,robot3,-2.72698,1.22937
179.6,robot1,-0.726005,38.2913
179.6,robot2,-1.72499,1.20126
179.6,robot2,-1.72499,1.20126
179.6,robot1,-0.726005,38.2913
179.6,robot3,-2.72698,1.22937
179.6,robot3,-2.72698,1.22937
179.6,robot1,-0.726005,38.2913
179.6,robot2,-1.72499,1.20126
179.6,robot2,-1.72499,1.20126
179.6,robot1,-0.726005,38.2913
179.6,robot3,-2.72698,1.22937
179.6,robot3,-2.72698,1.22947
179.7,robot1,-0.725999,38.2913
179.7,robot2,-1.72498,1.2004
179.7,robot2,-1.72498,1.2004
179.7,robot1,-0.725999,38.2913
179.7,robot3,-2.727,1.23122
179.7,robot3,-2.727,1.23122
179.7,robot1,-0.725999,38.2913
179.7,robot2,-1.72498,1.2004
179.7,robot2,-1.72498,1.2004
179.7,robot1,-0.725999,38.2913
179.7,robot3,-2.727,1.23122
179.7,robot3,-2.727,1.23122
179.7,robot1,-0.725999,38.2913
179.7,robot2,-1.72498,1.2004
179.7,robot2,-1.72498,1.20118
179.7,robot1,-0.725999,38.2913
179.7,robot3,-2.727,1.23122
179.7,robot3,-2.727,1.23122
179.7,robot1,-0.725999,38.2913
179.7,robot2,-1.72498,1.20118
179.7,robot2,-1.72498,1.20118
179.7,robot1,-0.726,38.2913
179.7,robot3,-2.727,1.23122
179.7,robot3,-2.727,1.23122
179.7,robot1,-0.726,38.2913
179.7,robot2,-1.72498,1.20118
179.7,robot2,-1.72498,1.20118
179.7,robot1,-0.726,38.2913
179.7,robot3,-2.727,1.23122
179.7,robot3,-2.727,1.23122
179.7,robot1,-0.726,38.2913
179.7,robot2,-1.72498,1.20118
179.7,robot2,-1.72498,1.20118
179.7,robot1,-0.726,38.2913
179.7,robot3,-2.727,1.23122
179.7,robot3,-2.727,1.23122
179.7,robot1,-0.726,38.2913
179.7,robot2,-1.72498,1.20118
179.7,robot2,-1.72498,1.20118
179.7,robot1,-0.726,38.2913
179.7,robot3,-2.727,1.23122
179.7,robot3,-2.727,1.23122
179.7,robot1,-0.726,38.2913
179.7,robot2,-1.72498,1.20118
179.7,robot2,-1.72498,1.20118
179.7,robot1,-0.726,38.2913
179.7,robot3,-2.727,1.23122
179.7,robot3,-2.727,1.23122
179.7,robot1,-0.726,38.2913
179.7,robot2,-1.72498,1.20118
179.7,robot2,-1.72498,1.20118
179.7,robot1,-0.726,38.2913
179.7,robot3,-2.727,1.23122
179.7,robot3,-2.727,1.23122
179.7,robot1,-0.726,38.2913
179.7,robot2,-1.72498,1.20118
179.7,robot2,-1.72498,1.20118
179.7,robot1,-0.726,38.2913
179.7,robot3,-2.727,1.23122
179.7,robot3,-2.72701,1.2315
179.8,robot1,-0.725966,38.2915
179.8,robot2,-1.72501,1.20178
179.8,robot2,-1.72501,1.20178
179.8,robot1,-0.725966,38.2915
179.8,robot3,-2.72698,1.23242
179.8,robot3,-2.72698,1.23242
179.8,robot1,-0.725966,38.2915
179.8,robot2,-1.72501,1.20178
179.8,robot2,-1.72501,1.20178
179.8,robot1,-0.725966,38.2915
179.8,robot3,-2.72698,1.23242
179.8,robot3,-2.72698,1.23242
179.8,robot1,-0.725966,38.2915
179.8,robot2,-1.72501,1.20178
179.8,robot2,-1.72501,1.20142
179.8,robot1,-0.725966,38.2915
179.8,robot3,-2.72698,1.23242
179.8,robot3,-2.72698,1.23242
179.8,robot1,-0.725966,38.2915
179.8,robot2,-1.72501,1.20142
179.8,robot2,-1.72501,1.20142
179.8,robot1,-0.725969,38.2902
179.8,robot3,-2.72698,1.23242
179.8,robot3,-2.72698,1.23242
179.8,robot1,-0.725969,38.2902
179.8,robot2,-1.72501,1.20142
179.8,robot2,-1.72501,1.20142
179.8,robot1,-0.725969,38.2902
179.8,robot3,-2.72698,1.23242
179.8,robot3,-2.72698,1.23242
179.8,robot1,-0.725969,38.2902
179.8,robot2,-1.72501,1.20142
179.8,robot2,-1.72501,1.20142
179.8,robot1,-0.725969,38.2902
179.8,robot3,-2.72698,1.23242
179.8,robot3,-2.72698,1.23242
179.8,robot1,-0.725969,38.2902
179.8,robot2,-1.72501,1.20142
179.8,robot2,-1.72501,1.20142
179.8,robot1,-0.725969,38.2902
179.8,robot3,-2.72698,1.23242
179.8,robot3,-2.72698,1.23242
179.8,robot1,-0.725969,38.2902
179.8,robot2,-1.72501,1.20142
179.8,robot2,-1.72501,1.20142
179.8,robot1,-0.725969,38.2902
179.8,robot3,-2.72698,1.23242
179.8,robot3,-2.72698,1.23242
179.8,robot2,-1.72501,1.20142
179.8,robot1,-0.725969,38.2902
179.8,robot2,-1.72501,1.20142
179.8,robot1,-0.725969,38.2902
179.8,robot3,-2.72698,1.23242
179.8,robot3,-2.72698,1.23242
179.8,robot1,-0.725969,38.2902
179.8,robot2,-1.72501,1.20142
179.8,robot2,-1.72501,1.20142
179.8,robot1,-0.725969,38.2902
179.8,robot3,-2.72698,1.23242
179.8,robot3,-2.72698,1.23263
179.9,robot1,-0.726006,38.29
179.9,robot2,-1.725,1.20241
179.9,robot2,-1.725,1.20241
179.9,robot1,-0.726006,38.29
179.9,robot3,-2.72699,1.23246
179.9,robot3,-2.72699,1.23246
179.9,robot1,-0.726006,38.29
179.9,robot2,-1.725,1.20241
179.9,robot2,-1.725,1.20241
179.9,robot1,-0.726006,38.29
179.9,robot3,-2.72699,1.23246
179.9,robot3,-2.72699,1.23246
179.9,robot1,-0.726006,38.29
179.9,robot2,-1.725,1.20241
179.9,robot2,-1.72501,1.20237
179.9,robot1,-0.726006,38.29
179.9,robot3,-2.72699,1.23246
179.9,robot3,-2.72699,1.23246
179.9,robot1,-0.726006,38.29
179.9,robot2,-1.72501,1.20237
179.9,robot2,-1.72501,1.20237
179.9,robot1,-0.726009,38.29
179.9,robot3,-2.72699,1.23246
179.9,robot3,-2.72699,1.23246
179.9,robot1,-0.726009,38.29
179.9,robot2,-1.72501,1.20237
179.9,robot2,-1.72501,1.20237
179.9,robot1,-0.726009,38.29
179.9,robot3,-2.72699,1.23246
179.9,robot3,-2.72699,1.23246
179.9,robot1,-0.726009,38.29
179.9,robot2,-1.72501,1.20237
179.9,robot2,-1.72501,1.20237
179.9,robot1,-0.726009,38.29
179.9,robot3,-2.72699,1.23246
179.9,robot3,-2.72699,1.23246
179.9,robot1,-0.726009,38.29
179.9,robot2,-1.72501,1.20237
179.9,robot2,-1.72501,1.20237
179.9,robot1,-0.726009,38.29
179.9,robot3,-2.72699,1.23246
179.9,robot3,-2.72699,1.23246
179.9,robot1,-0.726009,38.29
179.9,robot2,-1.72501,1.20237
179.9,robot2,-1.72501,1.20237
179.9,robot1,-0.726009,38.29
179.9,robot3,-2.72699,1.23246
179.9,robot3,-2.72699,1.23246
179.9,robot1,-0.726009,38.29
179.9,robot2,-1.72501,1.20237
179.9,robot2,-1.72501,1.20237
179.9,robot1,-0.726009,38.29
179.9,robot3,-2.72699,1.23246
179.9,robot3,-2.72699,1.23246
179.9,robot1,-0.726009,38.29
179.9,robot2,-1.72501,1.20237
179.9,robot2,-1.72501,1.20237
179.9,robot1,-0.726009,38.29
179.9,robot3,-2.72699,1.23246
179.9,robot3,-2.727,1.23211
180,robot1,-0.726,38.29
180,robot2,-1.72502,1.2025
180,robot2,-1.72502,1.2025
180,robot1,-0.726,38.29
180,robot3,-2.72702,1.23362
180,robot3,-2.72702,1.23362
180,robot1,-0.726,38.29
180,robot2,-1.72502,1.2025
180,robot2,-1.72502,1.2025
180,robot1,-0.726,38.29
180,robot3,-2.72702,1.23362
180,robot3,-2.72702,1.23362
180,robot1,-0.726,38.29
180,robot2,-1.72502,1.2025
180,robot2,-1.72503,1.20198
180,robot1,-0.726,38.29
180,robot3,-2.72702,1.23362
180,robot3,-2.72702,1.23362
180,robot1,-0.726,38.29
180,robot2,-1.72503,1.20198
180,robot2,-1.72503,1.20198
180,robot1,-0.726,38.29
180,robot3,-2.72702,1.23362
180,robot3,-2.72702,1.23362
180,robot1,-0.726,38.29
180,robot2,-1.72503,1.20198
180,robot2,-1.72503,1.20198
180,robot1,-0.726002,38.29
180,robot3,-2.72702,1.23362
180,robot3,-2.72702,1.23362
180,robot1,-0.726002,38.29
180,robot2,-1.72503,1.20198
180,robot2,-1.72503,1.20198
180,robot1,-0.726002,38.29
180,robot3,-2.72702,1.23362
180,robot3,-2.72702,1.23362
180,robot1,-0.726002,38.29
180,robot2,-1.72503,1.20198
180,robot2,-1.72503,1.20198
180,robot1,-0.726002,38.29
180,robot3,-2.72702,1.23362
180,robot3,-2.72702,1.23362
180,robot1,-0.726002,38.29
180,robot2,-1.72503,1.20198
180,robot2,-1.72503,1.20198
180,robot1,-0.726002,38.29
180,robot3,-2.72702,1.23362
180,robot3,-2.72702,1.23362
180,robot1,-0.726002,38.29
180,robot2,-1.72503,1.20198
180,robot2,-1.72503,1.20198
180,robot1,-0.726002,38.29
180,robot3,-2.72702,1.23362
180,robot3,-2.72702,1.23362
180,robot1,-0.726002,38.29
180,robot2,-1.72503,1.20198
180,robot2,-1.72503,1.20198
180,robot1,-0.726002,38.29
180,robot3,-2.72702,1.23362
180,robot3,-2.72703,1.23311
180.1,robot1,-0.726002,38.29
180.1,robot2,-1.72503,1.20198
180.1,robot2,-1.72503,1.20198
180.1,robot1,-0.726002,38.29
180.1,robot3,-2.72699,1.23306
180.1,robot3,-2.72699,1.23306
180.1,robot1,-0.726,38.29
180.1,robot2,-1.72502,1.20228
180.1,robot2,-1.72502,1.20228
180.1,robot1,-0.726,38.29
180.1,robot3,-2.72699,1.23306
180.1,robot3,-2.72699,1.23306
180.1,robot1,-0.726,38.29
180.1,robot2,-1.72502,1.20228
180.1,robot2,-1.72503,1.20206
180.1,robot1,-0.726,38.29
180.1,robot3,-2.72699,1.23306
180.1,robot3,-2.72699,1.23306
180.1,robot1,-0.726,38.29
180.1,robot2,-1.72503,1.20206
180.1,robot2,-1.72503,1.20206
180.1,robot1,-0.726001,38.2895
180.1,robot3,-2.72699,1.23306
180.1,robot3,-2.72699,1.23306
180.1,robot1,-0.726001,38.2895
180.1,robot2,-1.72503,1.20206
180.1,robot2,-1.72503,1.20206
180.1,robot1,-0.726001,38.2895
180.1,robot3,-2.72699,1.23306
180.1,robot3,-2.72699,1.23306
180.1,robot1,-0.726001,38.2895
180.1,robot2,-1.72503,1.20206
180.1,robot2,-1.72503,1.20206
180.1,robot1,-0.726001,38.2895
180.1,robot3,-2.72699,1.23306
180.1,robot3,-2.72699,1.23306
180.1,robot1,-0.726001,38.2895
180.1,robot2,-1.72503,1.20206
180.1,robot2,-1.72503,1.20206
180.1,robot1,-0.726001,38.2895
180.1,robot3,-2.72699,1.23306
180.1,robot3,-2.72699,1.23306
180.1,robot1,-0.726001,38.2895
180.1,robot2,-1.72503,1.20206
180.1,robot2,-1.72503,1.20206
180.1,robot1,-0.726001,38.2895
180.1,robot3,-2.72699,1.23306
180.1,robot3,-2.72699,1.23306
180.1,robot1,-0.726001,38.2895
180.1,robot2,-1.72503,1.20206
180.1,robot2,-1.72503,1.20206
180.1,robot1,-0.726001,38.2895
180.1,robot3,-2.72699,1.23306
180.1,robot3,-2.72699,1.23306
180.1,robot1,-0.726001,38.2895
180.1,robot2,-1.72503,1.20206
180.1,robot2,-1.72503,1.20206
180.1,robot1,-0.726001,38.2895
180.1,robot3,-2.72699,1.23306
180.1,robot3,-2.727,1.23283
180.1,robot1,-0.726001,38.2895
180.1,robot2,-1.72503,1.20206
180.2,robot2,-1.72503,1.20206
180.2,robot1,-0.726001,38.2895
180.2,robot3,-2.72697,1.23172
180.2,robot3,-2.72697,1.23172
180.2,robot1,-0.725987,38.2903
180.2,robot2,-1.72496,1.20114
180.2,robot2,-1.72496,1.20114
180.2,robot1,-0.725987,38.2903
180.2,robot3,-2.72697,1.23172
180.2,robot3,-2.72697,1.23172
180.2,robot1,-0.725987,38.2903
180.2,robot2,-1.72496,1.20114
180.2,robot2,-1.72496,1.20139
180.2,robot1,-0.725987,38.2903
180.2,robot3,-2.72697,1.23172
180.2,robot3,-2.72697,1.23172
180.2,robot1,-0.725987,38.2903
180.2,robot2,-1.72496,1.20139
180.2,robot2,-1.72496,1.20139
180.2,robot1,-0.725988,38.2902
180.2,robot3,-2.72697,1.23172
180.2,robot3,-2.72697,1.23172
180.2,robot2,-1.72496,1.20139
180.2,robot1,-0.725988,38.2902
180.2,robot2,-1.72496,1.20139
180.2,robot1,-0.725988,38.2902
180.2,robot3,-2.72697,1.23172
180.2,robot3,-2.72697,1.23172
180.2,robot1,-0.725988,38.2902
180.2,robot2,-1.72496,1.20139
180.2,robot2,-1.72496,1.20139
180.2,robot1,-0.725988,38.2902
180.2,robot3,-2.72697,1.23172
180.2,robot3,-2.72697,1.23172
180.2,robot1,-0.725988,38.2902
180.2,robot2,-1.72496,1.20139
180.2,robot2,-1.72496,1.20139
180.2,robot1,-0.725988,38.2902
180.2,robot3,-2.72697,1.23172
180.2,robot3,-2.72697,1.23172
180.2,robot1,-0.725988,38.2902
180.2,robot2,-1.72496,1.20139
180.2,robot2,-1.72496,1.20139
180.2,robot1,-0.725988,38.2902
180.2,robot3,-2.72697,1.23172
180.2,robot3,-2.72697,1.23172
180.2,robot1,-0.725988,38.2902
180.2,robot2,-1.72496,1.20139
180.2,robot2,-1.72496,1.20139
180.2,robot1,-0.725988,38.2902
180.2,robot3,-2.72697,1.23172
180.2,robot3,-2.72697,1.23172
180.2,robot1,-0.725988,38.2902
180.2,robot2,-1.72496,1.20139
180.2,robot2,-1.72496,1.20139
180.2,robot1,-0.725988,38.2902
180.2,robot3,-2.72697,1.23172
180.2,robot3,-2.72697,1.23174
180.2,robot1,-0.725988,38.2902
180.2,robot2,-1.72496,1.20139
180.2,robot2,-1.72496,1.20139
180.2,robot1,-0.725988,38.2902
180.3,robot3,-2.727,1.23226
180.3,robot3,-2.727,1.23226
180.3,robot1,-0.726,38.29
180.3,robot2,-1.72501,1.20052
180.3,robot2,-1.72501,1.20052
180.3,robot1,-0.726,38.29
180.3,robot3,-2.727,1.23226
180.3,robot3,-2.727,1.23226
180.3,robot1,-0.726,38.29
180.3,robot2,-1.72501,1.20052
180.3,robot2,-1.72501,1.20135
180.3,robot1,-0.726,38.29
180.3,robot3,-2.727,1.23226
180.3,robot3,-2.727,1.23226
180.3,robot1,-0.726,38.29
180.3,robot2,-1.72501,1.20135
180.3,robot2,-1.72501,1.20135
180.3,robot1,-0.726,38.29
180.3,robot3,-2.727,1.23226
180.3,robot3,-2.727,1.23226
180.3,robot1,-0.726,38.29
180.3,robot2,-1.72501,1.20135
180.3,robot2,-1.72501,1.20135
180.3,robot1,-0.726,38.29
180.3,robot3,-2.727,1.23226
180.3,robot3,-2.727,1.23226
180.3,robot1,-0.726,38.29
180.3,robot2,-1.72501,1.20135
180.3,robot2,-1.72501,1.20135
180.3,robot1,-0.726,38.29
180.3,robot3,-2.727,1.23226
180.3,robot3,-2.727,1.23226
180.3,robot1,-0.726,38.29
180.3,robot2,-1.72501,1.20135
180.3,robot2,-1.72501,1.20135
180.3,robot1,-0.726,38.29
180.3,robot3,-2.727,1.23226
180.3,robot3,-2.727,1.23226
180.3,robot1,-0.726,38.29
180.3,robot2,-1.72501,1.20135
180.3,robot2,-1.72501,1.20135
180.3,robot1,-0.726,38.29
180.3,robot3,-2.727,1.23226
180.3,robot3,-2.727,1.23226
180.3,robot1,-0.726,38.29
180.3,robot2,-1.72501,1.20135
180.3,robot2,-1.72501,1.20135
180.3,robot1,-0.726,38.29
180.3,robot3,-2.727,1.23226
180.3,robot3,-2.727,1.23226
180.3,robot1,-0.726,38.29
180.3,robot2,-1.72501,1.20135
180.3,robot2,-1.72501,1.20135
180.3,robot1,-0.726,38.29
180.3,robot3,-2.727,1.23226
180.3,robot3,-2.727,1.23182
180.3,robot1,-0.726,38.29
180.3,robot2,-1.72501,1.20135
180.3,robot2,-1.72501,1.20135
180.3,robot1,-0.726,38.29
180.4,robot3,-2.727,1.23182
180.4,robot3,-2.727,1.23182
180.4,robot1,-0.726,38.2898
180.4,robot2,-1.72499,1.20433
180.4,robot2,-1.72499,1.20433
180.4,robot1,-0.726,38.2898
180.4,robot3,-2.72701,1.23237
180.4,robot3,-2.72701,1.23237
180.4,robot1,-0.726,38.2898
180.4,robot2,-1.72499,1.20433
180.4,robot2,-1.72499,1.20312
180.4,robot1,-0.726,38.2898
180.4,robot3,-2.72701,1.23237
180.4,robot3,-2.72701,1.23237
180.4,robot1,-0.726,38.2898
180.4,robot2,-1.72499,1.20312
180.4,robot2,-1.72499,1.20312
180.4,robot1,-0.726,38.2898
180.4,robot3,-2.72701,1.23237
180.4,robot3,-2.72701,1.23237
180.4,robot1,-0.726,38.2898
180.4,robot2,-1.72499,1.20312
180.4,robot2,-1.72499,1.20312
180.4,robot1,-0.726,38.2898
180.4,robot3,-2.72701,1.23237
180.4,robot3,-2.72701,1.23237
180.4,robot1,-0.726,38.2898
180.4,robot2,-1.72499,1.20312
180.4,robot2,-1.72499,1.20312
180.4,robot1,-0.726,38.2898
180.4,robot3,-2.72701,1.23237
180.4,robot3,-2.72701,1.23237
180.4,robot1,-0.726,38.2898
180.4,robot2,-1.72499,1.20312
180.4,robot2,-1.72499,1.20312
180.4,robot1,-0.726,38.2898
180.4,robot3,-2.72701,1.23237
180.4,robot3,-2.72701,1.23237
180.4,robot1,-0.726,38.2898
180.4,robot2,-1.72499,1.20312
180.4,robot2,-1.72499,1.20312
180.4,robot1,-0.726,38.2898
180.4,robot3,-2.72701,1.23237
180.4,robot3,-2.72701,1.23237
180.4,robot1,-0.726,38.2898
180.4,robot2,-1.72499,1.20312
180.4,robot2,-1.72499,1.20312
180.4,robot1,-0.726,38.2898
180.4,robot3,-2.72701,1.23237
180.4,robot3,-2.72701,1.23237
180.4,robot1,-0.726,38.2898
180.4,robot2,-1.72499,1.20312
180.4,robot2,-1.72499,1.20312
180.4,robot1,-0.726,38.2898
180.4,robot3,-2.72701,1.23237
180.4,robot3,-2.72701,1.231
180.4,robot1,-0.726,38.2898
180.4,robot2,-1.72499,1.20312
180.4,robot2,-1.72499,1.20312
180.4,robot1,-0.726,38.2898
180.5,robot3,-2.72701,1.231
180.5,robot3,-2.72701,1.231
180.5,robot1,-0.726,38.2897
180.5,robot2,-1.72498,1.20329
180.5,robot2,-1.72498,1.20329
180.5,robot1,-0.726,38.2897
180.5,robot3,-2.72698,1.23273
180.5,robot3,-2.72698,1.23273
180.5,robot1,-0.726,38.2897
180.5,robot2,-1.72498,1.20329
180.5,robot2,-1.72498,1.20338
180.5,robot1,-0.726,38.2897
180.5,robot3,-2.72698,1.23273
180.5,robot3,-2.72698,1.23273
180.5,robot1,-0.726,38.2897
180.5,robot2,-1.72498,1.20338
180.5,robot2,-1.72498,1.20338
180.5,robot1,-0.726,38.2897
180.5,robot3,-2.72698,1.23273
180.5,robot3,-2.72698,1.23273
180.5,robot1,-0.726,38.2897
180.5,robot2,-1.72498,1.20338
180.5,robot2,-1.72498,1.20338
180.5,robot1,-0.726,38.2897
180.5,robot3,-2.72698,1.23273
180.5,robot3,-2.72698,1.23273
180.5,robot1,-0.726,38.2897
180.5,robot2,-1.72498,1.20338
180.5,robot2,-1.72498,1.20338
180.5,robot1,-0.726,38.2897
180.5,robot3,-2.72698,1.23273
180.5,robot3,-2.72698,1.23273
180.5,robot1,-0.726,38.2897
180.5,robot2,-1.72498,1.20338
180.5,robot2,-1.72498,1.20338
180.5,robot1,-0.726,38.2897
180.5,robot3,-2.72698,1.23273
180.5,robot3,-2.72698,1.23273
180.5,robot1,-0.726,38.2897
180.5,robot2,-1.72498,1.20338
180.5,robot2,-1.72498,1.20338
180.5,robot1,-0.726,38.2897
180.5,robot3,-2.72698,1.23273
180.5,robot3,-2.72698,1.23273
180.5,robot1,-0.726,38.2897
180.5,robot2,-1.72498,1.20338
180.5,robot2,-1.72498,1.20338
180.5,robot1,-0.726,38.2897
180.5,robot3,-2.72698,1.23273
180.5,robot3,-2.72698,1.23273
180.5,robot1,-0.726,38.2897
180.5,robot2,-1.72498,1.20338
180.5,robot2,-1.72498,1.20338
180.5,robot1,-0.726,38.2897
180.5,robot3,-2.72698,1.23273
180.5,robot3,-2.72699,1.23207
180.5,robot1,-0.726,38.2897
180.5,robot2,-1.72498,1.20338
180.5,robot2,-1.72498,1.20338
180.5,robot1,-0.726,38.2897
180.5,robot3,-2.72699,1.23207
180.6,robot3,-2.72699,1.23207
180.6,robot1,-0.726003,38.2897
180.6,robot2,-1.72497,1.20004
180.6,robot2,-1.72497,1.20004
180.6,robot1,-0.726003,38.2897
180.6,robot3,-2.72699,1.23109
180.6,robot3,-2.72699,1.23109
180.6,robot1,-0.726003,38.2897
180.6,robot2,-1.72497,1.20004
180.6,robot2,-1.72498,1.20005
180.6,robot1,-0.726003,38.2897
180.6,robot3,-2.72699,1.23109
180.6,robot3,-2.72699,1.23109
180.6,robot1,-0.726003,38.2897
180.6,robot2,-1.72498,1.20005
180.6,robot1,-0.726004,38.2897
180.6,robot2,-1.72498,1.20005
180.6,robot3,-2.72699,1.23109
180.6,robot3,-2.72699,1.23109
180.6,robot1,-0.726004,38.2897
180.6,robot2,-1.72498,1.20005
180.6,robot2,-1.72498,1.20005
180.6,robot1,-0.726004,38.2897
180.6,robot3,-2.72699,1.23109
180.6,robot3,-2.72699,1.23109
180.6,robot1,-0.726004,38.2897
180.6,robot2,-1.72498,1.20005
180.6,robot2,-1.72498,1.20005
180.6,robot1,-0.726004,38.2897
180.6,robot3,-2.72699,1.23109
180.6,robot3,-2.72699,1.23109
180.6,robot1,-0.726004,38.2897
180.6,robot2,-1.72498,1.20005
180.6,robot2,-1.72498,1.20005
180.6,robot1,-0.726004,38.2897
180.6,robot3,-2.72699,1.23109
180.6,robot3,-2.72699,1.23109
180.6,robot1,-0.726004,38.2897
180.6,robot2,-1.72498,1.20005
180.6,robot2,-1.72498,1.20005
180.6,robot1,-0.726004,38.2897
180.6,robot3,-2.72699,1.23109
180.6,robot3,-2.72699,1.23109
180.6,robot1,-0.726004,38.2897
180.6,robot2,-1.72498,1.20005
180.6,robot2,-1.72498,1.20005
180.6,robot1,-0.726004,38.2897
180.6,robot3,-2.72699,1.23109
180.6,robot3,-2.72699,1.23109
180.6,robot1,-0.726004,38.2897
180.6,robot2,-1.72498,1.20005
180.6,robot2,-1.72498,1.20005
180.6,robot1,-0.726004,38.2897
180.6,robot3,-2.72699,1.23109
180.6,robot3,-2.727,1.23125
180.6,robot1,-0.726004,38.2897
180.6,robot2,-1.72498,1.20005
180.6,robot2,-1.72498,1.20005
180.6,robot1,-0.726004,38.2897
180.6,robot3,-2.727,1.23125
180.7,robot3,-2.727,1.23125
180.7,robot1,-0.726,38.2896
180.7,robot2,-1.725,1.20057
180.7,robot2,-1.725,1.20057
180.7,robot1,-0.726,38.2896
180.7,robot3,-2.72701,1.23086
180.7,robot3,-2.72701,1.23086
180.7,robot1,-0.726,38.2896
180.7,robot2,-1.725,1.20057
180.7,robot2,-1.72501,1.20074
180.7,robot1,-0.726,38.2896
180.7,robot3,-2.72701,1.23086
180.7,robot3,-2.72701,1.23086
180.7,robot1,-0.726,38.2896
180.7,robot2,-1.72501,1.20074
180.7,robot2,-1.72501,1.20074
180.7,robot1,-0.726001,38.2896
180.7,robot3,-2.72701,1.23086
180.7,robot3,-2.72701,1.23086
180.7,robot2,-1.72501,1.20074
180.7,robot1,-0.726001,38.2896
180.7,robot2,-1.72501,1.20074
180.7,robot1,-0.726001,38.2896
180.7,robot3,-2.72701,1.23086
180.7,robot3,-2.72701,1.23086
180.7,robot1,-0.726001,38.2896
180.7,robot2,-1.72501,1.20074
180.7,robot2,-1.72501,1.20074
180.7,robot1,-0.726001,38.2896
180.7,robot3,-2.72701,1.23086
180.7,robot3,-2.72701,1.23086
180.7,robot1,-0.726001,38.2896
180.7,robot2,-1.72501,1.20074
180.7,robot2,-1.72501,1.20074
180.7,robot1,-0.726001,38.2896
180.7,robot3,-2.72701,1.23086
180.7,robot3,-2.72701,1.23086
180.7,robot1,-0.726001,38.2896
180.7,robot2,-1.72501,1.20074
180.7,robot2,-1.72501,1.20074
180.7,robot1,-0.726001,38.2896
180.7,robot3,-2.72701,1.23086
180.7,robot3,-2.72701,1.23086
180.7,robot1,-0.726001,38.2896
180.7,robot2,-1.72501,1.20074
180.7,robot2,-1.72501,1.20074
180.7,robot1,-0.726001,38.2896
180.7,robot3,-2.72701,1.23086
180.7,robot3,-2.72701,1.23086
180.7,robot1,-0.726001,38.2896
180.7,robot2,-1.72501,1.20074
180.7,robot2,-1.72501,1.20074
180.7,robot1,-0.726001,38.2896
180.7,robot3,-2.72701,1.23086
180.7,robot3,-2.72701,1.23073
180.7,robot1,-0.726001,38.2896
180.7,robot2,-1.72501,1.20074
180.7,robot2,-1.72501,1.20074
180.7,robot1,-0.726001,38.2896
180.7,robot3,-2.72701,1.23073
180.7,robot3,-2.72701,1.23073
180.8,robot1,-0.726,38.2895
180.8,robot2,-1.725,1.20032
180.8,robot2,-1.725,1.20032
180.8,robot1,-0.726,38.2895
180.8,robot3,-2.727,1.2304
180.8,robot3,-2.727,1.2304
180.8,robot1,-0.726,38.2895
180.8,robot2,-1.725,1.20032
180.8,robot2,-1.725,1.20115
180.8,robot1,-0.726,38.2895
180.8,robot3,-2.727,1.2304
180.8,robot3,-2.727,1.2304
180.8,robot1,-0.726,38.2895
180.8,robot2,-1.725,1.20115
180.8,robot2,-1.725,1.20115
180.8,robot1,-0.726001,38.2895
180.8,robot3,-2.727,1.2304
180.8,robot3,-2.727,1.2304
180.8,robot1,-0.726001,38.2895
180.8,robot2,-1.725,1.20115
180.8,robot2,-1.725,1.20115
180.8,robot1,-0.726001,38.2895
180.8,robot3,-2.727,1.2304
180.8,robot3,-2.727,1.2304
180.8,robot1,-0.726001,38.2895
180.8,robot2,-1.725,1.20115
180.8,robot2,-1.725,1.20115
180.8,robot1,-0.726001,38.2895
180.8,robot3,-2.727,1.2304
180.8,robot3,-2.727,1.2304
180.8,robot1,-0.726001,38.2895
180.8,robot2,-1.725,1.20115
180.8,robot2,-1.725,1.20115
180.8,robot1,-0.726001,38.2895
180.8,robot3,-2.727,1.2304
180.8,robot3,-2.727,1.2304
180.8,robot1,-0.726001,38.2895
180.8,robot2,-1.725,1.20115
180.8,robot2,-1.725,1.20115
180.8,robot1,-0.726001,38.2895
180.8,robot3,-2.727,1.2304
180.8,robot3,-2.727,1.2304
180.8,robot1,-0.726001,38.2895
180.8,robot2,-1.725,1.20115
180.8,robot2,-1.725,1.20115
180.8,robot1,-0.726001,38.2895
180.8,robot3,-2.727,1.2304
180.8,robot3,-2.727,1.2304
180.8,robot1,-0.726001,38.2895
180.8,robot2,-1.725,1.20115
180.8,robot2,-1.725,1.20115
180.8,robot1,-0.726001,38.2895
180.8,robot3,-2.727,1.2304
180.8,robot3,-2.727,1.23053
180.8,robot1,-0.726001,38.2895
180.8,robot2,-1.725,1.20115
180.8,robot2,-1.725,1.20115
180.8,robot1,-0.726001,38.2895
180.8,robot3,-2.727,1.23053
180.8,robot3,-2.727,1.23053
180.9,robot1,-0.726,38.2896
180.9,robot2,-1.72504,1.20041
180.9,robot2,-1.72504,1.20041
180.9,robot1,-0.726,38.2896
180.9,robot3,-2.72699,1.22889
180.9,robot3,-2.72699,1.22889
180.9,robot1,-0.726,38.2896
180.9,robot2,-1.72504,1.20041
180.9,robot2,-1.72504,1.20127
180.9,robot1,-0.726,38.2896
180.9,robot3,-2.72699,1.22889
180.9,robot3,-2.72699,1.22889
180.9,robot1,-0.726,38.2896
180.9,robot2,-1.72504,1.20127
180.9,robot2,-1.72504,1.20127
180.9,robot1,-0.726001,38.2896
180.9,robot3,-2.72699,1.22889
180.9,robot3,-2.72699,1.22889
180.9,robot1,-0.726001,38.2896
180.9,robot2,-1.72504,1.20127
180.9,robot2,-1.72504,1.20127
180.9,robot1,-0.726001,38.2896
180.9,robot3,-2.72699,1.22889
180.9,robot3,-2.72699,1.22889
180.9,robot1,-0.726001,38.2896
180.9,robot2,-1.72504,1.20127
180.9,robot2,-1.72504,1.20127
180.9,robot1,-0.726001,38.2896
180.9,robot3,-2.72699,1.22889
180.9,robot3,-2.72699,1.22889
180.9,robot1,-0.726001,38.2896
180.9,robot2,-1.72504,1.20127
180.9,robot2,-1.72504,1.20127
180.9,robot1,-0.726001,38.2896
180.9,robot3,-2.72699,1.22889
180.9,robot3,-2.72699,1.22889
180.9,robot1,-0.726001,38.2896
180.9,robot2,-1.72504,1.20127
180.9,robot2,-1.72504,1.20127
180.9,robot1,-0.726001,38.2896
180.9,robot3,-2.72699,1.22889
180.9,robot3,-2.72699,1.22889
180.9,robot1,-0.726001,38.2896
180.9,robot2,-1.72504,1.20127
180.9,robot2,-1.72504,1.20127
180.9,robot1,-0.726001,38.2896
180.9,robot3,-2.72699,1.22889
180.9,robot3,-2.72699,1.22889
180.9,robot1,-0.726001,38.2896
180.9,robot2,-1.72504,1.20127
180.9,robot2,-1.72504,1.20127
180.9,robot1,-0.726001,38.2896
180.9,robot3,-2.72699,1.22889
180.9,robot3,-2.72699,1.22951
180.9,robot1,-0.726001,38.2896
180.9,robot2,-1.72504,1.20127
180.9,robot2,-1.72504,1.20127
180.9,robot1,-0.726001,38.2896
180.9,robot3,-2.72699,1.22951
180.9,robot3,-2.72699,1.22951
181,robot1,-0.726001,38.2889
181,robot2,-1.72498,1.20261
181,robot2,-1.72498,1.20261
181,robot1,-0.726001,38.2889
181,robot3,-2.72699,1.22799
181,robot3,-2.72699,1.22799
181,robot1,-0.726001,38.2889
181,robot2,-1.72498,1.20261
181,robot2,-1.72498,1.20209
181,robot1,-0.726001,38.2889
181,robot3,-2.72699,1.22799
181,robot3,-2.72699,1.22799
181,robot1,-0.726001,38.2889
181,robot2,-1.72498,1.20209
181,robot2,-1.72498,1.20209
181,robot1,-0.726001,38.289
181,robot3,-2.72699,1.22799
181,robot3,-2.72699,1.22799
181,robot1,-0.726001,38.289
181,robot2,-1.72498,1.20209
181,robot2,-1.72498,1.20209
181,robot1,-0.726001,38.289
181,robot3,-2.72699,1.22799
181,robot3,-2.72699,1.22799
181,robot1,-0.726001,38.289
181,robot2,-1.72498,1.20209
181,robot2,-1.72498,1.20209
181,robot1,-0.726001,38.289
181,robot3,-2.72699,1.22799
181,robot3,-2.72699,1.22799
181,robot1,-0.726001,38.289
181,robot2,-1.72498,1.20209
181,robot2,-1.72498,1.20209
181,robot1,-0.726001,38.289
181,robot3,-2.72699,1.22799
181,robot3,-2.72699,1.22799
181,robot1,-0.726001,38.289
181,robot2,-1.72498,1.20209
181,robot2,-1.72498,1.20209
181,robot1,-0.726001,38.289
181,robot3,-2.72699,1.22799
181,robot3,-2.72699,1.22799
181,robot1,-0.726001,38.289
181,robot2,-1.72498,1.20209
181,robot2,-1.72498,1.20209
181,robot1,-0.726001,38.289
181,robot3,-2.72699,1.22799
181,robot3,-2.72699,1.22799
181,robot1,-0.726001,38.289
181,robot2,-1.72498,1.20209
181,robot2,-1.72498,1.20209
181,robot1,-0.726001,38.289
181,robot3,-2.72699,1.22799
181,robot3,-2.72699,1.22895
181,robot1,-0.726001,38.289
181,robot2,-1.72498,1.20209
181,robot2,-1.72498,1.20209
181,robot1,-0.726001,38.289
181,robot3,-2.72699,1.22895
181,robot3,-2.72699,1.22895
181.1,robot1,-0.726001,38.289
181.1,robot2,-1.72498,1.20204
181.1,robot2,-1.72498,1.20204
181.1,robot1,-0.726001,38.289
181.1,robot3,-2.72699,1.22745
181.1,robot3,-2.72699,1.22745
181.1,robot1,-0.726,38.2891
181.1,robot2,-1.72498,1.20204
181.1,robot2,-1.72498,1.2022
181.1,robot1,-0.726,38.2891
181.1,robot3,-2.72699,1.22745
181.1,robot3,-2.72699,1.22745
181.1,robot1,-0.726,38.2891
181.1,robot2,-1.72498,1.2022
181.1,robot2,-1.72498,1.2022
181.1,robot1,-0.726,38.2891
181.1,robot3,-2.72699,1.22745
181.1,robot3,-2.72699,1.22745
181.1,robot1,-0.726,38.2891
181.1,robot2,-1.72498,1.2022
181.1,robot2,-1.72498,1.2022
181.1,robot1,-0.726,38.2891
181.1,robot3,-2.72699,1.22745
181.1,robot3,-2.72699,1.22745
181.1,robot1,-0.726,38.2891
181.1,robot2,-1.72498,1.2022
181.1,robot2,-1.72498,1.2022
181.1,robot1,-0.726,38.2891
181.1,robot3,-2.72699,1.22745
181.1,robot3,-2.72699,1.22745
181.1,robot1,-0.726,38.2891
181.1,robot2,-1.72498,1.2022
181.1,robot2,-1.72498,1.2022
181.1,robot1,-0.726,38.2891
181.1,robot3,-2.72699,1.22745
181.1,robot3,-2.72699,1.22745
181.1,robot1,-0.726,38.2891
181.1,robot2,-1.72498,1.2022
181.1,robot2,-1.72498,1.2022
181.1,robot1,-0.726,38.2891
181.1,robot3,-2.72699,1.22745
181.1,robot3,-2.72699,1.22745
181.1,robot1,-0.726,38.2891
181.1,robot2,-1.72498,1.2022
181.1,robot2,-1.72498,1.2022
181.1,robot1,-0.726,38.2891
181.1,robot3,-2.72699,1.22745
181.1,robot3,-2.72699,1.22745
181.1,robot1,-0.726,38.2891
181.1,robot2,-1.72498,1.2022
181.1,robot2,-1.72498,1.2022
181.1,robot1,-0.726,38.2891
181.1,robot3,-2.72699,1.22745
181.1,robot3,-2.727,1.22763
181.1,robot1,-0.726,38.2891
181.1,robot2,-1.72498,1.2022
181.1,robot2,-1.72498,1.2022
181.1,robot1,-0.726,38.2891
181.1,robot3,-2.727,1.22763
181.1,robot3,-2.727,1.22763
181.2,robot1,-0.726,38.2891
181.2,robot2,-1.72498,1.2022
181.2,robot2,-1.72498,1.2022
181.2,robot1,-0.726,38.2891
181.2,robot3,-2.72702,1.22749
181.2,robot3,-2.72702,1.22749
181.2,robot1,-0.726,38.2893
181.2,robot2,-1.72499,1.2011
181.2,robot2,-1.72499,1.2014
181.2,robot1,-0.726,38.2893
181.2,robot3,-2.72702,1.22749
181.2,robot3,-2.72702,1.22749
181.2,robot1,-0.726,38.2893
181.2,robot2,-1.72499,1.2014
181.2,robot2,-1.72499,1.2014
181.2,robot1,-0.726,38.2893
181.2,robot3,-2.72702,1.22749
181.2,robot3,-2.72702,1.22749
181.2,robot1,-0.726,38.2893
181.2,robot2,-1.72499,1.2014
181.2,robot2,-1.72499,1.2014
181.2,robot1,-0.726,38.2893
181.2,robot3,-2.72702,1.22749
181.2,robot3,-2.72702,1.22749
181.2,robot1,-0.726,38.2893
181.2,robot2,-1.72499,1.2014
181.2,robot2,-1.72499,1.2014
181.2,robot1,-0.726,38.2893
181.2,robot3,-2.72702,1.22749
181.2,robot3,-2.72702,1.22749
181.2,robot1,-0.726,38.2893
181.2,robot2,-1.72499,1.2014
181.2,robot2,-1.72499,1.2014
181.2,robot1,-0.726,38.2893
181.2,robot3,-2.72702,1.22749
181.2,robot3,-2.72702,1.22749
181.2,robot1,-0.726,38.2893
181.2,robot2,-1.72499,1.2014
181.2,robot2,-1.72499,1.2014
181.2,robot1,-0.726,38.2893
181.2,robot3,-2.72702,1.22749
181.2,robot3,-2.72702,1.22749
181.2,robot1,-0.726,38.2893
181.2,robot2,-1.72499,1.2014
181.2,robot2,-1.72499,1.2014
181.2,robot1,-0.726,38.2893
181.2,robot3,-2.72702,1.22749
181.2,robot3,-2.72702,1.22749
181.2,robot1,-0.726,38.2893
181.2,robot2,-1.72499,1.2014
181.2,robot2,-1.72499,1.2014
181.2,robot1,-0.726,38.2893
181.2,robot3,-2.72702,1.22749
181.2,robot3,-2.72702,1.22682
181.2,robot1,-0.726,38.2893
181.2,robot2,-1.72499,1.2014
181.2,robot2,-1.72499,1.2014
181.2,robot1,-0.726,38.2893
181.2,robot3,-2.72702,1.22682
181.2,robot3,-2.72702,1.22682
181.2,robot1,-0.726,38.2893
181.3,robot2,-1.72499,1.2014
181.3,robot2,-1.72499,1.2014
181.3,robot1,-0.726,38.2893
181.3,robot3,-2.72699,1.22766
181.3,robot3,-2.72699,1.22766
181.3,robot1,-0.726,38.2893
181.3,robot2,-1.725,1.20335
181.3,robot2,-1.725,1.20257
181.3,robot1,-0.726,38.2893
181.3,robot3,-2.72699,1.22766
181.3,robot3,-2.72699,1.22766
181.3,robot1,-0.726,38.2893
181.3,robot2,-1.725,1.20257
181.3,robot2,-1.725,1.20257
181.3,robot1,-0.726,38.2893
181.3,robot3,-2.72699,1.22766
181.3,robot3,-2.72699,1.22766
181.3,robot1,-0.726,38.2893
181.3,robot2,-1.725,1.20257
181.3,robot2,-1.725,1.20257
181.3,robot1,-0.726,38.2893
181.3,robot3,-2.72699,1.22766
181.3,robot3,-2.72699,1.22766
181.3,robot1,-0.726,38.2893
181.3,robot2,-1.725,1.20257
181.3,robot2,-1.725,1.20257
181.3,robot1,-0.726,38.2893
181.3,robot3,-2.72699,1.22766
181.3,robot3,-2.72699,1.22766
181.3,robot1,-0.726,38.2893
181.3,robot2,-1.725,1.20257
181.3,robot2,-1.725,1.20257
181.3,robot1,-0.726,38.2893
181.3,robot3,-2.72699,1.22766
181.3,robot3,-2.72699,1.22766
181.3,robot1,-0.726,38.2893
181.3,robot2,-1.725,1.20257
181.3,robot2,-1.725,1.20257
181.3,robot1,-0.726,38.2893
181.3,robot3,-2.72699,1.22766
181.3,robot3,-2.72699,1.22766
181.3,robot1,-0.726,38.2893
181.3,robot2,-1.725,1.20257
181.3,robot2,-1.725,1.20257
181.3,robot1,-0.726,38.2893
181.3,robot3,-2.72699,1.22766
181.3,robot3,-2.72699,1.22766
181.3,robot1,-0.726,38.2893
181.3,robot2,-1.725,1.20257
181.3,robot2,-1.725,1.20257
181.3,robot1,-0.726,38.2893
181.3,robot3,-2.72699,1.22766
181.3,robot3,-2.72699,1.2286
181.3,robot1,-0.726,38.2893
181.3,robot2,-1.725,1.20257
181.3,robot2,-1.725,1.20257
181.3,robot1,-0.726,38.2893
181.3,robot3,-2.72699,1.2286
181.3,robot3,-2.72699,1.2286
181.3,robot1,-0.726,38.2893
181.3,robot2,-1.725,1.20257
181.3,robot2,-1.725,1.20257
181.3,robot1,-0.726,38.2893
181.4,robot3,-2.727,1.22787
181.4,robot3,-2.727,1.22787
181.4,robot1,-0.726,38.2894
181.4,robot2,-1.725,1.2036
181.4,robot2,-1.72501,1.20242
181.4,robot1,-0.726,38.2894
181.4,robot3,-2.727,1.22787
181.4,robot3,-2.727,1.22787
181.4,robot1,-0.726,38.2894
181.4,robot2,-1.72501,1.20242
181.4,robot2,-1.72501,1.20242
181.4,robot1,-0.726,38.2894
181.4,robot3,-2.727,1.22787
181.4,robot3,-2.727,1.22787
181.4,robot1,-0.726,38.2894
181.4,robot2,-1.72501,1.20242
181.4,robot2,-1.72501,1.20242
181.4,robot1,-0.726,38.2894
181.4,robot3,-2.727,1.22787
181.4,robot3,-2.727,1.22787
181.4,robot1,-0.726,38.2894
181.4,robot2,-1.72501,1.20242
181.4,robot2,-1.72501,1.20242
181.4,robot1,-0.726,38.2894
181.4,robot3,-2.727,1.22787
181.4,robot3,-2.727,1.22787
181.4,robot1,-0.726,38.2894
181.4,robot2,-1.72501,1.20242
181.4,robot2,-1.72501,1.20242
181.4,robot1,-0.726,38.2894
181.4,robot3,-2.727,1.22787
181.4,robot3,-2.727,1.22787
181.4,robot1,-0.726,38.2894
181.4,robot2,-1.72501,1.20242
181.4,robot2,-1.72501,1.20242
181.4,robot1,-0.726,38.2894
181.4,robot3,-2.727,1.22787
181.4,robot3,-2.727,1.22787
181.4,robot1,-0.726,38.2894
181.4,robot2,-1.72501,1.20242
181.4,robot2,-1.72501,1.20242
181.4,robot1,-0.726,38.2894
181.4,robot3,-2.727,1.22787
181.4,robot3,-2.727,1.22787
181.4,robot1,-0.726,38.2894
181.4,robot2,-1.72501,1.20242
181.4,robot2,-1.72501,1.20242
181.4,robot1,-0.726,38.2894
181.4,robot3,-2.727,1.22787
181.4,robot3,-2.72701,1.22723
181.4,robot1,-0.726,38.2894
181.4,robot2,-1.72501,1.20242
181.4,robot1,-0.726,38.2894
181.4,robot2,-1.72501,1.20242
181.4,robot3,-2.72701,1.22723
181.4,robot3,-2.72701,1.22723
181.4,robot1,-0.726,38.2894
181.4,robot2,-1.72501,1.20242
181.4,robot2,-1.72501,1.20242
181.4,robot1,-0.726,38.2894
181.4,robot3,-2.72701,1.22723
181.4,robot3,-2.72701,1.22723
181.5,robot1,-0.726,38.2894
181.5,robot2,-1.725,1.20168
181.5,robot2,-1.72501,1.20115
181.5,robot1,-0.726,38.2894
181.5,robot3,-2.727,1.22915
181.5,robot3,-2.727,1.22915
181.5,robot1,-0.726,38.2894
181.5,robot2,-1.72501,1.20115
181.5,robot2,-1.72501,1.20115
181.5,robot1,-0.726,38.2894
181.5,robot3,-2.727,1.22915
181.5,robot3,-2.727,1.22915
181.5,robot1,-0.726,38.2894
181.5,robot2,-1.72501,1.20115
181.5,robot2,-1.72501,1.20115
181.5,robot1,-0.726,38.2894
181.5,robot3,-2.727,1.22915
181.5,robot3,-2.727,1.22915
181.5,robot1,-0.726,38.2894
181.5,robot2,-1.72501,1.20115
181.5,robot2,-1.72501,1.20115
181.5,robot1,-0.726,38.2894
181.5,robot3,-2.727,1.22915
181.5,robot3,-2.727,1.22915
181.5,robot1,-0.726,38.2894
181.5,robot2,-1.72501,1.20115
181.5,robot2,-1.72501,1.20115
181.5,robot1,-0.726,38.2894
181.5,robot3,-2.727,1.22915
181.5,robot3,-2.727,1.22915
181.5,robot1,-0.726,38.2894
181.5,robot2,-1.72501,1.20115
181.5,robot2,-1.72501,1.20115
181.5,robot1,-0.726,38.2894
181.5,robot3,-2.727,1.22915
181.5,robot3,-2.727,1.22915
181.5,robot1,-0.726,38.2894
181.5,robot2,-1.72501,1.20115
181.5,robot2,-1.72501,1.20115
181.5,robot1,-0.726,38.2894
181.5,robot3,-2.727,1.22915
181.5,robot3,-2.727,1.22915
181.5,robot1,-0.726,38.2894
181.5,robot2,-1.72501,1.20115
181.5,robot2,-1.72501,1.20115
181.5,robot1,-0.726,38.2894
181.5,robot3,-2.727,1.22915
181.5,robot3,-2.727,1.22908
181.5,robot1,-0.726,38.2894
181.5,robot2,-1.72501,1.20115
181.5,robot2,-1.72501,1.20115
181.5,robot1,-0.726,38.2894
181.5,robot3,-2.727,1.22908
181.5,robot3,-2.727,1.22908
181.5,robot1,-0.726,38.2894
181.5,robot2,-1.72501,1.20115
181.5,robot2,-1.72501,1.20115
181.5,robot1,-0.726,38.2894
181.5,robot3,-2.727,1.22908
181.5,robot3,-2.727,1.22908
181.6,robot1,-0.726,38.2895
181.6,robot2,-1.72497,1.20317
181.6,robot2,-1.72497,1.20197
181.6,robot1,-0.726,38.2895
181.6,robot3,-2.72699,1.22771
181.6,robot3,-2.72699,1.22771
181.6,robot1,-0.726,38.2895
181.6,robot2,-1.72497,1.20197
181.6,robot2,-1.72497,1.20197
181.6,robot1,-0.726,38.2895
181.6,robot3,-2.72699,1.22771
181.6,robot3,-2.72699,1.22771
181.6,robot1,-0.726,38.2895
181.6,robot2,-1.72497,1.20197
181.6,robot2,-1.72497,1.20197
181.6,robot1,-0.726,38.2895
181.6,robot3,-2.72699,1.22771
181.6,robot3,-2.72699,1.22771
181.6,robot1,-0.726,38.2895
181.6,robot2,-1.72497,1.20197
181.6,robot2,-1.72497,1.20197
181.6,robot1,-0.726,38.2895
181.6,robot3,-2.72699,1.22771
181.6,robot3,-2.72699,1.22771
181.6,robot1,-0.726,38.2895
181.6,robot2,-1.72497,1.20197
181.6,robot1,-0.726,38.2895
181.6,robot2,-1.72497,1.20197
181.6,robot3,-2.72699,1.22771
181.6,robot3,-2.72699,1.22771
181.6,robot1,-0.726,38.2895
181.6,robot2,-1.72497,1.20197
181.6,robot2,-1.72497,1.20197
181.6,robot1,-0.726,38.2895
181.6,robot3,-2.72699,1.22771
181.6,robot3,-2.72699,1.22771
181.6,robot1,-0.726,38.2895
181.6,robot2,-1.72497,1.20197
181.6,robot2,-1.72497,1.20197
181.6,robot1,-0.726,38.2895
181.6,robot3,-2.72699,1.22771
181.6,robot3,-2.72699,1.22771
181.6,robot1,-0.726,38.2895
181.6,robot2,-1.72497,1.20197
181.6,robot2,-1.72497,1.20197
181.6,robot1,-0.726,38.2895
181.6,robot3,-2.72699,1.22771
181.6,robot3,-2.72699,1.22716
181.6,robot1,-0.726,38.2895
181.6,robot2,-1.72497,1.20197
181.6,robot2,-1.72497,1.20197
181.6,robot1,-0.726,38.2895
181.6,robot3,-2.72699,1.22716
181.6,robot3,-2.72699,1.22716
181.6,robot1,-0.726,38.2895
181.6,robot2,-1.72497,1.20197
181.6,robot2,-1.72497,1.20197
181.6,robot1,-0.726,38.2895
181.6,robot3,-2.72699,1.22716
181.6,robot3,-2.72699,1.22716
181.7,robot1,-0.726,38.2895
181.7,robot2,-1.72501,1.20155
181.7,robot2,-1.72501,1.20136
181.7,robot1,-0.726,38.2895
181.7,robot3,-2.72699,1.23022
181.7,robot3,-2.72699,1.23022
181.7,robot1,-0.726,38.2895
181.7,robot2,-1.72501,1.20136
181.7,robot2,-1.72501,1.20136
181.7,robot1,-0.726,38.2895
181.7,robot3,-2.72699,1.23022
181.7,robot3,-2.72699,1.23022
181.7,robot1,-0.726,38.2895
181.7,robot2,-1.72501,1.20136
181.7,robot2,-1.72501,1.20136
181.7,robot1,-0.726,38.2895
181.7,robot3,-2.72699,1.23022
181.7,robot3,-2.72699,1.23022
181.7,robot1,-0.726,38.2895
181.7,robot2,-1.72501,1.20136
181.7,robot2,-1.72501,1.20136
181.7,robot1,-0.726,38.2895
181.7,robot3,-2.72699,1.23022
181.7,robot3,-2.72699,1.23022
181.7,robot1,-0.726,38.2895
181.7,robot2,-1.72501,1.20136
181.7,robot2,-1.72501,1.20136
181.7,robot1,-0.726,38.2895
181.7,robot3,-2.72699,1.23022
181.7,robot3,-2.72699,1.23022
181.7,robot1,-0.726,38.2895
181.7,robot2,-1.72501,1.20136
181.7,robot2,-1.72501,1.20136
181.7,robot1,-0.726,38.2895
181.7,robot3,-2.72699,1.23022
181.7,robot3,-2.72699,1.23022
181.7,robot1,-0.726,38.2895
181.7,robot2,-1.72501,1.20136
181.7,robot2,-1.72501,1.20136
181.7,robot1,-0.726,38.2895
181.7,robot3,-2.72699,1.23022
181.7,robot3,-2.72699,1.23022
181.7,robot1,-0.726,38.2895
181.7,robot2,-1.72501,1.20136
181.7,robot2,-1.72501,1.20136
181.7,robot1,-0.726,38.2895
181.7,robot3,-2.72699,1.23022
181.7,robot3,-2.72699,1.23057
181.7,robot1,-0.726,38.2895
181.7,robot2,-1.72501,1.20136
181.7,robot2,-1.72501,1.20136
181.7,robot1,-0.726,38.2895
181.7,robot3,-2.72699,1.23057
181.7,robot3,-2.72699,1.23057
181.7,robot1,-0.726,38.2895
181.7,robot2,-1.72501,1.20136
181.7,robot2,-1.72501,1.20136
181.7,robot1,-0.726,38.2895
181.7,robot3,-2.72699,1.23057
181.7,robot3,-2.72699,1.23057
181.8,robot1,-0.726,38.2895
181.8,robot2,-1.72502,1.20103
181.8,robot2,-1.72503,1.20053
181.8,robot1,-0.726,38.2895
181.8,robot3,-2.72699,1.22667
181.8,robot3,-2.72699,1.22667
181.8,robot1,-0.726,38.2895
181.8,robot2,-1.72503,1.20053
181.8,robot2,-1.72503,1.20053
181.8,robot1,-0.726,38.2895
181.8,robot3,-2.72699,1.22667
181.8,robot3,-2.72699,1.22667
181.8,robot1,-0.726,38.2895
181.8,robot2,-1.72503,1.20053
181.8,robot2,-1.72503,1.20053
181.8,robot1,-0.726,38.2895
181.8,robot3,-2.72699,1.22667
181.8,robot3,-2.72699,1.22667
181.8,robot1,-0.726,38.2895
181.8,robot2,-1.72503,1.20053
181.8,robot2,-1.72503,1.20053
181.8,robot1,-0.726,38.2895
181.8,robot3,-2.72699,1.22667
181.8,robot3,-2.72699,1.22667
181.8,robot1,-0.726,38.2895
181.8,robot2,-1.72503,1.20053
181.8,robot2,-1.72503,1.20053
181.8,robot1,-0.726,38.2895
181.8,robot3,-2.72699,1.22667
181.8,robot3,-2.72699,1.22667
181.8,robot1,-0.726,38.2895
181.8,robot2,-1.72503,1.20053
181.8,robot2,-1.72503,1.20053
181.8,robot1,-0.726,38.2895
181.8,robot3,-2.72699,1.22667
181.8,robot3,-2.72699,1.22667
181.8,robot1,-0.726,38.2895
181.8,robot2,-1.72503,1.20053
181.8,robot2,-1.72503,1.20053
181.8,robot1,-0.726,38.2895
181.8,robot3,-2.72699,1.22667
181.8,robot3,-2.72699,1.22667
181.8,robot1,-0.726,38.2895
181.8,robot2,-1.72503,1.20053
181.8,robot2,-1.72503,1.20053
181.8,robot1,-0.726,38.2895
181.8,robot3,-2.72699,1.22667
181.8,robot3,-2.72699,1.22719
181.8,robot1,-0.726,38.2895
181.8,robot2,-1.72503,1.20053
181.8,robot2,-1.72503,1.20053
181.8,robot1,-0.726,38.2895
181.8,robot3,-2.72699,1.22719
181.8,robot3,-2.72699,1.22719
181.8,robot1,-0.726,38.2895
181.8,robot2,-1.72503,1.20053
181.8,robot2,-1.72503,1.20053
181.8,robot1,-0.726,38.2895
181.8,robot3,-2.72699,1.22719
181.8,robot3,-2.72699,1.22719
181.9,robot1,-0.726,38.2895
181.9,robot2,-1.72501,1.19971
181.9,robot2,-1.72502,1.19949
181.9,robot1,-0.726,38.2895
181.9,robot3,-2.727,1.22731
181.9,robot3,-2.727,1.22731
181.9,robot1,-0.726,38.2895
181.9,robot2,-1.72502,1.19949
181.9,robot2,-1.72502,1.19949
181.9,robot1,-0.726,38.2895
181.9,robot3,-2.727,1.22731
181.9,robot3,-2.727,1.22731
181.9,robot1,-0.726,38.2895
181.9,robot2,-1.72502,1.19949
181.9,robot2,-1.72502,1.19949
181.9,robot1,-0.726,38.2895
181.9,robot3,-2.727,1.22731
181.9,robot3,-2.727,1.22731
181.9,robot1,-0.726,38.2895
181.9,robot2,-1.72502,1.19949
181.9,robot2,-1.72502,1.19949
181.9,robot1,-0.726,38.2895
181.9,robot3,-2.727,1.22731
181.9,robot3,-2.727,1.22731
181.9,robot1,-0.726,38.2895
181.9,robot2,-1.72502,1.19949
181.9,robot2,-1.72502,1.19949
181.9,robot1,-0.726,38.2895
181.9,robot3,-2.727,1.22731
181.9,robot3,-2.727,1.22731
181.9,robot1,-0.726,38.2895
181.9,robot2,-1.72502,1.19949
181.9,robot2,-1.72502,1.19949
181.9,robot1,-0.726,38.2895
181.9,robot3,-2.727,1.22731
181.9,robot3,-2.727,1.22731
181.9,robot1,-0.726,38.2895
181.9,robot2,-1.72502,1.19949
181.9,robot2,-1.72502,1.19949
181.9,robot1,-0.726,38.2895
181.9,robot3,-2.727,1.22731
181.9,robot3,-2.727,1.22731
181.9,robot1,-0.726,38.2895
181.9,robot2,-1.72502,1.19949
181.9,robot2,-1.72502,1.19949
181.9,robot1,-0.726,38.2895
181.9,robot3,-2.727,1.22731
181.9,robot3,-2.727,1.22785
181.9,robot1,-0.726,38.2895
181.9,robot2,-1.72502,1.19949
181.9,robot2,-1.72502,1.19949
181.9,robot1,-0.726,38.2895
181.9,robot3,-2.727,1.22785
181.9,robot3,-2.727,1.22785
181.9,robot1,-0.726,38.2895
181.9,robot2,-1.72502,1.19949
181.9,robot2,-1.72502,1.19949
181.9,robot1,-0.726,38.2895
181.9,robot3,-2.727,1.22785
181.9,robot3,-2.727,1.22785
182,robot1,-0.726,38.2895
182,robot2,-1.72502,1.19949
182,robot2,-1.72503,1.19947
182,robot1,-0.726,38.2895
182,robot3,-2.72697,1.22859
182,robot3,-2.72697,1.22859
182,robot1,-0.725993,38.2895
182,robot2,-1.72497,1.19907
182,robot2,-1.72497,1.19907
182,robot1,-0.725992,38.2891
182,robot3,-2.72697,1.22859
182,robot3,-2.72697,1.22859
182,robot1,-0.725992,38.2891
182,robot2,-1.72497,1.19907
182,robot2,-1.72497,1.19907
182,robot1,-0.725992,38.2891
182,robot3,-2.72697,1.22859
182,robot3,-2.72697,1.22859
182,robot1,-0.725992,38.2891
182,robot2,-1.72497,1.19907
182,robot2,-1.72497,1.19907
182,robot1,-0.725992,38.2891
182,robot3,-2.72697,1.22859
182,robot3,-2.72697,1.22859
182,robot1,-0.725992,38.2891
182,robot2,-1.72497,1.19907
182,robot2,-1.72497,1.19907
182,robot1,-0.725992,38.2891
182,robot3,-2.72697,1.22859
182,robot3,-2.72697,1.22859
182,robot1,-0.725992,38.2891
182,robot2,-1.72497,1.19907
182,robot2,-1.72497,1.19907
182,robot1,-0.725992,38.2891
182,robot3,-2.72697,1.22859
182,robot3,-2.72697,1.22859
182,robot1,-0.725992,38.2891
182,robot2,-1.72497,1.19907
182,robot2,-1.72497,1.19907
182,robot1,-0.725992,38.2891
182,robot3,-2.72697,1.22859
182,robot3,-2.72697,1.22859
182,robot1,-0.725992,38.2891
182,robot2,-1.72497,1.19907
182,robot2,-1.72497,1.19907
182,robot1,-0.725992,38.2891
182,robot3,-2.72697,1.22859
182,robot3,-2.72697,1.22923
182,robot1,-0.725992,38.2891
182,robot2,-1.72497,1.19907
182,robot2,-1.72497,1.19907
182,robot1,-0.725992,38.2891
182,robot3,-2.72697,1.22923
182,robot3,-2.72697,1.22923
182,robot1,-0.725992,38.2891
182,robot2,-1.72497,1.19907
182,robot2,-1.72497,1.19907
182,robot1,-0.725992,38.2891
182,robot3,-2.72697,1.22923
182,robot3,-2.72697,1.22923
182,robot1,-0.725992,38.2891
182,robot2,-1.72497,1.19907
182.1,robot2,-1.72497,1.19835
182.1,robot1,-0.725992,38.2891
182.1,robot3,-2.727,1.22873
182.1,robot3,-2.727,1.22873
182.1,robot1,-0.726005,38.2893
182.1,robot2,-1.72498,1.19817
182.1,robot2,-1.72498,1.19817
182.1,robot1,-0.726007,38.2893
182.1,robot3,-2.727,1.22873
182.1,robot3,-2.727,1.22873
182.1,robot1,-0.726007,38.2893
182.1,robot2,-1.72498,1.19817
182.1,robot2,-1.72498,1.19817
182.1,robot1,-0.726007,38.2893
182.1,robot3,-2.727,1.22873
182.1,robot3,-2.727,1.22873
182.1,robot1,-0.726007,38.2893
182.1,robot2,-1.72498,1.19817
182.1,robot2,-1.72498,1.19817
182.1,robot1,-0.726007,38.2893
182.1,robot3,-2.727,1.22873
182.1,robot3,-2.727,1.22873
182.1,robot1,-0.726007,38.2893
182.1,robot2,-1.72498,1.19817
182.1,robot2,-1.72498,1.19817
182.1,robot1,-0.726007,38.2893
182.1,robot3,-2.727,1.22873
182.1,robot3,-2.727,1.22873
182.1,robot1,-0.726007,38.2893
182.1,robot2,-1.72498,1.19817
182.1,robot2,-1.72498,1.19817
182.1,robot1,-0.726007,38.2893
182.1,robot3,-2.727,1.22873
182.1,robot3,-2.727,1.22873
182.1,robot1,-0.726007,38.2893
182.1,robot2,-1.72498,1.19817
182.1,robot2,-1.72498,1.19817
182.1,robot1,-0.726007,38.2893
182.1,robot3,-2.727,1.22873
182.1,robot3,-2.727,1.22873
182.1,robot1,-0.726007,38.2893
182.1,robot2,-1.72498,1.19817
182.1,robot2,-1.72498,1.19817
182.1,robot1,-0.726007,38.2893
182.1,robot3,-2.727,1.22873
182.1,robot3,-2.727,1.22822
182.1,robot1,-0.726007,38.2893
182.1,robot2,-1.72498,1.19817
182.1,robot2,-1.72498,1.19817
182.1,robot1,-0.726007,38.2893
182.1,robot3,-2.727,1.22822
182.1,robot3,-2.727,1.22822
182.1,robot1,-0.726007,38.2893
182.1,robot2,-1.72498,1.19817
182.1,robot2,-1.72498,1.19817
182.1,robot1,-0.726007,38.2893
182.1,robot3,-2.727,1.22822
182.1,robot3,-2.727,1.22822
182.1,robot1,-0.726007,38.2893
182.1,robot2,-1.72498,1.19817
182.1,robot2,-1.72499,1.19787
182.1,robot1,-0.726007,38.2893
182.2,robot3,-2.72699,1.2296
182.2,robot3,-2.72699,1.2296
182.2,robot1,-0.725998,38.2893
182.2,robot2,-1.72498,1.19943
182.2,robot2,-1.72498,1.19943
182.2,robot1,-0.725999,38.2893
182.2,robot3,-2.72699,1.2296
182.2,robot3,-2.72699,1.2296
182.2,robot1,-0.725999,38.2893
182.2,robot2,-1.72498,1.19943
182.2,robot2,-1.72498,1.19943
182.2,robot1,-0.725999,38.2893
182.2,robot3,-2.72699,1.2296
182.2,robot3,-2.72699,1.2296
182.2,robot1,-0.725999,38.2893
182.2,robot2,-1.72498,1.19943
182.2,robot2,-1.72498,1.19943
182.2,robot1,-0.725999,38.2893
182.2,robot3,-2.72699,1.2296
182.2,robot3,-2.72699,1.2296
182.2,robot1,-0.725999,38.2893
182.2,robot2,-1.72498,1.19943
182.2,robot2,-1.72498,1.19943
182.2,robot1,-0.725999,38.2893
182.2,robot3,-2.72699,1.2296
182.2,robot3,-2.72699,1.2296
182.2,robot1,-0.725999,38.2893
182.2,robot2,-1.72498,1.19943
182.2,robot1,-0.725999,38.2893
182.2,robot2,-1.72498,1.19943
182.2,robot3,-2.72699,1.2296
182.2,robot3,-2.72699,1.2296
182.2,robot1,-0.725999,38.2893
182.2,robot2,-1.72498,1.19943
182.2,robot2,-1.72498,1.19943
182.2,robot1,-0.725999,38.2893
182.2,robot3,-2.72699,1.2296
182.2,robot3,-2.72699,1.2296
182.2,robot1,-0.725999,38.2893
182.2,robot2,-1.72498,1.19943
182.2,robot2,-1.72498,1.19943
182.2,robot1,-0.725999,38.2893
182.2,robot3,-2.72699,1.2296
182.2,robot3,-2.72699,1.22929
182.2,robot1,-0.725999,38.2893
182.2,robot2,-1.72498,1.19943
182.2,robot2,-1.72498,1.19943
182.2,robot1,-0.725999,38.2893
182.2,robot3,-2.72699,1.22929
182.2,robot3,-2.72699,1.22929
182.2,robot1,-0.725999,38.2893
182.2,robot2,-1.72498,1.19943
182.2,robot2,-1.72498,1.19943
182.2,robot1,-0.725999,38.2893
182.2,robot3,-2.72699,1.22929
182.2,robot3,-2.72699,1.22929
182.2,robot2,-1.72498,1.19943
182.2,robot1,-0.725999,38.2893
182.2,robot2,-1.72498,1.19946
182.2,robot1,-0.725999,38.2893
182.2,robot3,-2.72699,1.22929
182.2,robot3,-2.72699,1.22929
182.3,robot1,-0.726,38.2892
182.3,robot2,-1.725,1.19791
182.3,robot2,-1.725,1.19791
182.3,robot1,-0.726,38.2892
182.3,robot3,-2.72699,1.22962
182.3,robot3,-2.72699,1.22962
182.3,robot1,-0.726,38.2892
182.3,robot2,-1.725,1.19791
182.3,robot2,-1.725,1.19791
182.3,robot1,-0.726,38.2892
182.3,robot3,-2.72699,1.22962
182.3,robot3,-2.72699,1.22962
182.3,robot1,-0.726,38.2892
182.3,robot2,-1.725,1.19791
182.3,robot2,-1.725,1.19791
182.3,robot1,-0.726,38.2892
182.3,robot3,-2.72699,1.22962
182.3,robot3,-2.72699,1.22962
182.3,robot1,-0.726,38.2892
182.3,robot2,-1.725,1.19791
182.3,robot2,-1.725,1.19791
182.3,robot1,-0.726,38.2892
182.3,robot3,-2.72699,1.22962
182.3,robot3,-2.72699,1.22962
182.3,robot1,-0.726,38.2892
182.3,robot2,-1.725,1.19791
182.3,robot2,-1.725,1.19791
182.3,robot1,-0.726,38.2892
182.3,robot3,-2.72699,1.22962
182.3,robot3,-2.72699,1.22962
182.3,robot1,-0.726,38.2892
182.3,robot2,-1.725,1.19791
182.3,robot2,-1.725,1.19791
182.3,robot1,-0.726,38.2892
182.3,robot3,-2.72699,1.22962
182.3,robot3,-2.72699,1.22962
182.3,robot1,-0.726,38.2892
182.3,robot2,-1.725,1.19791
182.3,robot2,-1.725,1.19791
182.3,robot1,-0.726,38.2892
182.3,robot3,-2.72699,1.22962
182.3,robot3,-2.72699,1.22993
182.3,robot1,-0.726,38.2892
182.3,robot2,-1.725,1.19791
182.3,robot2,-1.725,1.19791
182.3,robot1,-0.726,38.2892
182.3,robot3,-2.72699,1.22993
182.3,robot3,-2.72699,1.22993
182.3,robot1,-0.726,38.2892
182.3,robot2,-1.725,1.19791
182.3,robot2,-1.725,1.19791
182.3,robot1,-0.726,38.2892
182.3,robot3,-2.72699,1.22993
182.3,robot3,-2.72699,1.22993
182.3,robot1,-0.726,38.2892
182.3,robot2,-1.725,1.19791
182.3,robot2,-1.72499,1.19771
182.3,robot1,-0.726,38.2892
182.3,robot3,-2.72699,1.22993
182.3,robot3,-2.72699,1.22993
182.4,robot1,-0.725998,38.2893
182.4,robot2,-1.72499,1.19867
182.4,robot2,-1.72499,1.19867
182.4,robot1,-0.725998,38.2892
182.4,robot3,-2.727,1.23039
182.4,robot3,-2.727,1.23039
182.4,robot1,-0.725998,38.2892
182.4,robot2,-1.72499,1.19867
182.4,robot2,-1.72499,1.19867
182.4,robot1,-0.725998,38.2892
182.4,robot3,-2.727,1.23039
182.4,robot3,-2.727,1.23039
182.4,robot1,-0.725998,38.2892
182.4,robot2,-1.72499,1.19867
182.4,robot2,-1.72499,1.19867
182.4,robot1,-0.725998,38.2892
182.4,robot3,-2.727,1.23039
182.4,robot3,-2.727,1.23039
182.4,robot1,-0.725998,38.2892
182.4,robot2,-1.72499,1.19867
182.4,robot2,-1.72499,1.19867
182.4,robot1,-0.725998,38.2892
182.4,robot3,-2.727,1.23039
182.4,robot3,-2.727,1.23039
182.4,robot1,-0.725998,38.2892
182.4,robot2,-1.72499,1.19867
182.4,robot2,-1.72499,1.19867
182.4,robot1,-0.725998,38.2892
182.4,robot3,-2.727,1.23039
182.4,robot3,-2.727,1.23039
182.4,robot1,-0.725998,38.2892
182.4,robot2,-1.72499,1.19867
182.4,robot2,-1.72499,1.19867
182.4,robot1,-0.725998,38.2892
182.4,robot3,-2.727,1.23039
182.4,robot3,-2.727,1.23039
182.4,robot1,-0.725998,38.2892
182.4,robot2,-1.72499,1.19867
182.4,robot2,-1.72499,1.19867
182.4,robot1,-0.725998,38.2892
182.4,robot3,-2.727,1.23039
182.4,robot3,-2.727,1.23102
182.4,robot1,-0.725998,38.2892
182.4,robot2,-1.72499,1.19867
182.4,robot2,-1.72499,1.19867
182.4,robot1,-0.725998,38.2892
182.4,robot3,-2.727,1.23102
182.4,robot3,-2.727,1.23102
182.4,robot1,-0.725998,38.2892
182.4,robot2,-1.72499,1.19867
182.4,robot2,-1.72499,1.19867
182.4,robot1,-0.725998,38.2892
182.4,robot3,-2.727,1.23102
182.4,robot3,-2.727,1.23102
182.4,robot1,-0.725998,38.2892
182.4,robot2,-1.72499,1.19867
182.4,robot2,-1.72498,1.198
182.4,robot1,-0.725998,38.2892
182.4,robot3,-2.727,1.23102
182.4,robot3,-2.727,1.23102
182.5,robot1,-0.726,38.2892
182.5,robot2,-1.72496,1.19936
182.5,robot2,-1.72496,1.19936
182.5,robot1,-0.726002,38.2892
182.5,robot3,-2.727,1.22964
182.5,robot3,-2.727,1.22964
182.5,robot1,-0.726002,38.2892
182.5,robot2,-1.72496,1.19936
182.5,robot2,-1.72496,1.19936
182.5,robot1,-0.726002,38.2892
182.5,robot3,-2.727,1.22964
182.5,robot3,-2.727,1.22964
182.5,robot1,-0.726002,38.2892
182.5,robot2,-1.72496,1.19936
182.5,robot2,-1.72496,1.19936
182.5,robot1,-0.726002,38.2892
182.5,robot3,-2.727,1.22964
182.5,robot3,-2.727,1.22964
182.5,robot1,-0.726002,38.2892
182.5,robot2,-1.72496,1.19936
182.5,robot2,-1.72496,1.19936
182.5,robot1,-0.726002,38.2892
182.5,robot3,-2.727,1.22964
182.5,robot3,-2.727,1.22964
182.5,robot1,-0.726002,38.2892
182.5,robot2,-1.72496,1.19936
182.5,robot2,-1.72496,1.19936
182.5,robot1,-0.726002,38.2892
182.5,robot3,-2.727,1.22964
182.5,robot3,-2.727,1.22964
182.5,robot1,-0.726002,38.2892
182.5,robot2,-1.72496,1.19936
182.5,robot2,-1.72496,1.19936
182.5,robot1,-0.726002,38.2892
182.5,robot3,-2.727,1.22964
182.5,robot3,-2.727,1.22964
182.5,robot1,-0.726002,38.2892
182.5,robot2,-1.72496,1.19936
182.5,robot2,-1.72496,1.19936
182.5,robot1,-0.726002,38.2892
182.5,robot3,-2.727,1.22964
182.5,robot3,-2.72701,1.22917
182.5,robot1,-0.726002,38.2892
182.5,robot2,-1.72496,1.19936
182.5,robot2,-1.72496,1.19936
182.5,robot1,-0.726002,38.2892
182.5,robot3,-2.72701,1.22917
182.5,robot3,-2.72701,1.22917
182.5,robot1,-0.726002,38.2892
182.5,robot2,-1.72496,1.19936
182.5,robot2,-1.72496,1.19936
182.5,robot1,-0.726002,38.2892
182.5,robot3,-2.72701,1.22917
182.5,robot3,-2.72701,1.22917
182.5,robot1,-0.726002,38.2892
182.5,robot2,-1.72496,1.19936
182.5,robot2,-1.72497,1.19971
182.5,robot1,-0.726002,38.2892
182.5,robot3,-2.72701,1.22917
182.5,robot3,-2.72701,1.22917
182.6,robot1,-0.725999,38.2892
182.6,robot2,-1.72499,1.19781
182.6,robot2,-1.72499,1.19781
182.6,robot1,-0.726,38.2892
182.6,robot3,-2.72701,1.23106
182.6,robot3,-2.72701,1.23106
182.6,robot1,-0.726,38.2892
182.6,robot2,-1.72499,1.19781
182.6,robot2,-1.72499,1.19781
182.6,robot1,-0.726,38.2892
182.6,robot3,-2.72701,1.23106
182.6,robot3,-2.72701,1.23106
182.6,robot1,-0.726,38.2892
182.6,robot2,-1.72499,1.19781
182.6,robot2,-1.72499,1.19781
182.6,robot1,-0.726,38.2892
182.6,robot3,-2.72701,1.23106
182.6,robot3,-2.72701,1.23106
182.6,robot1,-0.726,38.2892
182.6,robot2,-1.72499,1.19781
182.6,robot2,-1.72499,1.19781
182.6,robot1,-0.726,38.2892
182.6,robot3,-2.72701,1.23106
182.6,robot3,-2.72701,1.23106
182.6,robot1,-0.726,38.2892
182.6,robot2,-1.72499,1.19781
182.6,robot2,-1.72499,1.19781
182.6,robot1,-0.726,38.2892
182.6,robot3,-2.72701,1.23106
182.6,robot3,-2.72701,1.23106
182.6,robot1,-0.726,38.2892
182.6,robot2,-1.72499,1.19781
182.6,robot2,-1.72499,1.19781
182.6,robot1,-0.726,38.2892
182.6,robot3,-2.72701,1.23106
182.6,robot3,-2.72701,1.23106
182.6,robot1,-0.726,38.2892
182.6,robot2,-1.72499,1.19781
182.6,robot1,-0.726,38.2892
182.6,robot2,-1.72499,1.19781
182.6,robot3,-2.72701,1.23106
182.6,robot3,-2.72702,1.22996
182.6,robot1,-0.726,38.2892
182.6,robot2,-1.72499,1.19781
182.6,robot2,-1.72499,1.19781
182.6,robot1,-0.726,38.2892
182.6,robot3,-2.72702,1.22996
182.6,robot3,-2.72702,1.22996
182.6,robot1,-0.726,38.2892
182.6,robot2,-1.72499,1.19781
182.6,robot2,-1.72499,1.19781
182.6,robot1,-0.726,38.2892
182.6,robot3,-2.72702,1.22996
182.6,robot3,-2.72702,1.22996
182.6,robot1,-0.726,38.2892
182.6,robot2,-1.72499,1.19781
182.6,robot2,-1.725,1.19808
182.6,robot1,-0.726,38.2892
182.6,robot3,-2.72702,1.22996
182.6,robot3,-2.72702,1.22996
182.6,robot1,-0.726,38.2892
182.7,robot2,-1.725,1.19808
182.7,robot2,-1.725,1.19808
182.7,robot1,-0.726,38.2892
182.7,robot3,-2.72698,1.23141
182.7,robot3,-2.72698,1.23141
182.7,robot1,-0.725996,38.2892
182.7,robot2,-1.72503,1.19778
182.7,robot2,-1.72503,1.19778
182.7,robot1,-0.725996,38.2892
182.7,robot3,-2.72698,1.23141
182.7,robot3,-2.72698,1.23141
182.7,robot1,-0.725996,38.2892
182.7,robot2,-1.72503,1.19778
182.7,robot2,-1.72503,1.19778
182.7,robot1,-0.725996,38.2892
182.7,robot3,-2.72698,1.23141
182.7,robot3,-2.72698,1.23141
182.7,robot1,-0.725996,38.2892
182.7,robot2,-1.72503,1.19778
182.7,robot2,-1.72503,1.19778
182.7,robot1,-0.725996,38.2892
182.7,robot3,-2.72698,1.23141
182.7,robot3,-2.72698,1.23141
182.7,robot1,-0.725996,38.2892
182.7,robot2,-1.72503,1.19778
182.7,robot2,-1.72503,1.19778
182.7,robot1,-0.725996,38.2892
182.7,robot3,-2.72698,1.23141
182.7,robot3,-2.72698,1.23141
182.7,robot1,-0.725996,38.2892
182.7,robot2,-1.72503,1.19778
182.7,robot2,-1.72503,1.19778
182.7,robot1,-0.725996,38.2892
182.7,robot3,-2.72698,1.23141
182.7,robot3,-2.72698,1.23141
182.7,robot1,-0.725996,38.2892
182.7,robot2,-1.72503,1.19778
182.7,robot2,-1.72503,1.19778
182.7,robot1,-0.725996,38.2892
182.7,robot3,-2.72698,1.23141
182.7,robot3,-2.72699,1.23087
182.7,robot1,-0.725996,38.2892
182.7,robot2,-1.72503,1.19778
182.7,robot2,-1.72503,1.19778
182.7,robot1,-0.725996,38.2892
182.7,robot3,-2.72699,1.23087
182.7,robot3,-2.72699,1.23087
182.7,robot1,-0.725996,38.2892
182.7,robot2,-1.72503,1.19778
182.7,robot2,-1.72503,1.19778
182.7,robot1,-0.725996,38.2892
182.7,robot3,-2.72699,1.23087
182.7,robot3,-2.72699,1.23087
182.7,robot1,-0.725996,38.2892
182.7,robot2,-1.72503,1.19778
182.7,robot2,-1.72504,1.19727
182.7,robot1,-0.725996,38.2892
182.7,robot3,-2.72699,1.23087
182.7,robot3,-2.72699,1.23087
182.7,robot1,-0.725996,38.2892
182.7,robot2,-1.72504,1.19727
182.8,robot2,-1.72504,1.19727
182.8,robot1,-0.725996,38.2892
182.8,robot3,-2.727,1.23036
182.8,robot3,-2.727,1.23036
182.8,robot1,-0.725998,38.2893
182.8,robot2,-1.72503,1.19809
182.8,robot2,-1.72503,1.19809
182.8,robot1,-0.726,38.2891
182.8,robot3,-2.727,1.23036
182.8,robot3,-2.727,1.23036
182.8,robot1,-0.726,38.2891
182.8,robot2,-1.72503,1.19809
182.8,robot2,-1.72503,1.19809
182.8,robot1,-0.726,38.2891
182.8,robot3,-2.727,1.23036
182.8,robot3,-2.727,1.23036
182.8,robot1,-0.726,38.2891
182.8,robot2,-1.72503,1.19809
182.8,robot2,-1.72503,1.19809
182.8,robot1,-0.726,38.2891
182.8,robot3,-2.727,1.23036
182.8,robot3,-2.727,1.23036
182.8,robot1,-0.726,38.2891
182.8,robot2,-1.72503,1.19809
182.8,robot2,-1.72503,1.19809
182.8,robot1,-0.726,38.2891
182.8,robot3,-2.727,1.23036
182.8,robot3,-2.727,1.23036
182.8,robot1,-0.726,38.2891
182.8,robot2,-1.72503,1.19809
182.8,robot2,-1.72503,1.19809
182.8,robot1,-0.726,38.2891
182.8,robot3,-2.727,1.23036
182.8,robot3,-2.727,1.23036
182.8,robot1,-0.726,38.2891
182.8,robot2,-1.72503,1.19809
182.8,robot2,-1.72503,1.19809
182.8,robot1,-0.726,38.2891
182.8,robot3,-2.727,1.23036
182.8,robot3,-2.72701,1.22983
182.8,robot1,-0.726,38.2891
182.8,robot2,-1.72503,1.19809
182.8,robot2,-1.72503,1.19809
182.8,robot1,-0.726,38.2891
182.8,robot3,-2.72701,1.22983
182.8,robot3,-2.72701,1.22983
182.8,robot1,-0.726,38.2891
182.8,robot2,-1.72503,1.19809
182.8,robot2,-1.72503,1.19809
182.8,robot1,-0.726,38.2891
182.8,robot3,-2.72701,1.22983
182.8,robot3,-2.72701,1.22983
182.8,robot1,-0.726,38.2891
182.8,robot2,-1.72503,1.19809
182.8,robot2,-1.72504,1.19757
182.8,robot1,-0.726,38.2891
182.8,robot3,-2.72701,1.22983
182.8,robot3,-2.72701,1.22983
182.8,robot1,-0.726,38.2891
182.8,robot2,-1.72504,1.19757
182.8,robot2,-1.72504,1.19757
182.8,robot1,-0.726,38.2897
182.9,robot3,-2.72699,1.22952
182.9,robot3,-2.72699,1.22952
182.9,robot1,-0.726003,38.2904
182.9,robot2,-1.72502,1.19723
182.9,robot2,-1.72502,1.19723
182.9,robot1,-0.726003,38.2904
182.9,robot3,-2.72699,1.22952
182.9,robot3,-2.72699,1.22952
182.9,robot1,-0.726003,38.2904
182.9,robot2,-1.72502,1.19723
182.9,robot2,-1.72502,1.19723
182.9,robot1,-0.726003,38.2904
182.9,robot3,-2.72699,1.22952
182.9,robot3,-2.72699,1.22952
182.9,robot1,-0.726003,38.2904
182.9,robot2,-1.72502,1.19723
182.9,robot2,-1.72502,1.19723
182.9,robot1,-0.726003,38.2904
182.9,robot3,-2.72699,1.22952
182.9,robot3,-2.72699,1.22952
182.9,robot1,-0.726003,38.2904
182.9,robot2,-1.72502,1.19723
182.9,robot2,-1.72502,1.19723
182.9,robot1,-0.726003,38.2904
182.9,robot3,-2.72699,1.22952
182.9,robot3,-2.72699,1.22952
182.9,robot1,-0.726003,38.2904
182.9,robot2,-1.72502,1.19723
182.9,robot2,-1.72502,1.19723
182.9,robot1,-0.726003,38.2904
182.9,robot3,-2.72699,1.22952
182.9,robot3,-2.72699,1.22952
182.9,robot1,-0.726003,38.2904
182.9,robot2,-1.72502,1.19723
182.9,robot2,-1.72502,1.19723
182.9,robot1,-0.726003,38.2904
182.9,robot3,-2.72699,1.22952
182.9,robot3,-2.727,1.22899
182.9,robot1,-0.726003,38.2904
182.9,robot2,-1.72502,1.19723
182.9,robot2,-1.72502,1.19723
182.9,robot1,-0.726003,38.2904
182.9,robot3,-2.727,1.22899
182.9,robot3,-2.727,1.22899
182.9,robot1,-0.726003,38.2904
182.9,robot2,-1.72502,1.19723
182.9,robot2,-1.72502,1.19723
182.9,robot1,-0.726003,38.2904
182.9,robot3,-2.727,1.22899
182.9,robot3,-2.727,1.22899
182.9,robot1,-0.726003,38.2904
182.9,robot2,-1.72502,1.19723
182.9,robot2,-1.72504,1.19671
182.9,robot1,-0.726003,38.2904
182.9,robot3,-2.727,1.22899
182.9,robot3,-2.727,1.22899
182.9,robot1,-0.726003,38.2904
182.9,robot2,-1.72504,1.19671
182.9,robot2,-1.72504,1.19671
182.9,robot1,-0.726005,38.2904
182.9,robot3,-2.727,1.22899
183,robot3,-2.727,1.22899
183,robot1,-0.726001,38.2901
183,robot2,-1.72502,1.19661
183,robot2,-1.72502,1.19661
183,robot1,-0.726001,38.2901
183,robot3,-2.727,1.22963
183,robot3,-2.727,1.22963
183,robot1,-0.726001,38.2901
183,robot2,-1.72502,1.19661
183,robot2,-1.72502,1.19661
183,robot1,-0.726001,38.2901
183,robot3,-2.727,1.22963
183,robot3,-2.727,1.22963
183,robot1,-0.726001,38.2901
183,robot2,-1.72502,1.19661
183,robot2,-1.72502,1.19661
183,robot1,-0.726001,38.2901
183,robot3,-2.727,1.22963
183,robot3,-2.727,1.22963
183,robot1,-0.726001,38.2901
183,robot2,-1.72502,1.19661
183,robot2,-1.72502,1.19661
183,robot1,-0.726001,38.2901
183,robot3,-2.727,1.22963
183,robot3,-2.727,1.22963
183,robot1,-0.726001,38.2901
183,robot2,-1.72502,1.19661
183,robot2,-1.72502,1.19661
183,robot1,-0.726001,38.2901
183,robot3,-2.727,1.22963
183,robot3,-2.727,1.22963
183,robot1,-0.726001,38.2901
183,robot2,-1.72502,1.19661
183,robot2,-1.72502,1.19661
183,robot1,-0.726001,38.2901
183,robot3,-2.727,1.22963
183,robot3,-2.72701,1.2291
183,robot1,-0.726001,38.2901
183,robot2,-1.72502,1.19661
183,robot2,-1.72502,1.19661
183,robot1,-0.726001,38.2901
183,robot3,-2.72701,1.2291
183,robot3,-2.72701,1.2291
183,robot1,-0.726001,38.2901
183,robot2,-1.72502,1.19661
183,robot2,-1.72502,1.19661
183,robot1,-0.726001,38.2901
183,robot3,-2.72701,1.2291
183,robot3,-2.72701,1.2291
183,robot1,-0.726001,38.2901
183,robot2,-1.72502,1.19661
183,robot2,-1.72503,1.19633
183,robot1,-0.726001,38.2901
183,robot3,-2.72701,1.2291
183,robot3,-2.72701,1.2291
183,robot1,-0.726001,38.2901
183,robot2,-1.72503,1.19633
183,robot2,-1.72503,1.19633
183,robot1,-0.726002,38.2901
183.1,robot3,-2.72701,1.2291
183.1,robot3,-2.72701,1.2291
183.1,robot1,-0.726,38.2899
183.1,robot2,-1.72499,1.1969
183.1,robot2,-1.72499,1.1969
183.1,robot1,-0.726,38.2899
183.1,robot3,-2.72699,1.22864
183.1,robot3,-2.72699,1.22864
183.1,robot1,-0.726,38.2899
183.1,robot2,-1.72499,1.1969
183.1,robot2,-1.72499,1.1969
183.1,robot1,-0.726,38.2899
183.1,robot3,-2.72699,1.22864
183.1,robot3,-2.72699,1.22864
183.1,robot1,-0.726,38.2899
183.1,robot2,-1.72499,1.1969
183.1,robot2,-1.72499,1.1969
183.1,robot1,-0.726,38.2899
183.1,robot3,-2.72699,1.22864
183.1,robot3,-2.72699,1.22864
183.1,robot1,-0.726,38.2899
183.1,robot2,-1.72499,1.1969
183.1,robot2,-1.72499,1.1969
183.1,robot1,-0.726,38.2899
183.1,robot3,-2.72699,1.22864
183.1,robot3,-2.72699,1.22864
183.1,robot1,-0.726,38.2899
183.1,robot2,-1.72499,1.1969
183.1,robot2,-1.72499,1.1969
183.1,robot1,-0.726,38.2899
183.1,robot3,-2.72699,1.22864
183.1,robot3,-2.72699,1.22864
183.1,robot1,-0.726,38.2899
183.1,robot2,-1.72499,1.1969
183.1,robot2,-1.72499,1.1969
183.1,robot1,-0.726,38.2899
183.1,robot3,-2.72699,1.22864
183.1,robot3,-2.727,1.22811
183.1,robot1,-0.726,38.2899
183.1,robot2,-1.72499,1.1969
183.1,robot2,-1.72499,1.1969
183.1,robot1,-0.726,38.2899
183.1,robot3,-2.727,1.22811
183.1,robot3,-2.727,1.22811
183.1,robot1,-0.726,38.2899
183.1,robot2,-1.72499,1.1969
183.1,robot2,-1.72499,1.1969
183.1,robot1,-0.726,38.2899
183.1,robot3,-2.727,1.22811
183.1,robot3,-2.727,1.22811
183.1,robot1,-0.726,38.2899
183.1,robot2,-1.72499,1.1969
183.1,robot2,-1.725,1.19638
183.1,robot1,-0.726,38.2899
183.1,robot3,-2.727,1.22811
183.1,robot3,-2.727,1.22811
183.1,robot1,-0.726,38.2899
183.1,robot2,-1.725,1.19638
183.1,robot2,-1.725,1.19638
183.1,robot1,-0.726,38.2898
183.1,robot3,-2.727,1.22811
183.1,robot3,-2.727,1.22811
183.2,robot1,-0.725994,38.2897
183.2,robot2,-1.72495,1.19652
183.2,robot2,-1.72495,1.19652
183.2,robot1,-0.725994,38.2897
183.2,robot3,-2.72699,1.22869
183.2,robot3,-2.72699,1.22869
183.2,robot1,-0.725994,38.2897
183.2,robot2,-1.72495,1.19652
183.2,robot2,-1.72495,1.19652
183.2,robot1,-0.725994,38.2897
183.2,robot3,-2.72699,1.22869
183.2,robot3,-2.72699,1.22869
183.2,robot1,-0.725994,38.2897
183.2,robot2,-1.72495,1.19652
183.2,robot2,-1.72495,1.19652
183.2,robot1,-0.725994,38.2897
183.2,robot3,-2.72699,1.22869
183.2,robot3,-2.72699,1.22869
183.2,robot1,-0.725994,38.2897
183.2,robot2,-1.72495,1.19652
183.2,robot2,-1.72495,1.19652
183.2,robot1,-0.725994,38.2897
183.2,robot3,-2.72699,1.22869
183.2,robot3,-2.72699,1.22869
183.2,robot1,-0.725994,38.2897
183.2,robot2,-1.72495,1.19652
183.2,robot2,-1.72495,1.19652
183.2,robot1,-0.725994,38.2897
183.2,robot3,-2.72699,1.22869
183.2,robot3,-2.72699,1.22869
183.2,robot1,-0.725994,38.2897
183.2,robot2,-1.72495,1.19652
183.2,robot2,-1.72495,1.19652
183.2,robot1,-0.725994,38.2897
183.2,robot3,-2.72699,1.22869
183.2,robot3,-2.72701,1.2287
183.2,robot1,-0.725994,38.2897
183.2,robot2,-1.72495,1.19652
183.2,robot2,-1.72495,1.19652
183.2,robot1,-0.725994,38.2897
183.2,robot3,-2.72701,1.2287
183.2,robot3,-2.72701,1.2287
183.2,robot1,-0.725994,38.2897
183.2,robot2,-1.72495,1.19652
183.2,robot2,-1.72495,1.19652
183.2,robot1,-0.725994,38.2897
183.2,robot3,-2.72701,1.2287
183.2,robot3,-2.72701,1.2287
183.2,robot1,-0.725994,38.2897
183.2,robot2,-1.72495,1.19652
183.2,robot2,-1.72494,1.19599
183.2,robot1,-0.725994,38.2897
183.2,robot3,-2.72701,1.2287
183.2,robot3,-2.72701,1.2287
183.2,robot1,-0.725994,38.2897
183.2,robot2,-1.72494,1.19599
183.2,robot2,-1.72494,1.19599
183.2,robot1,-0.725996,38.2897
183.2,robot3,-2.72701,1.2287
183.2,robot3,-2.72701,1.2287
183.3,robot1,-0.726007,38.2897
183.3,robot2,-1.72495,1.19611
183.3,robot2,-1.72495,1.19611
183.3,robot1,-0.726007,38.2897
183.3,robot3,-2.72699,1.22692
183.3,robot3,-2.72699,1.22692
183.3,robot1,-0.726007,38.2897
183.3,robot2,-1.72495,1.19611
183.3,robot2,-1.72495,1.19611
183.3,robot1,-0.726007,38.2897
183.3,robot3,-2.72699,1.22692
183.3,robot3,-2.72699,1.22692
183.3,robot1,-0.726007,38.2897
183.3,robot2,-1.72495,1.19611
183.3,robot2,-1.72495,1.19611
183.3,robot1,-0.726007,38.2897
183.3,robot3,-2.72699,1.22692
183.3,robot3,-2.72699,1.22692
183.3,robot1,-0.726007,38.2897
183.3,robot2,-1.72495,1.19611
183.3,robot2,-1.72495,1.19611
183.3,robot1,-0.726007,38.2897
183.3,robot3,-2.72699,1.22692
183.3,robot3,-2.72699,1.22692
183.3,robot1,-0.726007,38.2897
183.3,robot2,-1.72495,1.19611
183.3,robot2,-1.72495,1.19611
183.3,robot1,-0.726007,38.2897
183.3,robot3,-2.72699,1.22692
183.3,robot3,-2.72699,1.22692
183.3,robot1,-0.726007,38.2897
183.3,robot2,-1.72495,1.19611
183.3,robot2,-1.72495,1.19611
183.3,robot1,-0.726007,38.2897
183.3,robot3,-2.72699,1.22692
183.3,robot3,-2.72699,1.22739
183.3,robot1,-0.726007,38.2897
183.3,robot2,-1.72495,1.19611
183.3,robot2,-1.72495,1.19611
183.3,robot1,-0.726007,38.2897
183.3,robot3,-2.72699,1.22739
183.3,robot3,-2.72699,1.22739
183.3,robot1,-0.726007,38.2897
183.3,robot2,-1.72495,1.19611
183.3,robot2,-1.72495,1.19611
183.3,robot1,-0.726007,38.2897
183.3,robot3,-2.72699,1.22739
183.3,robot3,-2.72699,1.22739
183.3,robot1,-0.726007,38.2897
183.3,robot2,-1.72495,1.19611
183.3,robot2,-1.72495,1.19644
183.3,robot1,-0.726007,38.2897
183.3,robot3,-2.72699,1.22739
183.3,robot3,-2.72699,1.22739
183.3,robot1,-0.726007,38.2897
183.3,robot2,-1.72495,1.19644
183.3,robot2,-1.72495,1.19644
183.3,robot1,-0.726008,38.2897
183.3,robot3,-2.72699,1.22739
183.3,robot3,-2.72699,1.22739
183.4,robot1,-0.726,38.2896
183.4,robot2,-1.72498,1.19436
183.4,robot2,-1.72498,1.19436
183.4,robot1,-0.726,38.2896
183.4,robot3,-2.72701,1.22678
183.4,robot3,-2.72701,1.22678
183.4,robot1,-0.726,38.2896
183.4,robot2,-1.72498,1.19436
183.4,robot2,-1.72498,1.19436
183.4,robot1,-0.726,38.2896
183.4,robot3,-2.72701,1.22678
183.4,robot3,-2.72701,1.22678
183.4,robot1,-0.726,38.2896
183.4,robot2,-1.72498,1.19436
183.4,robot2,-1.72498,1.19436
183.4,robot1,-0.726,38.2896
183.4,robot3,-2.72701,1.22678
183.4,robot3,-2.72701,1.22678
183.4,robot1,-0.726,38.2896
183.4,robot2,-1.72498,1.19436
183.4,robot2,-1.72498,1.19436
183.4,robot1,-0.726,38.2896
183.4,robot3,-2.72701,1.22678
183.4,robot3,-2.72701,1.22678
183.4,robot1,-0.726,38.2896
183.4,robot2,-1.72498,1.19436
183.4,robot2,-1.72498,1.19436
183.4,robot1,-0.726,38.2896
183.4,robot3,-2.72701,1.22678
183.4,robot3,-2.72701,1.22678
183.4,robot1,-0.726,38.2896
183.4,robot2,-1.72498,1.19436
183.4,robot2,-1.72498,1.19436
183.4,robot1,-0.726,38.2896
183.4,robot3,-2.72701,1.22678
183.4,robot3,-2.72701,1.22798
183.4,robot1,-0.726,38.2896
183.4,robot2,-1.72498,1.19436
183.4,robot2,-1.72498,1.19436
183.4,robot1,-0.726,38.2896
183.4,robot3,-2.72701,1.22798
183.4,robot3,-2.72701,1.22798
183.4,robot1,-0.726,38.2896
183.4,robot2,-1.72498,1.19436
183.4,robot2,-1.72498,1.19436
183.4,robot1,-0.726,38.2896
183.4,robot3,-2.72701,1.22798
183.4,robot3,-2.72701,1.22798
183.4,robot1,-0.726,38.2896
183.4,robot2,-1.72498,1.19436
183.4,robot2,-1.72498,1.19459
183.4,robot1,-0.726,38.2896
183.4,robot3,-2.72701,1.22798
183.4,robot3,-2.72701,1.22798
183.4,robot1,-0.726,38.2896
183.4,robot2,-1.72498,1.19459
183.4,robot2,-1.72498,1.19459
183.4,robot1,-0.726001,38.2896
183.4,robot3,-2.72701,1.22798
183.4,robot3,-2.72701,1.22798
183.5,robot1,-0.726002,38.2896
183.5,robot2,-1.72497,1.19579
183.5,robot2,-1.72497,1.19579
183.5,robot1,-0.726002,38.2896
183.5,robot3,-2.727,1.22841
183.5,robot3,-2.727,1.22841
183.5,robot1,-0.726002,38.2896
183.5,robot2,-1.72497,1.19579
183.5,robot2,-1.72497,1.19579
183.5,robot1,-0.726002,38.2896
183.5,robot3,-2.727,1.22841
183.5,robot3,-2.727,1.22841
183.5,robot1,-0.726002,38.2896
183.5,robot2,-1.72497,1.19579
183.5,robot2,-1.72497,1.19579
183.5,robot1,-0.726002,38.2896
183.5,robot3,-2.727,1.22841
183.5,robot3,-2.727,1.22841
183.5,robot1,-0.726002,38.2896
183.5,robot2,-1.72497,1.19579
183.5,robot2,-1.72497,1.19579
183.5,robot1,-0.726002,38.2896
183.5,robot3,-2.727,1.22841
183.5,robot3,-2.727,1.22841
183.5,robot1,-0.726002,38.2896
183.5,robot2,-1.72497,1.19579
183.5,robot2,-1.72497,1.19579
183.5,robot1,-0.726002,38.2896
183.5,robot3,-2.727,1.22841
183.5,robot3,-2.727,1.22841
183.5,robot1,-0.726002,38.2896
183.5,robot2,-1.72497,1.19579
183.5,robot2,-1.72497,1.19579
183.5,robot1,-0.726002,38.2896
183.5,robot3,-2.727,1.22841
183.5,robot3,-2.727,1.22822
183.5,robot1,-0.726002,38.2896
183.5,robot2,-1.72497,1.19579
183.5,robot2,-1.72497,1.19579
183.5,robot1,-0.726002,38.2896
183.5,robot3,-2.727,1.22822
183.5,robot3,-2.727,1.22822
183.5,robot1,-0.726002,38.2896
183.5,robot2,-1.72497,1.19579
183.5,robot2,-1.72497,1.19579
183.5,robot1,-0.726002,38.2896
183.5,robot3,-2.727,1.22822
183.5,robot3,-2.727,1.22822
183.5,robot1,-0.726002,38.2896
183.5,robot2,-1.72497,1.19579
183.5,robot2,-1.72497,1.19551
183.5,robot1,-0.726002,38.2896
183.5,robot3,-2.727,1.22822
183.5,robot3,-2.727,1.22822
183.5,robot1,-0.726002,38.2896
183.5,robot2,-1.72497,1.19551
183.5,robot2,-1.72497,1.19551
183.5,robot1,-0.726004,38.2896
183.5,robot3,-2.727,1.22822
183.5,robot3,-2.727,1.22822
183.6,robot1,-0.726001,38.2896
183.6,robot2,-1.72498,1.19346
183.6,robot2,-1.72498,1.19346
183.6,robot1,-0.726001,38.2896
183.6,robot3,-2.72698,1.22863
183.6,robot3,-2.72698,1.22863
183.6,robot1,-0.726001,38.2896
183.6,robot2,-1.72498,1.19346
183.6,robot2,-1.72498,1.19346
183.6,robot1,-0.726001,38.2896
183.6,robot3,-2.72698,1.22863
183.6,robot3,-2.72698,1.22863
183.6,robot1,-0.726001,38.2896
183.6,robot2,-1.72498,1.19346
183.6,robot2,-1.72498,1.19346
183.6,robot1,-0.726001,38.2896
183.6,robot3,-2.72698,1.22863
183.6,robot3,-2.72698,1.22863
183.6,robot1,-0.726001,38.2896
183.6,robot2,-1.72498,1.19346
183.6,robot2,-1.72498,1.19346
183.6,robot1,-0.726001,38.2896
183.6,robot3,-2.72698,1.22863
183.6,robot3,-2.72698,1.22863
183.6,robot1,-0.726001,38.2896
183.6,robot2,-1.72498,1.19346
183.6,robot2,-1.72498,1.19346
183.6,robot1,-0.726001,38.2896
183.6,robot3,-2.72698,1.22863
183.6,robot3,-2.72698,1.22863
183.6,robot1,-0.726001,38.2896
183.6,robot2,-1.72498,1.19346
183.6,robot2,-1.72498,1.19346
183.6,robot1,-0.726001,38.2896
183.6,robot3,-2.72698,1.22863
183.6,robot3,-2.72699,1.22867
183.6,robot1,-0.726001,38.2896
183.6,robot2,-1.72498,1.19346
183.6,robot2,-1.72498,1.19346
183.6,robot1,-0.726001,38.2896
183.6,robot3,-2.72699,1.22867
183.6,robot3,-2.72699,1.22867
183.6,robot1,-0.726001,38.2896
183.6,robot2,-1.72498,1.19346
183.6,robot2,-1.72498,1.19346
183.6,robot1,-0.726001,38.2896
183.6,robot3,-2.72699,1.22867
183.6,robot3,-2.72699,1.22867
183.6,robot1,-0.726001,38.2896
183.6,robot2,-1.72498,1.19346
183.6,robot2,-1.72498,1.19351
183.6,robot1,-0.726001,38.2896
183.6,robot3,-2.72699,1.22867
183.6,robot3,-2.72699,1.22867
183.6,robot1,-0.726001,38.2896
183.6,robot2,-1.72498,1.19351
183.6,robot2,-1.72498,1.19351
183.6,robot1,-0.726005,38.2896
183.6,robot3,-2.72699,1.22867
183.6,robot3,-2.72699,1.22867
183.7,robot1,-0.726013,38.2896
183.7,robot2,-1.72499,1.19528
183.7,robot1,-0.726013,38.2896
183.7,robot2,-1.72499,1.19528
183.7,robot3,-2.72699,1.22691
183.7,robot3,-2.72699,1.22691
183.7,robot1,-0.726013,38.2896
183.7,robot2,-1.72499,1.19528
183.7,robot2,-1.72499,1.19528
183.7,robot1,-0.726013,38.2896
183.7,robot3,-2.72699,1.22691
183.7,robot3,-2.72699,1.22691
183.7,robot1,-0.726013,38.2896
183.7,robot2,-1.72499,1.19528
183.7,robot1,-0.726013,38.2896
183.7,robot2,-1.72499,1.19528
183.7,robot3,-2.72699,1.22691
183.7,robot3,-2.72699,1.22691
183.7,robot1,-0.726013,38.2896
183.7,robot2,-1.72499,1.19528
183.7,robot2,-1.72499,1.19528
183.7,robot1,-0.726013,38.2896
183.7,robot3,-2.72699,1.22691
183.7,robot3,-2.72699,1.22691
183.7,robot1,-0.726013,38.2896
183.7,robot2,-1.72499,1.19528
183.7,robot2,-1.72499,1.19528
183.7,robot1,-0.726013,38.2896
183.7,robot3,-2.72699,1.22691
183.7,robot3,-2.72699,1.22691
183.7,robot1,-0.726013,38.2896
183.7,robot2,-1.72499,1.19528
183.7,robot2,-1.72499,1.19528
183.7,robot1,-0.726013,38.2896
183.7,robot3,-2.72699,1.22691
183.7,robot3,-2.72699,1.22686
183.7,robot1,-0.726013,38.2896
183.7,robot2,-1.72499,1.19528
183.7,robot2,-1.72499,1.19528
183.7,robot1,-0.726013,38.2896
183.7,robot3,-2.72699,1.22686
183.7,robot3,-2.72699,1.22686
183.7,robot1,-0.726013,38.2896
183.7,robot2,-1.72499,1.19528
183.7,robot2,-1.72499,1.19528
183.7,robot1,-0.726013,38.2896
183.7,robot3,-2.72699,1.22686
183.7,robot3,-2.72699,1.22686
183.7,robot1,-0.726013,38.2896
183.7,robot2,-1.72499,1.19528
183.7,robot2,-1.725,1.19392
183.7,robot1,-0.726013,38.2896
183.7,robot3,-2.72699,1.22686
183.7,robot3,-2.72699,1.22686
183.7,robot1,-0.726013,38.2896
183.7,robot2,-1.725,1.19392
183.7,robot2,-1.725,1.19392
183.7,robot1,-0.726019,38.2897
183.7,robot3,-2.72699,1.22686
183.7,robot3,-2.72699,1.22686
183.8,robot1,-0.726009,38.2898
183.8,robot2,-1.72501,1.19642
183.8,robot2,-1.72501,1.19642
183.8,robot1,-0.726009,38.2898
183.8,robot3,-2.72698,1.22759
183.8,robot3,-2.72698,1.22759
183.8,robot1,-0.726009,38.2898
183.8,robot2,-1.72501,1.19642
183.8,robot2,-1.72501,1.19642
183.8,robot1,-0.726009,38.2898
183.8,robot3,-2.72698,1.22759
183.8,robot3,-2.72698,1.22759
183.8,robot1,-0.726009,38.2898
183.8,robot2,-1.72501,1.19642
183.8,robot2,-1.72501,1.19642
183.8,robot1,-0.726009,38.2898
183.8,robot3,-2.72698,1.22759
183.8,robot3,-2.72698,1.22759
183.8,robot1,-0.726009,38.2898
183.8,robot2,-1.72501,1.19642
183.8,robot2,-1.72501,1.19642
183.8,robot1,-0.726009,38.2898
183.8,robot3,-2.72698,1.22759
183.8,robot3,-2.72698,1.22759
183.8,robot1,-0.726009,38.2898
183.8,robot2,-1.72501,1.19642
183.8,robot2,-1.72501,1.19642
183.8,robot1,-0.726009,38.2898
183.8,robot3,-2.72698,1.22759
183.8,robot3,-2.72698,1.22759
183.8,robot1,-0.726009,38.2898
183.8,robot2,-1.72501,1.19642
183.8,robot2,-1.72501,1.19642
183.8,robot1,-0.726009,38.2898
183.8,robot3,-2.72698,1.22759
183.8,robot3,-2.72699,1.22781
183.8,robot1,-0.726009,38.2898
183.8,robot2,-1.72501,1.19642
183.8,robot2,-1.72501,1.19642
183.8,robot1,-0.726009,38.2898
183.8,robot3,-2.72699,1.22781
183.8,robot3,-2.72699,1.22781
183.8,robot1,-0.726009,38.2898
183.8,robot2,-1.72501,1.19642
183.8,robot2,-1.72501,1.19642
183.8,robot1,-0.726009,38.2898
183.8,robot3,-2.72699,1.22781
183.8,robot3,-2.72699,1.22781
183.8,robot1,-0.726009,38.2898
183.8,robot2,-1.72501,1.19642
183.8,robot2,-1.72502,1.19553
183.8,robot1,-0.726009,38.2898
183.8,robot3,-2.72699,1.22781
183.8,robot3,-2.72699,1.22781
183.8,robot1,-0.726009,38.2898
183.8,robot2,-1.72502,1.19553
183.8,robot2,-1.72502,1.19553
183.8,robot1,-0.726012,38.2898
183.8,robot3,-2.72699,1.22781
183.8,robot3,-2.72699,1.22781
183.8,robot1,-0.726012,38.2898
183.9,robot2,-1.72502,1.19553
183.9,robot2,-1.72502,1.19553
183.9,robot1,-0.726012,38.2898
183.9,robot3,-2.72699,1.22888
183.9,robot3,-2.72699,1.22888
183.9,robot1,-0.726001,38.2897
183.9,robot2,-1.72501,1.19296
183.9,robot2,-1.72501,1.19296
183.9,robot1,-0.726001,38.2897
183.9,robot3,-2.72699,1.22888
183.9,robot3,-2.72699,1.22888
183.9,robot1,-0.726001,38.2897
183.9,robot2,-1.72501,1.19296
183.9,robot2,-1.72501,1.19296
183.9,robot1,-0.726001,38.2897
183.9,robot3,-2.72699,1.22888
183.9,robot3,-2.72699,1.22888
183.9,robot1,-0.726001,38.2897
183.9,robot2,-1.72501,1.19296
183.9,robot2,-1.72501,1.19296
183.9,robot1,-0.726001,38.2897
183.9,robot3,-2.72699,1.22888
183.9,robot3,-2.72699,1.22888
183.9,robot1,-0.726001,38.2897
183.9,robot2,-1.72501,1.19296
183.9,robot2,-1.72501,1.19296
183.9,robot1,-0.726001,38.2897
183.9,robot3,-2.72699,1.22888
183.9,robot3,-2.72699,1.22888
183.9,robot1,-0.726001,38.2897
183.9,robot2,-1.72501,1.19296
183.9,robot2,-1.72501,1.19296
183.9,robot1,-0.726001,38.2897
183.9,robot3,-2.72699,1.22888
183.9,robot3,-2.72699,1.22947
183.9,robot1,-0.726001,38.2897
183.9,robot2,-1.72501,1.19296
183.9,robot2,-1.72501,1.19296
183.9,robot1,-0.726001,38.2897
183.9,robot3,-2.72699,1.22947
183.9,robot3,-2.72699,1.22947
183.9,robot1,-0.726001,38.2897
183.9,robot2,-1.72501,1.19296
183.9,robot2,-1.72501,1.19296
183.9,robot1,-0.726001,38.2897
183.9,robot3,-2.72699,1.22947
183.9,robot3,-2.72699,1.22947
183.9,robot1,-0.726001,38.2897
183.9,robot2,-1.72501,1.19296
183.9,robot2,-1.72502,1.19356
183.9,robot1,-0.726001,38.2897
183.9,robot3,-2.72699,1.22947
183.9,robot3,-2.72699,1.22947
183.9,robot1,-0.726001,38.2897
183.9,robot2,-1.72502,1.19356
183.9,robot2,-1.72502,1.19356
183.9,robot1,-0.726002,38.2897
183.9,robot3,-2.72699,1.22947
183.9,robot3,-2.72699,1.22947
183.9,robot1,-0.726002,38.2897
183.9,robot2,-1.72502,1.19356
184,robot2,-1.72502,1.19356
184,robot1,-0.726002,38.2897
184,robot3,-2.72699,1.22997
184,robot3,-2.72699,1.22997
184,robot1,-0.726,38.2896
184,robot2,-1.72499,1.19261
184,robot2,-1.72499,1.19261
184,robot1,-0.726,38.2896
184,robot3,-2.72699,1.22997
184,robot3,-2.72699,1.22997
184,robot1,-0.726,38.2896
184,robot2,-1.72499,1.19261
184,robot1,-0.726,38.2896
184,robot2,-1.72499,1.19261
184,robot3,-2.72699,1.22997
184,robot3,-2.72699,1.22997
184,robot1,-0.726,38.2896
184,robot2,-1.72499,1.19261
184,robot2,-1.72499,1.19261
184,robot1,-0.726,38.2896
184,robot3,-2.72699,1.22997
184,robot3,-2.72699,1.22997
184,robot1,-0.726,38.2896
184,robot2,-1.72499,1.19261
184,robot2,-1.72499,1.19261
184,robot1,-0.726,38.2896
184,robot3,-2.72699,1.22997
184,robot3,-2.72699,1.22997
184,robot1,-0.726,38.2896
184,robot2,-1.72499,1.19261
184,robot2,-1.72499,1.19261
184,robot1,-0.726,38.2896
184,robot3,-2.72699,1.22997
184,robot3,-2.72699,1.22953
184,robot1,-0.726,38.2896
184,robot2,-1.72499,1.19261
184,robot2,-1.72499,1.19261
184,robot1,-0.726,38.2896
184,robot3,-2.72699,1.22953
184,robot3,-2.72699,1.22953
184,robot1,-0.726,38.2896
184,robot2,-1.72499,1.19261
184,robot2,-1.72499,1.19261
184,robot1,-0.726,38.2896
184,robot3,-2.72699,1.22953
184,robot3,-2.72699,1.22953
184,robot1,-0.726,38.2896
184,robot2,-1.72499,1.19261
184,robot2,-1.725,1.19225
184,robot1,-0.726,38.2896
184,robot3,-2.72699,1.22953
184,robot3,-2.72699,1.22953
184,robot1,-0.726,38.2896
184,robot2,-1.725,1.19225
184,robot2,-1.725,1.19225
184,robot1,-0.726001,38.2896
184,robot3,-2.72699,1.22953
184,robot3,-2.72699,1.22953
184,robot1,-0.726001,38.2896
184,robot2,-1.725,1.19225
184,robot2,-1.725,1.19225
184,robot1,-0.726001,38.2896
184.1,robot3,-2.72699,1.23182
184.1,robot3,-2.72699,1.23182
184.1,robot1,-0.726,38.2895
184.1,robot2,-1.72499,1.19363
184.1,robot2,-1.72499,1.19363
184.1,robot1,-0.726,38.2895
184.1,robot3,-2.72699,1.23182
184.1,robot3,-2.72699,1.23182
184.1,robot1,-0.726,38.2895
184.1,robot2,-1.72499,1.19363
184.1,robot2,-1.72499,1.19363
184.1,robot1,-0.726,38.2895
184.1,robot3,-2.72699,1.23182
184.1,robot3,-2.72699,1.23182
184.1,robot1,-0.726,38.2895
184.1,robot2,-1.72499,1.19363
184.1,robot2,-1.72499,1.19363
184.1,robot1,-0.726,38.2895
184.1,robot3,-2.72699,1.23182
184.1,robot3,-2.72699,1.23182
184.1,robot1,-0.726,38.2895
184.1,robot2,-1.72499,1.19363
184.1,robot2,-1.72499,1.19363
184.1,robot1,-0.726,38.2895
184.1,robot3,-2.72699,1.23182
184.1,robot3,-2.72699,1.23182
184.1,robot1,-0.726,38.2895
184.1,robot2,-1.72499,1.19363
184.1,robot2,-1.72499,1.19363
184.1,robot1,-0.726,38.2895
184.1,robot3,-2.72699,1.23182
184.1,robot3,-2.72699,1.23053
184.1,robot1,-0.726,38.2895
184.1,robot2,-1.72499,1.19363
184.1,robot2,-1.72499,1.19363
184.1,robot1,-0.726,38.2895
184.1,robot3,-2.72699,1.23053
184.1,robot3,-2.72699,1.23053
184.1,robot1,-0.726,38.2895
184.1,robot2,-1.72499,1.19363
184.1,robot2,-1.72499,1.19363
184.1,robot1,-0.726,38.2895
184.1,robot3,-2.72699,1.23053
184.1,robot3,-2.72699,1.23053
184.1,robot1,-0.726,38.2895
184.1,robot2,-1.72499,1.19363
184.1,robot2,-1.725,1.19301
184.1,robot1,-0.726,38.2895
184.1,robot3,-2.72699,1.23053
184.1,robot3,-2.72699,1.23053
184.1,robot1,-0.726,38.2895
184.1,robot2,-1.725,1.19301
184.1,robot2,-1.725,1.19301
184.1,robot1,-0.726,38.2895
184.1,robot3,-2.72699,1.23053
184.1,robot3,-2.72699,1.23053
184.1,robot1,-0.726,38.2895
184.1,robot2,-1.725,1.19301
184.1,robot2,-1.725,1.19301
184.1,robot1,-0.726,38.2895
184.2,robot3,-2.72699,1.23197
184.2,robot3,-2.72699,1.23197
184.2,robot1,-0.726,38.2895
184.2,robot2,-1.72498,1.19388
184.2,robot2,-1.72498,1.19388
184.2,robot1,-0.726,38.2895
184.2,robot3,-2.72699,1.23197
184.2,robot3,-2.72699,1.23197
184.2,robot1,-0.726,38.2895
184.2,robot2,-1.72498,1.19388
184.2,robot2,-1.72498,1.19388
184.2,robot1,-0.726,38.2895
184.2,robot3,-2.72699,1.23197
184.2,robot3,-2.72699,1.23197
184.2,robot1,-0.726,38.2895
184.2,robot2,-1.72498,1.19388
184.2,robot2,-1.72498,1.19388
184.2,robot1,-0.726,38.2895
184.2,robot3,-2.72699,1.23197
184.2,robot3,-2.72699,1.23197
184.2,robot1,-0.726,38.2895
184.2,robot2,-1.72498,1.19388
184.2,robot2,-1.72498,1.19388
184.2,robot1,-0.726,38.2895
184.2,robot3,-2.72699,1.23197
184.2,robot3,-2.72699,1.23197
184.2,robot1,-0.726,38.2895
184.2,robot2,-1.72498,1.19388
184.2,robot2,-1.72498,1.19388
184.2,robot1,-0.726,38.2895
184.2,robot3,-2.72699,1.23197
184.2,robot3,-2.72699,1.23231
184.2,robot1,-0.726,38.2895
184.2,robot2,-1.72498,1.19388
184.2,robot2,-1.72498,1.19388
184.2,robot1,-0.726,38.2895
184.2,robot3,-2.72699,1.23231
184.2,robot3,-2.72699,1.23231
184.2,robot1,-0.726,38.2895
184.2,robot2,-1.72498,1.19388
184.2,robot2,-1.72498,1.19388
184.2,robot1,-0.726,38.2895
184.2,robot3,-2.72699,1.23231
184.2,robot3,-2.72699,1.23231
184.2,robot1,-0.726,38.2895
184.2,robot2,-1.72498,1.19388
184.2,robot2,-1.72498,1.19278
184.2,robot1,-0.726,38.2895
184.2,robot3,-2.72699,1.23231
184.2,robot3,-2.72699,1.23231
184.2,robot1,-0.726,38.2895
184.2,robot2,-1.72498,1.19278
184.2,robot2,-1.72498,1.19278
184.2,robot1,-0.726,38.2895
184.2,robot3,-2.72699,1.23231
184.2,robot3,-2.72699,1.23231
184.2,robot1,-0.726,38.2895
184.2,robot2,-1.72498,1.19278
184.2,robot2,-1.72498,1.19278
184.2,robot1,-0.726,38.2895
184.3,robot3,-2.727,1.22918
184.3,robot3,-2.727,1.22918
184.3,robot1,-0.726,38.2895
184.3,robot2,-1.72499,1.19471
184.3,robot2,-1.72499,1.19471
184.3,robot1,-0.726,38.2895
184.3,robot3,-2.727,1.22918
184.3,robot3,-2.727,1.22918
184.3,robot1,-0.726,38.2895
184.3,robot2,-1.72499,1.19471
184.3,robot2,-1.72499,1.19471
184.3,robot1,-0.726,38.2895
184.3,robot3,-2.727,1.22918
184.3,robot3,-2.727,1.22918
184.3,robot1,-0.726,38.2895
184.3,robot2,-1.72499,1.19471
184.3,robot2,-1.72499,1.19471
184.3,robot1,-0.726,38.2895
184.3,robot3,-2.727,1.22918
184.3,robot3,-2.727,1.22918
184.3,robot1,-0.726,38.2895
184.3,robot2,-1.72499,1.19471
184.3,robot2,-1.72499,1.19471
184.3,robot1,-0.726,38.2895
184.3,robot3,-2.727,1.22918
184.3,robot3,-2.727,1.22918
184.3,robot1,-0.726,38.2895
184.3,robot2,-1.72499,1.19471
184.3,robot2,-1.72499,1.19471
184.3,robot1,-0.726,38.2895
184.3,robot3,-2.727,1.22918
184.3,robot3,-2.72701,1.2299
184.3,robot1,-0.726,38.2895
184.3,robot2,-1.72499,1.19471
184.3,robot2,-1.72499,1.19471
184.3,robot1,-0.726,38.2895
184.3,robot3,-2.72701,1.2299
184.3,robot3,-2.72701,1.2299
184.3,robot1,-0.726,38.2895
184.3,robot2,-1.72499,1.19471
184.3,robot2,-1.72499,1.19471
184.3,robot1,-0.726,38.2895
184.3,robot3,-2.72701,1.2299
184.3,robot3,-2.72701,1.2299
184.3,robot1,-0.726,38.2895
184.3,robot2,-1.72499,1.19471
184.3,robot2,-1.72499,1.19564
184.3,robot1,-0.726,38.2895
184.3,robot3,-2.72701,1.2299
184.3,robot3,-2.72701,1.2299
184.3,robot1,-0.726,38.2895
184.3,robot2,-1.72499,1.19564
184.3,robot2,-1.72499,1.19564
184.3,robot1,-0.726,38.2895
184.3,robot3,-2.72701,1.2299
184.3,robot3,-2.72701,1.2299
184.3,robot1,-0.726,38.2895
184.3,robot2,-1.72499,1.19564
184.3,robot2,-1.72499,1.19564
184.3,robot1,-0.726,38.2895
184.3,robot3,-2.72701,1.2299
184.4,robot3,-2.72701,1.2299
184.4,robot1,-0.726,38.2895
184.4,robot2,-1.725,1.19397
184.4,robot2,-1.725,1.19397
184.4,robot1,-0.726,38.2895
184.4,robot3,-2.727,1.22621
184.4,robot3,-2.727,1.22621
184.4,robot1,-0.726,38.2895
184.4,robot2,-1.725,1.19397
184.4,robot2,-1.725,1.19397
184.4,robot1,-0.726,38.2895
184.4,robot3,-2.727,1.22621
184.4,robot3,-2.727,1.22621
184.4,robot1,-0.726,38.2895
184.4,robot2,-1.725,1.19397
184.4,robot2,-1.725,1.19397
184.4,robot1,-0.726,38.2895
184.4,robot3,-2.727,1.22621
184.4,robot3,-2.727,1.22621
184.4,robot1,-0.726,38.2895
184.4,robot2,-1.725,1.19397
184.4,robot2,-1.725,1.19397
184.4,robot1,-0.726,38.2895
184.4,robot3,-2.727,1.22621
184.4,robot3,-2.727,1.22621
184.4,robot1,-0.726,38.2895
184.4,robot2,-1.725,1.19397
184.4,robot2,-1.725,1.19397
184.4,robot1,-0.726,38.2895
184.4,robot3,-2.727,1.22621
184.4,robot3,-2.727,1.22635
184.4,robot1,-0.726,38.2895
184.4,robot2,-1.725,1.19397
184.4,robot2,-1.725,1.19397
184.4,robot1,-0.726,38.2895
184.4,robot3,-2.727,1.22635
184.4,robot3,-2.727,1.22635
184.4,robot1,-0.726,38.2895
184.4,robot2,-1.725,1.19397
184.4,robot2,-1.725,1.19397
184.4,robot1,-0.726,38.2895
184.4,robot3,-2.727,1.22635
184.4,robot3,-2.727,1.22635
184.4,robot1,-0.726,38.2895
184.4,robot2,-1.725,1.19397
184.4,robot2,-1.725,1.19276
184.4,robot1,-0.726,38.2895
184.4,robot3,-2.727,1.22635
184.4,robot3,-2.727,1.22635
184.4,robot1,-0.726,38.2895
184.4,robot2,-1.725,1.19276
184.4,robot2,-1.725,1.19276
184.4,robot1,-0.726,38.2895
184.4,robot3,-2.727,1.22635
184.4,robot3,-2.727,1.22635
184.4,robot1,-0.726,38.2895
184.4,robot2,-1.725,1.19276
184.4,robot2,-1.725,1.19276
184.4,robot1,-0.726,38.2895
184.4,robot3,-2.727,1.22635
184.4,robot3,-2.727,1.22635
184.5,robot1,-0.726,38.2895
184.5,robot2,-1.72499,1.19252
184.5,robot2,-1.72499,1.19252
184.5,robot1,-0.726,38.2895
184.5,robot3,-2.727,1.22749
184.5,robot3,-2.727,1.22749
184.5,robot1,-0.726,38.2895
184.5,robot2,-1.72499,1.19252
184.5,robot2,-1.72499,1.19252
184.5,robot1,-0.726,38.2895
184.5,robot3,-2.727,1.22749
184.5,robot3,-2.727,1.22749
184.5,robot1,-0.726,38.2895
184.5,robot2,-1.72499,1.19252
184.5,robot2,-1.72499,1.19252
184.5,robot1,-0.726,38.2895
184.5,robot3,-2.727,1.22749
184.5,robot3,-2.727,1.22749
184.5,robot1,-0.726,38.2895
184.5,robot2,-1.72499,1.19252
184.5,robot2,-1.72499,1.19252
184.5,robot1,-0.726,38.2895
184.5,robot3,-2.727,1.22749
184.5,robot3,-2.727,1.22749
184.5,robot1,-0.726,38.2895
184.5,robot2,-1.72499,1.19252
184.5,robot2,-1.72499,1.19252
184.5,robot1,-0.726,38.2895
184.5,robot3,-2.727,1.22749
184.5,robot3,-2.72701,1.22776
184.5,robot1,-0.726,38.2895
184.5,robot2,-1.72499,1.19252
184.5,robot2,-1.72499,1.19252
184.5,robot1,-0.726,38.2895
184.5,robot3,-2.72701,1.22776
184.5,robot3,-2.72701,1.22776
184.5,robot1,-0.726,38.2895
184.5,robot2,-1.72499,1.19252
184.5,robot2,-1.72499,1.19252
184.5,robot1,-0.726,38.2895
184.5,robot3,-2.72701,1.22776
184.5,robot3,-2.72701,1.22776
184.5,robot1,-0.726,38.2895
184.5,robot2,-1.72499,1.19252
184.5,robot2,-1.725,1.19201
184.5,robot1,-0.726,38.2895
184.5,robot3,-2.72701,1.22776
184.5,robot3,-2.72701,1.22776
184.5,robot1,-0.726,38.2895
184.5,robot2,-1.725,1.19201
184.5,robot2,-1.725,1.19201
184.5,robot1,-0.726,38.2895
184.5,robot3,-2.72701,1.22776
184.5,robot3,-2.72701,1.22776
184.5,robot1,-0.726,38.2895
184.5,robot2,-1.725,1.19201
184.5,robot2,-1.725,1.19201
184.5,robot1,-0.726,38.2895
184.5,robot3,-2.72701,1.22776
184.5,robot3,-2.72701,1.22776
184.6,robot1,-0.726,38.2895
184.6,robot2,-1.72498,1.19147
184.6,robot2,-1.72498,1.19147
184.6,robot1,-0.726,38.2895
184.6,robot3,-2.72701,1.22927
184.6,robot3,-2.72701,1.22927
184.6,robot1,-0.726,38.2895
184.6,robot2,-1.72498,1.19147
184.6,robot2,-1.72498,1.19147
184.6,robot1,-0.726,38.2895
184.6,robot3,-2.72701,1.22927
184.6,robot3,-2.72701,1.22927
184.6,robot1,-0.726,38.2895
184.6,robot2,-1.72498,1.19147
184.6,robot2,-1.72498,1.19147
184.6,robot1,-0.726,38.2895
184.6,robot3,-2.72701,1.22927
184.6,robot3,-2.72701,1.22927
184.6,robot1,-0.726,38.2895
184.6,robot2,-1.72498,1.19147
184.6,robot2,-1.72498,1.19147
184.6,robot1,-0.726,38.2895
184.6,robot3,-2.72701,1.22927
184.6,robot3,-2.72701,1.22927
184.6,robot1,-0.726,38.2895
184.6,robot2,-1.72498,1.19147
184.6,robot2,-1.72498,1.19147
184.6,robot1,-0.726,38.2895
184.6,robot3,-2.72701,1.22927
184.6,robot3,-2.72701,1.22913
184.6,robot1,-0.726,38.2895
184.6,robot2,-1.72498,1.19147
184.6,robot2,-1.72498,1.19147
184.6,robot1,-0.726,38.2895
184.6,robot3,-2.72701,1.22913
184.6,robot3,-2.72701,1.22913
184.6,robot1,-0.726,38.2895
184.6,robot2,-1.72498,1.19147
184.6,robot2,-1.72498,1.19147
184.6,robot1,-0.726,38.2895
184.6,robot3,-2.72701,1.22913
184.6,robot3,-2.72701,1.22913
184.6,robot1,-0.726,38.2895
184.6,robot2,-1.72498,1.19147
184.6,robot2,-1.72498,1.19153
184.6,robot1,-0.726,38.2895
184.6,robot3,-2.72701,1.22913
184.6,robot3,-2.72701,1.22913
184.6,robot1,-0.726,38.2895
184.6,robot2,-1.72498,1.19153
184.6,robot2,-1.72498,1.19153
184.6,robot1,-0.726,38.2895
184.6,robot3,-2.72701,1.22913
184.6,robot3,-2.72701,1.22913
184.6,robot1,-0.726,38.2895
184.6,robot2,-1.72498,1.19153
184.6,robot2,-1.72498,1.19153
184.6,robot1,-0.726,38.2895
184.6,robot3,-2.72701,1.22913
184.6,robot3,-2.72701,1.22913
184.7,robot1,-0.726,38.2895
184.7,robot2,-1.72497,1.19
184.7,robot2,-1.72497,1.19
184.7,robot1,-0.726,38.2895
184.7,robot3,-2.727,1.23049
184.7,robot3,-2.727,1.23049
184.7,robot1,-0.726,38.2895
184.7,robot2,-1.72497,1.19
184.7,robot2,-1.72497,1.19
184.7,robot1,-0.726,38.2895
184.7,robot3,-2.727,1.23049
184.7,robot3,-2.727,1.23049
184.7,robot1,-0.726,38.2895
184.7,robot2,-1.72497,1.19
184.7,robot2,-1.72497,1.19
184.7,robot1,-0.726,38.2895
184.7,robot3,-2.727,1.23049
184.7,robot3,-2.727,1.23049
184.7,robot1,-0.726,38.2895
184.7,robot2,-1.72497,1.19
184.7,robot2,-1.72497,1.19
184.7,robot1,-0.726,38.2895
184.7,robot3,-2.727,1.23049
184.7,robot3,-2.727,1.23049
184.7,robot1,-0.726,38.2895
184.7,robot2,-1.72497,1.19
184.7,robot2,-1.72497,1.19
184.7,robot1,-0.726,38.2895
184.7,robot3,-2.727,1.23049
184.7,robot3,-2.727,1.23077
184.7,robot1,-0.726,38.2895
184.7,robot2,-1.72497,1.19
184.7,robot2,-1.72497,1.19
184.7,robot1,-0.726,38.2895
184.7,robot3,-2.727,1.23077
184.7,robot3,-2.727,1.23077
184.7,robot1,-0.726,38.2895
184.7,robot2,-1.72497,1.19
184.7,robot2,-1.72497,1.19
184.7,robot1,-0.726,38.2895
184.7,robot3,-2.727,1.23077
184.7,robot3,-2.727,1.23077
184.7,robot1,-0.726,38.2895
184.7,robot2,-1.72497,1.19
184.7,robot2,-1.72498,1.18927
184.7,robot1,-0.726,38.2895
184.7,robot3,-2.727,1.23077
184.7,robot3,-2.727,1.23077
184.7,robot1,-0.726,38.2895
184.7,robot2,-1.72498,1.18927
184.7,robot2,-1.72498,1.18927
184.7,robot1,-0.726,38.2895
184.7,robot3,-2.727,1.23077
184.7,robot3,-2.727,1.23077
184.7,robot1,-0.726,38.2895
184.7,robot2,-1.72498,1.18927
184.7,robot2,-1.72498,1.18927
184.7,robot1,-0.726,38.2895
184.7,robot3,-2.727,1.23077
184.7,robot3,-2.727,1.23077
184.8,robot1,-0.726,38.2895
184.8,robot2,-1.72499,1.19093
184.8,robot2,-1.72499,1.19093
184.8,robot1,-0.726,38.2895
184.8,robot3,-2.72702,1.22831
184.8,robot3,-2.72702,1.22831
184.8,robot1,-0.726,38.2895
184.8,robot2,-1.72499,1.19093
184.8,robot1,-0.726,38.2895
184.8,robot2,-1.72499,1.19093
184.8,robot3,-2.72702,1.22831
184.8,robot3,-2.72702,1.22831
184.8,robot1,-0.726,38.2895
184.8,robot2,-1.72499,1.19093
184.8,robot2,-1.72499,1.19093
184.8,robot1,-0.726,38.2895
184.8,robot3,-2.72702,1.22831
184.8,robot3,-2.72702,1.22831
184.8,robot1,-0.726,38.2895
184.8,robot2,-1.72499,1.19093
184.8,robot2,-1.72499,1.19093
184.8,robot1,-0.726,38.2895
184.8,robot3,-2.72702,1.22831
184.8,robot3,-2.72702,1.22831
184.8,robot1,-0.726,38.2895
184.8,robot2,-1.72499,1.19093
184.8,robot2,-1.72499,1.19093
184.8,robot1,-0.726,38.2895
184.8,robot3,-2.72702,1.22831
184.8,robot3,-2.72703,1.22824
184.8,robot1,-0.726,38.2895
184.8,robot2,-1.72499,1.19093
184.8,robot2,-1.72499,1.19093
184.8,robot1,-0.726,38.2895
184.8,robot3,-2.72703,1.22824
184.8,robot3,-2.72703,1.22824
184.8,robot1,-0.726,38.2895
184.8,robot2,-1.72499,1.19093
184.8,robot2,-1.72499,1.19093
184.8,robot1,-0.726,38.2895
184.8,robot3,-2.72703,1.22824
184.8,robot3,-2.72703,1.22824
184.8,robot1,-0.726,38.2895
184.8,robot2,-1.72499,1.19093
184.8,robot2,-1.72499,1.19135
184.8,robot1,-0.726,38.2895
184.8,robot3,-2.72703,1.22824
184.8,robot3,-2.72703,1.22824
184.8,robot1,-0.726,38.2895
184.8,robot2,-1.72499,1.19135
184.8,robot2,-1.72499,1.19135
184.8,robot1,-0.726,38.2895
184.8,robot3,-2.72703,1.22824
184.8,robot3,-2.72703,1.22824
184.8,robot1,-0.726,38.2895
184.8,robot2,-1.72499,1.19135
184.8,robot2,-1.72499,1.19135
184.8,robot1,-0.726,38.2895
184.8,robot3,-2.72703,1.22824
184.8,robot3,-2.72703,1.22824
184.9,robot1,-0.726,38.2895
184.9,robot2,-1.72499,1.18979
184.9,robot2,-1.72499,1.18979
184.9,robot1,-0.726,38.2895
184.9,robot3,-2.727,1.22865
184.9,robot3,-2.727,1.22865
184.9,robot1,-0.726,38.2895
184.9,robot2,-1.72499,1.18979
184.9,robot2,-1.72499,1.18979
184.9,robot1,-0.726,38.2895
184.9,robot3,-2.727,1.22865
184.9,robot3,-2.727,1.22865
184.9,robot1,-0.726,38.2895
184.9,robot2,-1.72499,1.18979
184.9,robot2,-1.72499,1.18979
184.9,robot1,-0.726,38.2895
184.9,robot3,-2.727,1.22865
184.9,robot3,-2.727,1.22865
184.9,robot1,-0.726,38.2895
184.9,robot2,-1.72499,1.18979
184.9,robot2,-1.72499,1.18979
184.9,robot1,-0.726,38.2895
184.9,robot3,-2.727,1.22865
184.9,robot3,-2.727,1.22865
184.9,robot1,-0.726,38.2895
184.9,robot2,-1.72499,1.18979
184.9,robot2,-1.72499,1.18979
184.9,robot1,-0.726,38.2895
184.9,robot3,-2.727,1.22865
184.9,robot3,-2.727,1.22925
184.9,robot1,-0.726,38.2895
184.9,robot2,-1.72499,1.18979
184.9,robot2,-1.72499,1.18979
184.9,robot1,-0.726,38.2895
184.9,robot3,-2.727,1.22925
184.9,robot3,-2.727,1.22925
184.9,robot1,-0.726,38.2895
184.9,robot2,-1.72499,1.18979
184.9,robot2,-1.72499,1.18979
184.9,robot1,-0.726,38.2895
184.9,robot3,-2.727,1.22925
184.9,robot3,-2.727,1.22925
184.9,robot1,-0.726,38.2895
184.9,robot2,-1.72499,1.18979
184.9,robot2,-1.72499,1.19085
184.9,robot1,-0.726,38.2895
184.9,robot3,-2.727,1.22925
184.9,robot3,-2.727,1.22925
184.9,robot1,-0.726,38.2895
184.9,robot2,-1.72499,1.19085
184.9,robot2,-1.72499,1.19085
184.9,robot1,-0.726,38.2895
184.9,robot3,-2.727,1.22925
184.9,robot3,-2.727,1.22925
184.9,robot1,-0.726,38.2895
184.9,robot2,-1.72499,1.19085
184.9,robot2,-1.72499,1.19085
184.9,robot1,-0.726,38.2895
184.9,robot3,-2.727,1.22925
184.9,robot3,-2.727,1.22925
185,robot1,-0.726,38.2895
185,robot2,-1.72498,1.1889
185,robot2,-1.72498,1.1889
185,robot1,-0.726,38.2895
185,robot3,-2.727,1.22638
185,robot3,-2.727,1.22638
185,robot1,-0.726,38.2895
185,robot2,-1.72498,1.1889
185,robot2,-1.72498,1.1889
185,robot1,-0.726,38.2895
185,robot3,-2.727,1.22638
185,robot3,-2.727,1.22638
185,robot1,-0.726,38.2895
185,robot2,-1.72498,1.1889
185,robot2,-1.72498,1.1889
185,robot1,-0.726,38.2895
185,robot3,-2.727,1.22638
185,robot3,-2.727,1.22638
185,robot1,-0.726,38.2895
185,robot2,-1.72498,1.1889
185,robot2,-1.72498,1.1889
185,robot1,-0.726,38.2895
185,robot3,-2.727,1.22638
185,robot3,-2.727,1.22638
185,robot1,-0.726,38.2895
185,robot2,-1.72498,1.1889
185,robot2,-1.72498,1.1889
185,robot1,-0.726,38.2895
185,robot3,-2.727,1.22638
185,robot3,-2.727,1.22748
185,robot1,-0.726,38.2895
185,robot2,-1.72498,1.1889
185,robot2,-1.72498,1.1889
185,robot1,-0.726,38.2895
185,robot3,-2.727,1.22748
185,robot3,-2.727,1.22748
185,robot1,-0.726,38.2895
185,robot2,-1.72498,1.1889
185,robot2,-1.72498,1.1889
185,robot1,-0.726,38.2895
185,robot3,-2.727,1.22748
185,robot3,-2.727,1.22748
185,robot1,-0.726,38.2895
185,robot2,-1.72498,1.1889
185,robot2,-1.72498,1.18897
185,robot1,-0.726,38.2895
185,robot3,-2.727,1.22748
185,robot3,-2.727,1.22748
185,robot1,-0.726,38.2895
185,robot2,-1.72498,1.18897
185,robot2,-1.72498,1.18897
185,robot1,-0.726,38.2895
185,robot3,-2.727,1.22748
185,robot3,-2.727,1.22748
185,robot1,-0.726,38.2895
185,robot2,-1.72498,1.18897
185,robot2,-1.72498,1.18897
185,robot1,-0.726,38.2895
185,robot3,-2.727,1.22748
185,robot3,-2.727,1.22748
185.1,robot1,-0.726,38.2895
185.1,robot2,-1.72497,1.19104
185.1,robot2,-1.72497,1.19104
185.1,robot1,-0.726,38.2895
185.1,robot3,-2.72699,1.22857
185.1,robot3,-2.72699,1.22857
185.1,robot1,-0.726,38.2895
185.1,robot2,-1.72497,1.19104
185.1,robot2,-1.72497,1.19104
185.1,robot1,-0.726,38.2895
185.1,robot3,-2.72699,1.22857
185.1,robot3,-2.72699,1.22857
185.1,robot1,-0.726,38.2895
185.1,robot2,-1.72497,1.19104
185.1,robot2,-1.72497,1.19104
185.1,robot1,-0.726,38.2895
185.1,robot3,-2.72699,1.22857
185.1,robot3,-2.72699,1.22857
185.1,robot1,-0.726,38.2895
185.1,robot2,-1.72497,1.19104
185.1,robot1,-0.726,38.2895
185.1,robot2,-1.72497,1.19104
185.1,robot3,-2.72699,1.22857
185.1,robot3,-2.72699,1.22857
185.1,robot1,-0.726,38.2895
185.1,robot2,-1.72497,1.19104
185.1,robot2,-1.72497,1.19104
185.1,robot1,-0.726,38.2895
185.1,robot3,-2.72699,1.22857
185.1,robot3,-2.72699,1.22853
185.1,robot1,-0.726,38.2895
185.1,robot2,-1.72497,1.19104
185.1,robot2,-1.72497,1.19104
185.1,robot1,-0.726,38.2895
185.1,robot3,-2.72699,1.22853
185.1,robot3,-2.72699,1.22853
185.1,robot1,-0.726,38.2895
185.1,robot2,-1.72497,1.19104
185.1,robot2,-1.72497,1.19104
185.1,robot1,-0.726,38.2895
185.1,robot3,-2.72699,1.22853
185.1,robot3,-2.72699,1.22853
185.1,robot1,-0.726,38.2895
185.1,robot2,-1.72497,1.19104
185.1,robot2,-1.72497,1.19061
185.1,robot1,-0.726,38.2895
185.1,robot3,-2.72699,1.22853
185.1,robot3,-2.72699,1.22853
185.1,robot1,-0.726,38.2895
185.1,robot2,-1.72497,1.19061
185.1,robot2,-1.72497,1.19061
185.1,robot1,-0.726,38.2895
185.1,robot3,-2.72699,1.22853
185.1,robot3,-2.72699,1.22853
185.1,robot1,-0.726,38.2895
185.1,robot2,-1.72497,1.19061
185.1,robot2,-1.72497,1.19061
185.1,robot1,-0.726,38.2895
185.1,robot3,-2.72699,1.22853
185.1,robot3,-2.72699,1.22853
185.2,robot1,-0.726,38.2895
185.2,robot2,-1.72504,1.19089
185.2,robot2,-1.72504,1.19089
185.2,robot1,-0.726,38.2895
185.2,robot3,-2.727,1.22965
185.2,robot3,-2.727,1.22965
185.2,robot1,-0.726,38.2895
185.2,robot2,-1.72504,1.19089
185.2,robot2,-1.72504,1.19089
185.2,robot1,-0.726,38.2895
185.2,robot3,-2.727,1.22965
185.2,robot3,-2.727,1.22965
185.2,robot1,-0.726,38.2895
185.2,robot2,-1.72504,1.19089
185.2,robot2,-1.72504,1.19089
185.2,robot1,-0.726,38.2895
185.2,robot3,-2.727,1.22965
185.2,robot3,-2.727,1.22965
185.2,robot1,-0.726,38.2895
185.2,robot2,-1.72504,1.19089
185.2,robot2,-1.72504,1.19089
185.2,robot1,-0.726,38.2895
185.2,robot3,-2.727,1.22965
185.2,robot3,-2.727,1.22965
185.2,robot1,-0.726,38.2895
185.2,robot2,-1.72504,1.19089
185.2,robot2,-1.72504,1.19089
185.2,robot1,-0.726,38.2895
185.2,robot3,-2.727,1.22965
185.2,robot3,-2.727,1.22991
185.2,robot1,-0.726,38.2895
185.2,robot2,-1.72504,1.19089
185.2,robot2,-1.72504,1.19089
185.2,robot1,-0.726,38.2895
185.2,robot3,-2.727,1.22991
185.2,robot3,-2.727,1.22991
185.2,robot1,-0.726,38.2895
185.2,robot2,-1.72504,1.19089
185.2,robot2,-1.72504,1.19089
185.2,robot1,-0.726,38.2895
185.2,robot3,-2.727,1.22991
185.2,robot3,-2.727,1.22991
185.2,robot1,-0.726,38.2895
185.2,robot2,-1.72504,1.19089
185.2,robot2,-1.72504,1.19051
185.2,robot1,-0.726,38.2895
185.2,robot3,-2.727,1.22991
185.2,robot3,-2.727,1.22991
185.2,robot1,-0.726,38.2895
185.2,robot2,-1.72504,1.19051
185.2,robot2,-1.72504,1.19051
185.2,robot1,-0.726,38.2895
185.2,robot3,-2.727,1.22991
185.2,robot3,-2.727,1.22991
185.2,robot1,-0.726,38.2895
185.2,robot2,-1.72504,1.19051
185.2,robot2,-1.72504,1.19051
185.2,robot1,-0.726,38.2895
185.2,robot3,-2.727,1.22991
185.2,robot3,-2.727,1.22991
185.2,robot1,-0.726,38.2895
185.2,robot2,-1.72504,1.19051
185.3,robot2,-1.72504,1.19051
185.3,robot1,-0.726,38.2895
185.3,robot3,-2.72699,1.23075
185.3,robot3,-2.72699,1.23075
185.3,robot1,-0.726,38.2895
185.3,robot2,-1.725,1.19006
185.3,robot2,-1.725,1.19006
185.3,robot1,-0.726,38.2895
185.3,robot3,-2.72699,1.23075
185.3,robot3,-2.72699,1.23075
185.3,robot1,-0.726,38.2895
185.3,robot2,-1.725,1.19006
185.3,robot2,-1.725,1.19006
185.3,robot1,-0.726,38.2895
185.3,robot3,-2.72699,1.23075
185.3,robot3,-2.72699,1.23075
185.3,robot1,-0.726,38.2895
185.3,robot2,-1.725,1.19006
185.3,robot2,-1.725,1.19006
185.3,robot1,-0.726,38.2895
185.3,robot3,-2.72699,1.23075
185.3,robot3,-2.72699,1.23075
185.3,robot1,-0.726,38.2895
185.3,robot2,-1.725,1.19006
185.3,robot2,-1.725,1.19006
185.3,robot1,-0.726,38.2895
185.3,robot3,-2.72699,1.23075
185.3,robot3,-2.72699,1.23056
185.3,robot1,-0.726,38.2895
185.3,robot2,-1.725,1.19006
185.3,robot2,-1.725,1.19006
185.3,robot1,-0.726,38.2895
185.3,robot3,-2.72699,1.23056
185.3,robot3,-2.72699,1.23056
185.3,robot1,-0.726,38.2895
185.3,robot2,-1.725,1.19006
185.3,robot2,-1.725,1.19006
185.3,robot1,-0.726,38.2895
185.3,robot3,-2.72699,1.23056
185.3,robot3,-2.72699,1.23056
185.3,robot1,-0.726,38.2895
185.3,robot2,-1.725,1.19006
185.3,robot2,-1.72501,1.19062
185.3,robot1,-0.726,38.2895
185.3,robot3,-2.72699,1.23056
185.3,robot3,-2.72699,1.23056
185.3,robot1,-0.726,38.2895
185.3,robot2,-1.72501,1.19062
185.3,robot2,-1.72501,1.19062
185.3,robot1,-0.726,38.2895
185.3,robot3,-2.72699,1.23056
185.3,robot3,-2.72699,1.23056
185.3,robot1,-0.726,38.2895
185.3,robot2,-1.72501,1.19062
185.3,robot2,-1.72501,1.19062
185.3,robot1,-0.726,38.2895
185.3,robot3,-2.72699,1.23056
185.3,robot3,-2.72699,1.23056
185.3,robot1,-0.726,38.2895
185.3,robot2,-1.72501,1.19062
185.3,robot2,-1.72501,1.19062
185.3,robot1,-0.726,38.2895
185.4,robot3,-2.72699,1.23056
185.4,robot3,-2.72699,1.23056
185.4,robot1,-0.726,38.2896
185.4,robot2,-1.72499,1.18856
185.4,robot2,-1.72499,1.18856
185.4,robot1,-0.726,38.2896
185.4,robot3,-2.72699,1.23137
185.4,robot3,-2.72699,1.23137
185.4,robot1,-0.726,38.2896
185.4,robot2,-1.72499,1.18856
185.4,robot2,-1.72499,1.18856
185.4,robot1,-0.726,38.2896
185.4,robot3,-2.72699,1.23137
185.4,robot3,-2.72699,1.23137
185.4,robot1,-0.726,38.2896
185.4,robot2,-1.72499,1.18856
185.4,robot2,-1.72499,1.18856
185.4,robot1,-0.726,38.2896
185.4,robot3,-2.72699,1.23137
185.4,robot3,-2.72699,1.23137
185.4,robot1,-0.726,38.2896
185.4,robot2,-1.72499,1.18856
185.4,robot2,-1.72499,1.18856
185.4,robot1,-0.726,38.2896
185.4,robot3,-2.72699,1.23137
185.4,robot3,-2.727,1.23021
185.4,robot1,-0.726,38.2896
185.4,robot2,-1.72499,1.18856
185.4,robot1,-0.726,38.2896
185.4,robot2,-1.72499,1.18856
185.4,robot3,-2.727,1.23021
185.4,robot3,-2.727,1.23021
185.4,robot1,-0.726,38.2896
185.4,robot2,-1.72499,1.18856
185.4,robot2,-1.72499,1.18856
185.4,robot1,-0.726,38.2896
185.4,robot3,-2.727,1.23021
185.4,robot3,-2.727,1.23021
185.4,robot1,-0.726,38.2896
185.4,robot2,-1.72499,1.18856
185.4,robot2,-1.72499,1.18902
185.4,robot1,-0.726,38.2896
185.4,robot3,-2.727,1.23021
185.4,robot3,-2.727,1.23021
185.4,robot1,-0.726,38.2896
185.4,robot2,-1.72499,1.18902
185.4,robot2,-1.72499,1.18902
185.4,robot1,-0.726,38.2898
185.4,robot3,-2.727,1.23021
185.4,robot3,-2.727,1.23021
185.4,robot1,-0.726,38.2898
185.4,robot2,-1.72499,1.18902
185.4,robot2,-1.72499,1.18902
185.4,robot1,-0.726,38.2898
185.4,robot3,-2.727,1.23021
185.4,robot3,-2.727,1.23021
185.4,robot1,-0.726,38.2898
185.4,robot2,-1.72499,1.18902
185.4,robot2,-1.72499,1.18902
185.4,robot1,-0.726,38.2898
185.4,robot3,-2.727,1.23021
185.5,robot3,-2.727,1.23021
185.5,robot1,-0.726017,38.2891
185.5,robot2,-1.72499,1.19044
185.5,robot2,-1.72499,1.19044
185.5,robot1,-0.726017,38.2891
185.5,robot3,-2.72699,1.2308
185.5,robot3,-2.72699,1.2308
185.5,robot1,-0.726017,38.2891
185.5,robot2,-1.72499,1.19044
185.5,robot2,-1.72499,1.19044
185.5,robot1,-0.726017,38.2891
185.5,robot3,-2.72699,1.2308
185.5,robot3,-2.72699,1.2308
185.5,robot1,-0.726017,38.2891
185.5,robot2,-1.72499,1.19044
185.5,robot2,-1.72499,1.19044
185.5,robot1,-0.726017,38.2891
185.5,robot3,-2.72699,1.2308
185.5,robot3,-2.72699,1.2308
185.5,robot1,-0.726017,38.2891
185.5,robot2,-1.72499,1.19044
185.5,robot2,-1.72499,1.19044
185.5,robot1,-0.726017,38.2891
185.5,robot3,-2.72699,1.2308
185.5,robot3,-2.72699,1.23073
185.5,robot1,-0.726017,38.2891
185.5,robot2,-1.72499,1.19044
185.5,robot2,-1.72499,1.19044
185.5,robot1,-0.726017,38.2891
185.5,robot3,-2.72699,1.23073
185.5,robot3,-2.72699,1.23073
185.5,robot1,-0.726017,38.2891
185.5,robot2,-1.72499,1.19044
185.5,robot2,-1.72499,1.19044
185.5,robot1,-0.726017,38.2891
185.5,robot3,-2.72699,1.23073
185.5,robot3,-2.72699,1.23073
185.5,robot1,-0.726017,38.2891
185.5,robot2,-1.72499,1.19044
185.5,robot2,-1.725,1.19021
185.5,robot1,-0.726017,38.2891
185.5,robot3,-2.72699,1.23073
185.5,robot3,-2.72699,1.23073
185.5,robot1,-0.726017,38.2891
185.5,robot2,-1.725,1.19021
185.5,robot2,-1.725,1.19021
185.5,robot1,-0.72602,38.289
185.5,robot3,-2.72699,1.23073
185.5,robot3,-2.72699,1.23073
185.5,robot1,-0.72602,38.289
185.5,robot2,-1.725,1.19021
185.5,robot2,-1.725,1.19021
185.5,robot1,-0.72602,38.289
185.5,robot3,-2.72699,1.23073
185.5,robot3,-2.72699,1.23073
185.5,robot1,-0.72602,38.289
185.5,robot2,-1.725,1.19021
185.5,robot2,-1.725,1.19021
185.5,robot1,-0.72602,38.289
185.5,robot3,-2.72699,1.23073
185.5,robot3,-2.72699,1.23073
185.6,robot1,-0.725999,38.2892
185.6,robot2,-1.725,1.19105
185.6,robot2,-1.725,1.19105
185.6,robot1,-0.725999,38.2892
185.6,robot3,-2.727,1.22925
185.6,robot3,-2.727,1.22925
185.6,robot1,-0.725999,38.2892
185.6,robot2,-1.725,1.19105
185.6,robot2,-1.725,1.19105
185.6,robot1,-0.725999,38.2892
185.6,robot3,-2.727,1.22925
185.6,robot3,-2.727,1.22925
185.6,robot1,-0.725999,38.2892
185.6,robot2,-1.725,1.19105
185.6,robot2,-1.725,1.19105
185.6,robot1,-0.725999,38.2892
185.6,robot3,-2.727,1.22925
185.6,robot3,-2.727,1.22925
185.6,robot1,-0.725999,38.2892
185.6,robot2,-1.725,1.19105
185.6,robot2,-1.725,1.19105
185.6,robot1,-0.725999,38.2892
185.6,robot3,-2.727,1.22925
185.6,robot3,-2.727,1.22874
185.6,robot1,-0.725999,38.2892
185.6,robot2,-1.725,1.19105
185.6,robot2,-1.725,1.19105
185.6,robot1,-0.725999,38.2892
185.6,robot3,-2.727,1.22874
185.6,robot3,-2.727,1.22874
185.6,robot1,-0.725999,38.2892
185.6,robot2,-1.725,1.19105
185.6,robot2,-1.725,1.19105
185.6,robot1,-0.725999,38.2892
185.6,robot3,-2.727,1.22874
185.6,robot3,-2.727,1.22874
185.6,robot1,-0.725999,38.2892
185.6,robot2,-1.725,1.19105
185.6,robot2,-1.725,1.18978
185.6,robot1,-0.725999,38.2892
185.6,robot3,-2.727,1.22874
185.6,robot3,-2.727,1.22874
185.6,robot1,-0.725999,38.2892
185.6,robot2,-1.725,1.18978
185.6,robot2,-1.725,1.18978
185.6,robot1,-0.726002,38.2892
185.6,robot3,-2.727,1.22874
185.6,robot3,-2.727,1.22874
185.6,robot1,-0.726002,38.2892
185.6,robot2,-1.725,1.18978
185.6,robot2,-1.725,1.18978
185.6,robot1,-0.726002,38.2892
185.6,robot3,-2.727,1.22874
185.6,robot3,-2.727,1.22874
185.6,robot1,-0.726002,38.2892
185.6,robot2,-1.725,1.18978
185.6,robot2,-1.725,1.18978
185.6,robot1,-0.726002,38.2892
185.6,robot3,-2.727,1.22874
185.6,robot3,-2.727,1.22874
185.7,robot1,-0.726001,38.2894
185.7,robot2,-1.725,1.19075
185.7,robot2,-1.725,1.19075
185.7,robot1,-0.726001,38.2894
185.7,robot3,-2.727,1.22945
185.7,robot3,-2.727,1.22945
185.7,robot1,-0.726001,38.2894
185.7,robot2,-1.725,1.19075
185.7,robot2,-1.725,1.19075
185.7,robot1,-0.726001,38.2894
185.7,robot3,-2.727,1.22945
185.7,robot3,-2.727,1.22945
185.7,robot1,-0.726001,38.2894
185.7,robot2,-1.725,1.19075
185.7,robot2,-1.725,1.19075
185.7,robot1,-0.726001,38.2894
185.7,robot3,-2.727,1.22945
185.7,robot3,-2.727,1.22945
185.7,robot1,-0.726001,38.2894
185.7,robot2,-1.725,1.19075
185.7,robot2,-1.725,1.19075
185.7,robot1,-0.726001,38.2894
185.7,robot3,-2.727,1.22945
185.7,robot3,-2.727,1.22981
185.7,robot1,-0.726001,38.2894
185.7,robot2,-1.725,1.19075
185.7,robot2,-1.725,1.19075
185.7,robot1,-0.726001,38.2894
185.7,robot3,-2.727,1.22981
185.7,robot3,-2.727,1.22981
185.7,robot1,-0.726001,38.2894
185.7,robot2,-1.725,1.19075
185.7,robot2,-1.725,1.19075
185.7,robot1,-0.726001,38.2894
185.7,robot3,-2.727,1.22981
185.7,robot3,-2.727,1.22981
185.7,robot1,-0.726001,38.2894
185.7,robot2,-1.725,1.19075
185.7,robot1,-0.726001,38.2894
185.7,robot2,-1.72501,1.18967
185.7,robot3,-2.727,1.22981
185.7,robot3,-2.727,1.22981
185.7,robot1,-0.726001,38.2894
185.7,robot2,-1.72501,1.18967
185.7,robot2,-1.72501,1.18967
185.7,robot1,-0.726002,38.2894
185.7,robot3,-2.727,1.22981
185.7,robot3,-2.727,1.22981
185.7,robot1,-0.726002,38.2894
185.7,robot2,-1.72501,1.18967
185.7,robot2,-1.72501,1.18967
185.7,robot1,-0.726002,38.2894
185.7,robot3,-2.727,1.22981
185.7,robot3,-2.727,1.22981
185.7,robot1,-0.726002,38.2894
185.7,robot2,-1.72501,1.18967
185.7,robot2,-1.72501,1.18967
185.7,robot1,-0.726002,38.2894
185.7,robot3,-2.727,1.22981
185.7,robot3,-2.727,1.22981
185.8,robot1,-0.726,38.2895
185.8,robot2,-1.72498,1.19024
185.8,robot2,-1.72498,1.19024
185.8,robot1,-0.726,38.2895
185.8,robot3,-2.727,1.22765
185.8,robot3,-2.727,1.22765
185.8,robot1,-0.726,38.2895
185.8,robot2,-1.72498,1.19024
185.8,robot2,-1.72498,1.19024
185.8,robot1,-0.726,38.2895
185.8,robot3,-2.727,1.22765
185.8,robot3,-2.727,1.22765
185.8,robot1,-0.726,38.2895
185.8,robot2,-1.72498,1.19024
185.8,robot2,-1.72498,1.19024
185.8,robot1,-0.726,38.2895
185.8,robot3,-2.727,1.22765
185.8,robot3,-2.727,1.22765
185.8,robot1,-0.726,38.2895
185.8,robot2,-1.72498,1.19024
185.8,robot2,-1.72498,1.19024
185.8,robot1,-0.726,38.2895
185.8,robot3,-2.727,1.22765
185.8,robot3,-2.727,1.22895
185.8,robot1,-0.726,38.2895
185.8,robot2,-1.72498,1.19024
185.8,robot2,-1.72498,1.19024
185.8,robot1,-0.726,38.2895
185.8,robot3,-2.727,1.22895
185.8,robot3,-2.727,1.22895
185.8,robot1,-0.726,38.2895
185.8,robot2,-1.72498,1.19024
185.8,robot2,-1.72498,1.19024
185.8,robot1,-0.726,38.2895
185.8,robot3,-2.727,1.22895
185.8,robot3,-2.727,1.22895
185.8,robot1,-0.726,38.2895
185.8,robot2,-1.72498,1.19024
185.8,robot2,-1.72498,1.1897
185.8,robot1,-0.726,38.2895
185.8,robot3,-2.727,1.22895
185.8,robot3,-2.727,1.22895
185.8,robot1,-0.726,38.2895
185.8,robot2,-1.72498,1.1897
185.8,robot2,-1.72498,1.1897
185.8,robot1,-0.726002,38.2895
185.8,robot3,-2.727,1.22895
185.8,robot3,-2.727,1.22895
185.8,robot1,-0.726002,38.2895
185.8,robot2,-1.72498,1.1897
185.8,robot2,-1.72498,1.1897
185.8,robot1,-0.726002,38.2895
185.8,robot3,-2.727,1.22895
185.8,robot3,-2.727,1.22895
185.8,robot1,-0.726002,38.2895
185.8,robot2,-1.72498,1.1897
185.8,robot2,-1.72498,1.1897
185.8,robot1,-0.726002,38.2895
185.8,robot3,-2.727,1.22895
185.8,robot3,-2.727,1.22895
185.9,robot1,-0.726002,38.2895
185.9,robot2,-1.72499,1.18707
185.9,robot2,-1.72499,1.18707
185.9,robot1,-0.726002,38.2895
185.9,robot3,-2.72699,1.23086
185.9,robot3,-2.72699,1.23086
185.9,robot1,-0.726003,38.2896
185.9,robot2,-1.72499,1.18707
185.9,robot2,-1.72499,1.18707
185.9,robot1,-0.726003,38.2896
185.9,robot3,-2.72699,1.23086
185.9,robot3,-2.72699,1.23086
185.9,robot1,-0.726003,38.2896
185.9,robot2,-1.72499,1.18707
185.9,robot2,-1.72499,1.18707
185.9,robot1,-0.726003,38.2896
185.9,robot3,-2.72699,1.23086
185.9,robot3,-2.72699,1.23086
185.9,robot1,-0.726003,38.2896
185.9,robot2,-1.72499,1.18707
185.9,robot2,-1.72499,1.18707
185.9,robot1,-0.726003,38.2896
185.9,robot3,-2.72699,1.23086
185.9,robot3,-2.72699,1.23003
185.9,robot1,-0.726003,38.2896
185.9,robot2,-1.72499,1.18707
185.9,robot2,-1.72499,1.18707
185.9,robot1,-0.726003,38.2896
185.9,robot3,-2.72699,1.23003
185.9,robot3,-2.72699,1.23003
185.9,robot1,-0.726003,38.2896
185.9,robot2,-1.72499,1.18707
185.9,robot2,-1.72499,1.18707
185.9,robot1,-0.726003,38.2896
185.9,robot3,-2.72699,1.23003
185.9,robot3,-2.72699,1.23003
185.9,robot1,-0.726003,38.2896
185.9,robot2,-1.72499,1.18707
185.9,robot2,-1.72499,1.18756
185.9,robot1,-0.726003,38.2896
185.9,robot3,-2.72699,1.23003
185.9,robot3,-2.72699,1.23003
185.9,robot1,-0.726003,38.2896
185.9,robot2,-1.72499,1.18756
185.9,robot2,-1.72499,1.18756
185.9,robot1,-0.726004,38.2896
185.9,robot3,-2.72699,1.23003
185.9,robot3,-2.72699,1.23003
185.9,robot1,-0.726004,38.2896
185.9,robot2,-1.72499,1.18756
185.9,robot2,-1.72499,1.18756
185.9,robot1,-0.726004,38.2896
185.9,robot3,-2.72699,1.23003
185.9,robot3,-2.72699,1.23003
185.9,robot1,-0.726004,38.2896
185.9,robot2,-1.72499,1.18756
185.9,robot2,-1.72499,1.18756
185.9,robot1,-0.726004,38.2896
185.9,robot3,-2.72699,1.23003
185.9,robot3,-2.72699,1.23003
186,robot1,-0.726004,38.2896
186,robot2,-1.72499,1.18756
186,robot2,-1.72499,1.18756
186,robot1,-0.726004,38.2896
186,robot3,-2.72699,1.23085
186,robot3,-2.72699,1.23085
186,robot1,-0.726,38.2896
186,robot2,-1.72501,1.18733
186,robot2,-1.72501,1.18733
186,robot1,-0.726,38.2896
186,robot3,-2.72699,1.23085
186,robot3,-2.72699,1.23085
186,robot1,-0.726,38.2896
186,robot2,-1.72501,1.18733
186,robot2,-1.72501,1.18733
186,robot1,-0.726,38.2896
186,robot3,-2.72699,1.23085
186,robot3,-2.72699,1.23085
186,robot1,-0.726,38.2896
186,robot2,-1.72501,1.18733
186,robot2,-1.72501,1.18733
186,robot1,-0.726,38.2896
186,robot3,-2.72699,1.23085
186,robot3,-2.72699,1.23031
186,robot1,-0.726,38.2896
186,robot2,-1.72501,1.18733
186,robot2,-1.72501,1.18733
186,robot1,-0.726,38.2896
186,robot3,-2.72699,1.23031
186,robot3,-2.72699,1.23031
186,robot1,-0.726,38.2896
186,robot2,-1.72501,1.18733
186,robot2,-1.72501,1.18733
186,robot1,-0.726,38.2896
186,robot3,-2.72699,1.23031
186,robot3,-2.72699,1.23031
186,robot1,-0.726,38.2896
186,robot2,-1.72501,1.18733
186,robot2,-1.72501,1.18814
186,robot1,-0.726,38.2896
186,robot3,-2.72699,1.23031
186,robot3,-2.72699,1.23031
186,robot1,-0.726,38.2896
186,robot2,-1.72501,1.18814
186,robot2,-1.72501,1.18814
186,robot1,-0.726,38.2896
186,robot3,-2.72699,1.23031
186,robot3,-2.72699,1.23031
186,robot1,-0.726,38.2896
186,robot2,-1.72501,1.18814
186,robot1,-0.726,38.2896
186,robot2,-1.72501,1.18814
186,robot3,-2.72699,1.23031
186,robot3,-2.72699,1.23031
186,robot1,-0.726,38.2896
186,robot2,-1.72501,1.18814
186,robot2,-1.72501,1.18814
186,robot1,-0.726,38.2896
186,robot3,-2.72699,1.23031
186,robot3,-2.72699,1.23031
186,robot1,-0.726,38.2896
186,robot2,-1.72501,1.18814
186,robot2,-1.72501,1.18814
186.1,robot1,-0.726,38.2896
186.1,robot3,-2.72699,1.23062
186.1,robot3,-2.72699,1.23062
186.1,robot1,-0.726,38.2897
186.1,robot2,-1.72496,1.18818
186.1,robot2,-1.72496,1.18818
186.1,robot1,-0.726,38.2897
186.1,robot3,-2.72699,1.23062
186.1,robot3,-2.72699,1.23062
186.1,robot1,-0.726,38.2897
186.1,robot2,-1.72496,1.18818
186.1,robot2,-1.72496,1.18818
186.1,robot1,-0.726,38.2897
186.1,robot3,-2.72699,1.23062
186.1,robot3,-2.72699,1.23062
186.1,robot1,-0.726,38.2897
186.1,robot2,-1.72496,1.18818
186.1,robot2,-1.72496,1.18818
186.1,robot1,-0.726,38.2897
186.1,robot3,-2.72699,1.23062
186.1,robot3,-2.72699,1.23009
186.1,robot1,-0.726,38.2897
186.1,robot2,-1.72496,1.18818
186.1,robot2,-1.72496,1.18818
186.1,robot1,-0.726,38.2897
186.1,robot3,-2.72699,1.23009
186.1,robot3,-2.72699,1.23009
186.1,robot1,-0.726,38.2897
186.1,robot2,-1.72496,1.18818
186.1,robot2,-1.72496,1.18818
186.1,robot1,-0.726,38.2897
186.1,robot3,-2.72699,1.23009
186.1,robot3,-2.72699,1.23009
186.1,robot1,-0.726,38.2897
186.1,robot2,-1.72496,1.18818
186.1,robot2,-1.72496,1.1878
186.1,robot1,-0.726,38.2897
186.1,robot3,-2.72699,1.23009
186.1,robot3,-2.72699,1.23009
186.1,robot1,-0.726,38.2897
186.1,robot2,-1.72496,1.1878
186.1,robot2,-1.72496,1.1878
186.1,robot1,-0.726001,38.2896
186.1,robot3,-2.72699,1.23009
186.1,robot3,-2.72699,1.23009
186.1,robot1,-0.726001,38.2896
186.1,robot2,-1.72496,1.1878
186.1,robot2,-1.72496,1.1878
186.1,robot1,-0.726001,38.2896
186.1,robot3,-2.72699,1.23009
186.1,robot3,-2.72699,1.23009
186.1,robot1,-0.726001,38.2896
186.1,robot2,-1.72496,1.1878
186.1,robot2,-1.72496,1.1878
186.1,robot1,-0.726001,38.2896
186.1,robot3,-2.72699,1.23009
186.1,robot3,-2.72699,1.23009
186.1,robot1,-0.726001,38.2896
186.1,robot2,-1.72496,1.1878
186.1,robot2,-1.72496,1.1878
186.1,robot1,-0.726001,38.2896
186.1,robot3,-2.72699,1.23009
186.2,robot3,-2.72699,1.23009
186.2,robot1,-0.726006,38.2897
186.2,robot2,-1.725,1.19
186.2,robot2,-1.725,1.19
186.2,robot1,-0.726006,38.2897
186.2,robot3,-2.72699,1.23029
186.2,robot3,-2.72699,1.23029
186.2,robot1,-0.726006,38.2897
186.2,robot2,-1.725,1.19
186.2,robot2,-1.725,1.19
186.2,robot1,-0.726006,38.2897
186.2,robot3,-2.72699,1.23029
186.2,robot3,-2.72699,1.23029
186.2,robot1,-0.726006,38.2897
186.2,robot2,-1.725,1.19
186.2,robot2,-1.725,1.19
186.2,robot1,-0.726006,38.2897
186.2,robot3,-2.72699,1.23029
186.2,robot3,-2.72699,1.22975
186.2,robot1,-0.726006,38.2897
186.2,robot2,-1.725,1.19
186.2,robot2,-1.725,1.19
186.2,robot1,-0.726006,38.2897
186.2,robot3,-2.72699,1.22975
186.2,robot3,-2.72699,1.22975
186.2,robot1,-0.726006,38.2897
186.2,robot2,-1.725,1.19
186.2,robot2,-1.725,1.19
186.2,robot1,-0.726006,38.2897
186.2,robot3,-2.72699,1.22975
186.2,robot3,-2.72699,1.22975
186.2,robot1,-0.726006,38.2897
186.2,robot2,-1.725,1.19
186.2,robot2,-1.725,1.19
186.2,robot1,-0.726006,38.2897
186.2,robot3,-2.72699,1.22975
186.2,robot3,-2.72699,1.22975
186.2,robot1,-0.726006,38.2897
186.2,robot2,-1.725,1.19
186.2,robot2,-1.725,1.19
186.2,robot1,-0.726009,38.2894
186.2,robot3,-2.72699,1.22975
186.2,robot3,-2.72699,1.22975
186.2,robot1,-0.726009,38.2894
186.2,robot2,-1.725,1.19
186.2,robot2,-1.725,1.19
186.2,robot1,-0.726009,38.2894
186.2,robot3,-2.72699,1.22975
186.2,robot3,-2.72699,1.22975
186.2,robot1,-0.726009,38.2894
186.2,robot2,-1.725,1.19
186.2,robot2,-1.725,1.19
186.2,robot1,-0.726009,38.2894
186.2,robot3,-2.72699,1.22975
186.2,robot3,-2.72699,1.22975
186.2,robot1,-0.726009,38.2894
186.2,robot2,-1.725,1.19
186.2,robot2,-1.725,1.19
186.2,robot1,-0.726009,38.2894
186.2,robot3,-2.72699,1.22975
186.2,robot3,-2.72699,1.22975
186.3,robot1,-0.726002,38.2901
186.3,robot2,-1.72501,1.18788
186.3,robot2,-1.72501,1.18788
186.3,robot1,-0.726002,38.2901
186.3,robot3,-2.727,1.22805
186.3,robot3,-2.727,1.22805
186.3,robot1,-0.726002,38.2901
186.3,robot2,-1.72501,1.18788
186.3,robot2,-1.72501,1.18788
186.3,robot1,-0.726002,38.2901
186.3,robot3,-2.727,1.22805
186.3,robot3,-2.727,1.22805
186.3,robot1,-0.726002,38.2901
186.3,robot2,-1.72501,1.18788
186.3,robot2,-1.72501,1.18788
186.3,robot1,-0.726002,38.2901
186.3,robot3,-2.727,1.22805
186.3,robot3,-2.727,1.22807
186.3,robot1,-0.726002,38.2901
186.3,robot2,-1.72501,1.18788
186.3,robot2,-1.72501,1.18788
186.3,robot1,-0.726002,38.2901
186.3,robot3,-2.727,1.22807
186.3,robot3,-2.727,1.22807
186.3,robot1,-0.726002,38.2901
186.3,robot2,-1.72501,1.18788
186.3,robot2,-1.72501,1.18788
186.3,robot1,-0.726002,38.2901
186.3,robot3,-2.727,1.22807
186.3,robot3,-2.727,1.22807
186.3,robot1,-0.726002,38.2901
186.3,robot2,-1.72501,1.18788
186.3,robot2,-1.72501,1.18697
186.3,robot1,-0.726002,38.2901
186.3,robot3,-2.727,1.22807
186.3,robot3,-2.727,1.22807
186.3,robot1,-0.726002,38.2901
186.3,robot2,-1.72501,1.18697
186.3,robot2,-1.72501,1.18697
186.3,robot1,-0.726007,38.2901
186.3,robot3,-2.727,1.22807
186.3,robot3,-2.727,1.22807
186.3,robot1,-0.726007,38.2901
186.3,robot2,-1.72501,1.18697
186.3,robot2,-1.72501,1.18697
186.3,robot1,-0.726007,38.2901
186.3,robot3,-2.727,1.22807
186.3,robot3,-2.727,1.22807
186.3,robot1,-0.726007,38.2901
186.3,robot2,-1.72501,1.18697
186.3,robot2,-1.72501,1.18697
186.3,robot1,-0.726007,38.2901
186.3,robot3,-2.727,1.22807
186.3,robot3,-2.727,1.22807
186.3,robot1,-0.726007,38.2901
186.3,robot2,-1.72501,1.18697
186.3,robot2,-1.72501,1.18697
186.3,robot1,-0.726007,38.2901
186.3,robot3,-2.727,1.22807
186.3,robot3,-2.727,1.22807
186.4,robot1,-0.726004,38.2898
186.4,robot2,-1.725,1.18925
186.4,robot2,-1.725,1.18925
186.4,robot1,-0.726004,38.2898
186.4,robot3,-2.727,1.22956
186.4,robot3,-2.727,1.22956
186.4,robot1,-0.726004,38.2898
186.4,robot2,-1.725,1.18925
186.4,robot2,-1.725,1.18925
186.4,robot1,-0.726004,38.2898
186.4,robot3,-2.727,1.22956
186.4,robot3,-2.727,1.22956
186.4,robot1,-0.726004,38.2898
186.4,robot2,-1.725,1.18925
186.4,robot2,-1.725,1.18925
186.4,robot1,-0.726004,38.2898
186.4,robot3,-2.727,1.22956
186.4,robot3,-2.727,1.22922
186.4,robot1,-0.726004,38.2898
186.4,robot2,-1.725,1.18925
186.4,robot2,-1.725,1.18925
186.4,robot1,-0.726004,38.2898
186.4,robot3,-2.727,1.22922
186.4,robot3,-2.727,1.22922
186.4,robot1,-0.726004,38.2898
186.4,robot2,-1.725,1.18925
186.4,robot2,-1.725,1.18925
186.4,robot1,-0.726004,38.2898
186.4,robot3,-2.727,1.22922
186.4,robot3,-2.727,1.22922
186.4,robot1,-0.726004,38.2898
186.4,robot2,-1.725,1.18925
186.4,robot2,-1.72501,1.1891
186.4,robot1,-0.726004,38.2898
186.4,robot3,-2.727,1.22922
186.4,robot3,-2.727,1.22922
186.4,robot1,-0.726004,38.2898
186.4,robot2,-1.72501,1.1891
186.4,robot2,-1.72501,1.1891
186.4,robot1,-0.726007,38.2898
186.4,robot3,-2.727,1.22922
186.4,robot3,-2.727,1.22922
186.4,robot1,-0.726007,38.2898
186.4,robot2,-1.72501,1.1891
186.4,robot2,-1.72501,1.1891
186.4,robot1,-0.726007,38.2898
186.4,robot3,-2.727,1.22922
186.4,robot3,-2.727,1.22922
186.4,robot1,-0.726007,38.2898
186.4,robot2,-1.72501,1.1891
186.4,robot2,-1.72501,1.1891
186.4,robot1,-0.726007,38.2898
186.4,robot3,-2.727,1.22922
186.4,robot3,-2.727,1.22922
186.4,robot1,-0.726007,38.2898
186.4,robot2,-1.72501,1.1891
186.4,robot2,-1.72501,1.1891
186.4,robot1,-0.726007,38.2898
186.4,robot3,-2.727,1.22922
186.4,robot3,-2.727,1.22922
186.5,robot1,-0.726005,38.2896
186.5,robot2,-1.725,1.18858
186.5,robot2,-1.725,1.18858
186.5,robot1,-0.726005,38.2896
186.5,robot3,-2.727,1.22848
186.5,robot3,-2.727,1.22848
186.5,robot1,-0.726005,38.2896
186.5,robot2,-1.725,1.18858
186.5,robot2,-1.725,1.18858
186.5,robot1,-0.726005,38.2896
186.5,robot3,-2.727,1.22848
186.5,robot3,-2.727,1.22848
186.5,robot1,-0.726005,38.2896
186.5,robot2,-1.725,1.18858
186.5,robot1,-0.726005,38.2896
186.5,robot2,-1.725,1.18858
186.5,robot3,-2.727,1.22848
186.5,robot3,-2.727,1.22818
186.5,robot1,-0.726005,38.2896
186.5,robot2,-1.725,1.18858
186.5,robot2,-1.725,1.18858
186.5,robot1,-0.726005,38.2896
186.5,robot3,-2.727,1.22818
186.5,robot3,-2.727,1.22818
186.5,robot1,-0.726005,38.2896
186.5,robot2,-1.725,1.18858
186.5,robot2,-1.725,1.18858
186.5,robot1,-0.726005,38.2896
186.5,robot3,-2.727,1.22818
186.5,robot3,-2.727,1.22818
186.5,robot1,-0.726005,38.2896
186.5,robot2,-1.725,1.18858
186.5,robot2,-1.72501,1.18884
186.5,robot1,-0.726005,38.2896
186.5,robot3,-2.727,1.22818
186.5,robot3,-2.727,1.22818
186.5,robot1,-0.726005,38.2896
186.5,robot2,-1.72501,1.18884
186.5,robot2,-1.72501,1.18884
186.5,robot1,-0.726007,38.2896
186.5,robot3,-2.727,1.22818
186.5,robot3,-2.727,1.22818
186.5,robot1,-0.726007,38.2896
186.5,robot2,-1.72501,1.18884
186.5,robot2,-1.72501,1.18884
186.5,robot1,-0.726007,38.2896
186.5,robot3,-2.727,1.22818
186.5,robot3,-2.727,1.22818
186.5,robot1,-0.726007,38.2896
186.5,robot2,-1.72501,1.18884
186.5,robot2,-1.72501,1.18884
186.5,robot1,-0.726007,38.2896
186.5,robot3,-2.727,1.22818
186.5,robot3,-2.727,1.22818
186.5,robot1,-0.726007,38.2896
186.5,robot2,-1.72501,1.18884
186.5,robot2,-1.72501,1.18884
186.5,robot1,-0.726007,38.2896
186.5,robot3,-2.727,1.22818
186.5,robot3,-2.727,1.22818
186.6,robot1,-0.726005,38.2895
186.6,robot2,-1.72501,1.18782
186.6,robot2,-1.72501,1.18782
186.6,robot1,-0.726005,38.2895
186.6,robot3,-2.727,1.227
186.6,robot3,-2.727,1.227
186.6,robot1,-0.726005,38.2895
186.6,robot2,-1.72501,1.18782
186.6,robot2,-1.72501,1.18782
186.6,robot1,-0.726005,38.2895
186.6,robot3,-2.727,1.227
186.6,robot3,-2.727,1.227
186.6,robot1,-0.726005,38.2895
186.6,robot2,-1.72501,1.18782
186.6,robot2,-1.72501,1.18782
186.6,robot1,-0.726005,38.2895
186.6,robot3,-2.727,1.227
186.6,robot3,-2.72701,1.2267
186.6,robot1,-0.726005,38.2895
186.6,robot2,-1.72501,1.18782
186.6,robot2,-1.72501,1.18782
186.6,robot1,-0.726005,38.2895
186.6,robot3,-2.72701,1.2267
186.6,robot3,-2.72701,1.2267
186.6,robot1,-0.726005,38.2895
186.6,robot2,-1.72501,1.18782
186.6,robot2,-1.72501,1.18782
186.6,robot1,-0.726005,38.2895
186.6,robot3,-2.72701,1.2267
186.6,robot3,-2.72701,1.2267
186.6,robot1,-0.726005,38.2895
186.6,robot2,-1.72501,1.18782
186.6,robot2,-1.72501,1.18804
186.6,robot1,-0.726005,38.2895
186.6,robot3,-2.72701,1.2267
186.6,robot3,-2.72701,1.2267
186.6,robot1,-0.726005,38.2895
186.6,robot2,-1.72501,1.18804
186.6,robot2,-1.72501,1.18804
186.6,robot1,-0.726008,38.2895
186.6,robot3,-2.72701,1.2267
186.6,robot3,-2.72701,1.2267
186.6,robot1,-0.726008,38.2895
186.6,robot2,-1.72501,1.18804
186.6,robot2,-1.72501,1.18804
186.6,robot1,-0.726008,38.2895
186.6,robot3,-2.72701,1.2267
186.6,robot3,-2.72701,1.2267
186.6,robot1,-0.726008,38.2895
186.6,robot2,-1.72501,1.18804
186.6,robot2,-1.72501,1.18804
186.6,robot1,-0.726008,38.2895
186.6,robot3,-2.72701,1.2267
186.6,robot3,-2.72701,1.2267
186.6,robot1,-0.726008,38.2895
186.6,robot2,-1.72501,1.18804
186.6,robot2,-1.72501,1.18804
186.6,robot1,-0.726008,38.2895
186.6,robot3,-2.72701,1.2267
186.6,robot3,-2.72701,1.2267
186.7,robot1,-0.725999,38.2895
186.7,robot2,-1.725,1.18945
186.7,robot2,-1.725,1.18945
186.7,robot1,-0.725999,38.2895
186.7,robot3,-2.72698,1.22892
186.7,robot3,-2.72698,1.22892
186.7,robot1,-0.725999,38.2895
186.7,robot2,-1.725,1.18945
186.7,robot2,-1.725,1.18945
186.7,robot1,-0.725999,38.2895
186.7,robot3,-2.72698,1.22892
186.7,robot3,-2.72698,1.22892
186.7,robot1,-0.725999,38.2895
186.7,robot2,-1.725,1.18945
186.7,robot2,-1.725,1.18945
186.7,robot1,-0.725999,38.2895
186.7,robot3,-2.72698,1.22892
186.7,robot3,-2.72699,1.22821
186.7,robot1,-0.725999,38.2895
186.7,robot2,-1.725,1.18945
186.7,robot2,-1.725,1.18945
186.7,robot1,-0.725999,38.2895
186.7,robot3,-2.72699,1.22821
186.7,robot3,-2.72699,1.22821
186.7,robot1,-0.725999,38.2895
186.7,robot2,-1.725,1.18945
186.7,robot2,-1.725,1.18945
186.7,robot1,-0.725999,38.2895
186.7,robot3,-2.72699,1.22821
186.7,robot3,-2.72699,1.22821
186.7,robot1,-0.725999,38.2895
186.7,robot2,-1.725,1.18945
186.7,robot2,-1.725,1.18906
186.7,robot1,-0.725999,38.2895
186.7,robot3,-2.72699,1.22821
186.7,robot3,-2.72699,1.22821
186.7,robot1,-0.725999,38.2895
186.7,robot2,-1.725,1.18906
186.7,robot2,-1.725,1.18906
186.7,robot1,-0.726004,38.2894
186.7,robot3,-2.72699,1.22821
186.7,robot3,-2.72699,1.22821
186.7,robot1,-0.726004,38.2894
186.7,robot2,-1.725,1.18906
186.7,robot2,-1.725,1.18906
186.7,robot1,-0.726004,38.2894
186.7,robot3,-2.72699,1.22821
186.7,robot3,-2.72699,1.22821
186.7,robot1,-0.726004,38.2894
186.7,robot2,-1.725,1.18906
186.7,robot2,-1.725,1.18906
186.7,robot1,-0.726004,38.2894
186.7,robot3,-2.72699,1.22821
186.7,robot3,-2.72699,1.22821
186.7,robot1,-0.726004,38.2894
186.7,robot2,-1.725,1.18906
186.7,robot2,-1.725,1.18906
186.7,robot1,-0.726004,38.2894
186.7,robot3,-2.72699,1.22821
186.7,robot3,-2.72699,1.22821
186.8,robot1,-0.726004,38.2894
186.8,robot2,-1.725,1.18754
186.8,robot2,-1.725,1.18754
186.8,robot1,-0.726004,38.2894
186.8,robot3,-2.72699,1.22741
186.8,robot3,-2.72699,1.22741
186.8,robot1,-0.726012,38.2896
186.8,robot2,-1.725,1.18754
186.8,robot2,-1.725,1.18754
186.8,robot1,-0.726012,38.2896
186.8,robot3,-2.72699,1.22741
186.8,robot3,-2.72699,1.22741
186.8,robot1,-0.726012,38.2896
186.8,robot2,-1.725,1.18754
186.8,robot2,-1.725,1.18754
186.8,robot1,-0.726012,38.2896
186.8,robot3,-2.72699,1.22741
186.8,robot3,-2.72699,1.22711
186.8,robot1,-0.726012,38.2896
186.8,robot2,-1.725,1.18754
186.8,robot2,-1.725,1.18754
186.8,robot1,-0.726012,38.2896
186.8,robot3,-2.72699,1.22711
186.8,robot3,-2.72699,1.22711
186.8,robot1,-0.726012,38.2896
186.8,robot2,-1.725,1.18754
186.8,robot2,-1.725,1.18754
186.8,robot1,-0.726012,38.2896
186.8,robot3,-2.72699,1.22711
186.8,robot3,-2.72699,1.22711
186.8,robot1,-0.726012,38.2896
186.8,robot2,-1.725,1.18754
186.8,robot2,-1.72501,1.18818
186.8,robot1,-0.726012,38.2896
186.8,robot3,-2.72699,1.22711
186.8,robot3,-2.72699,1.22711
186.8,robot1,-0.726012,38.2896
186.8,robot2,-1.72501,1.18818
186.8,robot2,-1.72501,1.18818
186.8,robot1,-0.726017,38.2911
186.8,robot3,-2.72699,1.22711
186.8,robot3,-2.72699,1.22711
186.8,robot1,-0.726017,38.2911
186.8,robot2,-1.72501,1.18818
186.8,robot2,-1.72501,1.18818
186.8,robot1,-0.726017,38.2911
186.8,robot3,-2.72699,1.22711
186.8,robot3,-2.72699,1.22711
186.8,robot1,-0.726017,38.2911
186.8,robot2,-1.72501,1.18818
186.8,robot2,-1.72501,1.18818
186.8,robot1,-0.726017,38.2911
186.8,robot3,-2.72699,1.22711
186.8,robot3,-2.72699,1.22711
186.8,robot1,-0.726017,38.2911
186.8,robot2,-1.72501,1.18818
186.8,robot2,-1.72501,1.18818
186.8,robot1,-0.726017,38.2911
186.8,robot3,-2.72699,1.22711
186.8,robot3,-2.72699,1.22711
186.9,robot1,-0.726017,38.2911
186.9,robot2,-1.72501,1.18818
186.9,robot2,-1.72501,1.18818
186.9,robot1,-0.726017,38.2911
186.9,robot3,-2.72699,1.22528
186.9,robot3,-2.72699,1.22528
186.9,robot1,-0.726019,38.2896
186.9,robot2,-1.725,1.18805
186.9,robot2,-1.725,1.18805
186.9,robot1,-0.726019,38.2896
186.9,robot3,-2.72699,1.22528
186.9,robot3,-2.72699,1.22528
186.9,robot1,-0.726019,38.2896
186.9,robot2,-1.725,1.18805
186.9,robot2,-1.725,1.18805
186.9,robot1,-0.726019,38.2896
186.9,robot3,-2.72699,1.22528
186.9,robot3,-2.727,1.22585
186.9,robot1,-0.726019,38.2896
186.9,robot2,-1.725,1.18805
186.9,robot2,-1.725,1.18805
186.9,robot1,-0.726019,38.2896
186.9,robot3,-2.727,1.22585
186.9,robot3,-2.727,1.22585
186.9,robot1,-0.726019,38.2896
186.9,robot2,-1.725,1.18805
186.9,robot2,-1.725,1.18805
186.9,robot1,-0.726019,38.2896
186.9,robot3,-2.727,1.22585
186.9,robot3,-2.727,1.22585
186.9,robot1,-0.726019,38.2896
186.9,robot2,-1.725,1.18805
186.9,robot2,-1.72501,1.18869
186.9,robot1,-0.726019,38.2896
186.9,robot3,-2.727,1.22585
186.9,robot3,-2.727,1.22585
186.9,robot1,-0.726019,38.2896
186.9,robot2,-1.72501,1.18869
186.9,robot2,-1.72501,1.18869
186.9,robot1,-0.726023,38.2895
186.9,robot3,-2.727,1.22585
186.9,robot3,-2.727,1.22585
186.9,robot1,-0.726023,38.2895
186.9,robot2,-1.72501,1.18869
186.9,robot2,-1.72501,1.18869
186.9,robot1,-0.726023,38.2895
186.9,robot3,-2.727,1.22585
186.9,robot3,-2.727,1.22585
186.9,robot1,-0.726023,38.2895
186.9,robot2,-1.72501,1.18869
186.9,robot2,-1.72501,1.18869
186.9,robot1,-0.726023,38.2895
186.9,robot3,-2.727,1.22585
186.9,robot3,-2.727,1.22585
186.9,robot1,-0.726023,38.2895
186.9,robot2,-1.72501,1.18869
186.9,robot2,-1.72501,1.18869
186.9,robot1,-0.726023,38.2895
186.9,robot3,-2.727,1.22585
186.9,robot3,-2.727,1.22585
186.9,robot1,-0.726023,38.2895
186.9,robot2,-1.72501,1.18869
186.9,robot2,-1.72501,1.18869
186.9,robot1,-0.726023,38.2895
186.9,robot3,-2.727,1.22585
186.9,robot3,-2.727,1.22585
187,robot1,-0.725995,38.29
187,robot2,-1.72499,1.18862
187,robot2,-1.72499,1.18862
187,robot1,-0.725995,38.29
187,robot3,-2.727,1.22714
187,robot3,-2.727,1.22714
187,robot1,-0.725995,38.29
187,robot2,-1.72499,1.18862
187,robot2,-1.72499,1.18862
187,robot1,-0.725995,38.29
187,robot3,-2.727,1.22714
187,robot3,-2.727,1.22742
187,robot1,-0.725995,38.29
187,robot2,-1.72499,1.18862
187,robot2,-1.72499,1.18862
187,robot1,-0.725995,38.29
187,robot3,-2.727,1.22742
187,robot3,-2.727,1.22742
187,robot1,-0.725995,38.29
187,robot2,-1.72499,1.18862
187,robot2,-1.72499,1.18862
187,robot1,-0.725995,38.29
187,robot3,-2.727,1.22742
187,robot3,-2.727,1.22742
187,robot1,-0.725995,38.29
187,robot2,-1.72499,1.18862
187,robot2,-1.72499,1.18892
187,robot1,-0.725995,38.29
187,robot3,-2.727,1.22742
187,robot3,-2.727,1.22742
187,robot1,-0.725995,38.29
187,robot2,-1.72499,1.18892
187,robot2,-1.72499,1.18892
187,robot1,-0.725998,38.29
187,robot3,-2.727,1.22742
187,robot3,-2.727,1.22742
187,robot1,-0.725998,38.29
187,robot2,-1.72499,1.18892
187,robot2,-1.72499,1.18892
187,robot1,-0.725998,38.29
187,robot3,-2.727,1.22742
187,robot3,-2.727,1.22742
187,robot1,-0.725998,38.29
187,robot2,-1.72499,1.18892
187,robot2,-1.72499,1.18892
187,robot1,-0.725998,38.29
187,robot3,-2.727,1.22742
187,robot3,-2.727,1.22742
187,robot1,-0.725998,38.29
187,robot2,-1.72499,1.18892
187,robot2,-1.72499,1.18892
187,robot1,-0.725998,38.29
187,robot3,-2.727,1.22742
187,robot3,-2.727,1.22742
187,robot1,-0.725998,38.29
187,robot2,-1.72499,1.18892
187,robot2,-1.72499,1.18892
187,robot1,-0.725998,38.29
187,robot3,-2.727,1.22742
187,robot3,-2.727,1.22742
187.1,robot1,-0.725998,38.2903
187.1,robot2,-1.72499,1.18854
187.1,robot2,-1.72499,1.18854
187.1,robot1,-0.725998,38.2903
187.1,robot3,-2.727,1.22537
187.1,robot3,-2.727,1.22537
187.1,robot1,-0.725998,38.2903
187.1,robot2,-1.72499,1.18854
187.1,robot2,-1.72499,1.18854
187.1,robot1,-0.725998,38.2903
187.1,robot3,-2.727,1.22537
187.1,robot3,-2.72701,1.2269
187.1,robot1,-0.725998,38.2903
187.1,robot2,-1.72499,1.18854
187.1,robot2,-1.72499,1.18854
187.1,robot1,-0.725998,38.2903
187.1,robot3,-2.72701,1.2269
187.1,robot3,-2.72701,1.2269
187.1,robot1,-0.725998,38.2903
187.1,robot2,-1.72499,1.18854
187.1,robot2,-1.72499,1.18854
187.1,robot1,-0.725998,38.2903
187.1,robot3,-2.72701,1.2269
187.1,robot3,-2.72701,1.2269
187.1,robot1,-0.725998,38.2903
187.1,robot2,-1.72499,1.18854
187.1,robot2,-1.72499,1.18874
187.1,robot1,-0.725998,38.2903
187.1,robot3,-2.72701,1.2269
187.1,robot3,-2.72701,1.2269
187.1,robot1,-0.725998,38.2903
187.1,robot2,-1.72499,1.18874
187.1,robot2,-1.72499,1.18874
187.1,robot1,-0.725999,38.2903
187.1,robot3,-2.72701,1.2269
187.1,robot3,-2.72701,1.2269
187.1,robot1,-0.725999,38.2903
187.1,robot2,-1.72499,1.18874
187.1,robot2,-1.72499,1.18874
187.1,robot1,-0.725999,38.2903
187.1,robot3,-2.72701,1.2269
187.1,robot3,-2.72701,1.2269
187.1,robot1,-0.725999,38.2903
187.1,robot2,-1.72499,1.18874
187.1,robot2,-1.72499,1.18874
187.1,robot1,-0.725999,38.2903
187.1,robot3,-2.72701,1.2269
187.1,robot3,-2.72701,1.2269
187.1,robot1,-0.725999,38.2903
187.1,robot2,-1.72499,1.18874
187.1,robot2,-1.72499,1.18874
187.1,robot1,-0.725999,38.2903
187.1,robot3,-2.72701,1.2269
187.1,robot3,-2.72701,1.2269
187.1,robot1,-0.725999,38.2903
187.1,robot2,-1.72499,1.18874
187.1,robot2,-1.72499,1.18874
187.1,robot1,-0.725999,38.2903
187.1,robot3,-2.72701,1.2269
187.1,robot3,-2.72701,1.2269
187.2,robot1,-0.726,38.2904
187.2,robot2,-1.72497,1.18782
187.2,robot2,-1.72497,1.18782
187.2,robot1,-0.726,38.2904
187.2,robot3,-2.72698,1.22749
187.2,robot3,-2.72698,1.22749
187.2,robot1,-0.726,38.2904
187.2,robot2,-1.72497,1.18782
187.2,robot2,-1.72497,1.18782
187.2,robot1,-0.726,38.2904
187.2,robot3,-2.72698,1.22749
187.2,robot3,-2.72699,1.22775
187.2,robot1,-0.726,38.2904
187.2,robot2,-1.72497,1.18782
187.2,robot2,-1.72497,1.18782
187.2,robot1,-0.726,38.2904
187.2,robot3,-2.72699,1.22775
187.2,robot3,-2.72699,1.22775
187.2,robot1,-0.726,38.2904
187.2,robot2,-1.72497,1.18782
187.2,robot2,-1.72497,1.18782
187.2,robot1,-0.726,38.2904
187.2,robot3,-2.72699,1.22775
187.2,robot3,-2.72699,1.22775
187.2,robot1,-0.726,38.2904
187.2,robot2,-1.72497,1.18782
187.2,robot2,-1.72497,1.18802
187.2,robot1,-0.726,38.2904
187.2,robot3,-2.72699,1.22775
187.2,robot3,-2.72699,1.22775
187.2,robot1,-0.726,38.2904
187.2,robot2,-1.72497,1.18802
187.2,robot2,-1.72497,1.18802
187.2,robot1,-0.726,38.2904
187.2,robot3,-2.72699,1.22775
187.2,robot3,-2.72699,1.22775
187.2,robot1,-0.726,38.2904
187.2,robot2,-1.72497,1.18802
187.2,robot2,-1.72497,1.18802
187.2,robot1,-0.726,38.2904
187.2,robot3,-2.72699,1.22775
187.2,robot3,-2.72699,1.22775
187.2,robot1,-0.726,38.2904
187.2,robot2,-1.72497,1.18802
187.2,robot2,-1.72497,1.18802
187.2,robot1,-0.726,38.2904
187.2,robot3,-2.72699,1.22775
187.2,robot3,-2.72699,1.22775
187.2,robot1,-0.726,38.2904
187.2,robot2,-1.72497,1.18802
187.2,robot2,-1.72497,1.18802
187.2,robot1,-0.726,38.2904
187.2,robot3,-2.72699,1.22775
187.2,robot3,-2.72699,1.22775
187.2,robot1,-0.726,38.2904
187.2,robot2,-1.72497,1.18802
187.2,robot2,-1.72497,1.18802
187.2,robot1,-0.726,38.2904
187.2,robot3,-2.72699,1.22775
187.2,robot3,-2.72699,1.22775
187.3,robot1,-0.725997,38.2907
187.3,robot2,-1.72498,1.18978
187.3,robot2,-1.72498,1.18978
187.3,robot1,-0.725997,38.2907
187.3,robot3,-2.72696,1.22821
187.3,robot3,-2.72696,1.22821
187.3,robot1,-0.725997,38.2907
187.3,robot2,-1.72498,1.18978
187.3,robot2,-1.72498,1.18978
187.3,robot1,-0.725997,38.2907
187.3,robot3,-2.72696,1.22821
187.3,robot3,-2.72697,1.22787
187.3,robot1,-0.725997,38.2907
187.3,robot2,-1.72498,1.18978
187.3,robot2,-1.72498,1.18978
187.3,robot1,-0.725997,38.2907
187.3,robot3,-2.72697,1.22787
187.3,robot3,-2.72697,1.22787
187.3,robot1,-0.725997,38.2907
187.3,robot2,-1.72498,1.18978
187.3,robot2,-1.72498,1.18978
187.3,robot1,-0.725997,38.2907
187.3,robot3,-2.72697,1.22787
187.3,robot3,-2.72697,1.22787
187.3,robot1,-0.725997,38.2907
187.3,robot2,-1.72498,1.18978
187.3,robot2,-1.72498,1.18935
187.3,robot1,-0.725997,38.2907
187.3,robot3,-2.72697,1.22787
187.3,robot3,-2.72697,1.22787
187.3,robot1,-0.725997,38.2907
187.3,robot2,-1.72498,1.18935
187.3,robot2,-1.72498,1.18935
187.3,robot1,-0.725999,38.2906
187.3,robot3,-2.72697,1.22787
187.3,robot3,-2.72697,1.22787
187.3,robot1,-0.725999,38.2906
187.3,robot2,-1.72498,1.18935
187.3,robot2,-1.72498,1.18935
187.3,robot1,-0.725999,38.2906
187.3,robot3,-2.72697,1.22787
187.3,robot3,-2.72697,1.22787
187.3,robot1,-0.725999,38.2906
187.3,robot2,-1.72498,1.18935
187.3,robot2,-1.72498,1.18935
187.3,robot1,-0.725999,38.2906
187.3,robot3,-2.72697,1.22787
187.3,robot3,-2.72697,1.22787
187.3,robot1,-0.725999,38.2906
187.3,robot2,-1.72498,1.18935
187.3,robot2,-1.72498,1.18935
187.3,robot1,-0.725999,38.2906
187.3,robot3,-2.72697,1.22787
187.3,robot3,-2.72697,1.22787
187.3,robot1,-0.725999,38.2906
187.3,robot2,-1.72498,1.18935
187.3,robot2,-1.72498,1.18935
187.3,robot1,-0.725999,38.2906
187.3,robot3,-2.72697,1.22787
187.3,robot3,-2.72697,1.22787
187.4,robot1,-0.725999,38.2906
187.4,robot2,-1.725,1.19088
187.4,robot2,-1.725,1.19088
187.4,robot1,-0.725999,38.2906
187.4,robot3,-2.72699,1.22908
187.4,robot3,-2.72699,1.22908
187.4,robot1,-0.725996,38.2906
187.4,robot2,-1.725,1.19088
187.4,robot2,-1.725,1.19088
187.4,robot1,-0.725996,38.2906
187.4,robot3,-2.72699,1.22908
187.4,robot3,-2.72699,1.22863
187.4,robot1,-0.725996,38.2906
187.4,robot2,-1.725,1.19088
187.4,robot2,-1.725,1.19088
187.4,robot1,-0.725996,38.2906
187.4,robot3,-2.72699,1.22863
187.4,robot3,-2.72699,1.22863
187.4,robot1,-0.725996,38.2906
187.4,robot2,-1.725,1.19088
187.4,robot2,-1.725,1.19088
187.4,robot1,-0.725996,38.2906
187.4,robot3,-2.72699,1.22863
187.4,robot3,-2.72699,1.22863
187.4,robot1,-0.725996,38.2906
187.4,robot2,-1.725,1.19088
187.4,robot2,-1.725,1.19094
187.4,robot1,-0.725996,38.2906
187.4,robot3,-2.72699,1.22863
187.4,robot3,-2.72699,1.22863
187.4,robot1,-0.725996,38.2906
187.4,robot2,-1.725,1.19094
187.4,robot2,-1.725,1.19094
187.4,robot1,-0.725998,38.2905
187.4,robot3,-2.72699,1.22863
187.4,robot3,-2.72699,1.22863
187.4,robot1,-0.725998,38.2905
187.4,robot2,-1.725,1.19094
187.4,robot2,-1.725,1.19094
187.4,robot1,-0.725998,38.2905
187.4,robot3,-2.72699,1.22863
187.4,robot3,-2.72699,1.22863
187.4,robot1,-0.725998,38.2905
187.4,robot2,-1.725,1.19094
187.4,robot2,-1.725,1.19094
187.4,robot1,-0.725998,38.2905
187.4,robot3,-2.72699,1.22863
187.4,robot3,-2.72699,1.22863
187.4,robot1,-0.725998,38.2905
187.4,robot2,-1.725,1.19094
187.4,robot2,-1.725,1.19094
187.4,robot1,-0.725998,38.2905
187.4,robot3,-2.72699,1.22863
187.4,robot3,-2.72699,1.22863
187.4,robot1,-0.725998,38.2905
187.4,robot2,-1.725,1.19094
187.4,robot2,-1.725,1.19094
187.4,robot1,-0.725998,38.2905
187.4,robot3,-2.72699,1.22863
187.4,robot3,-2.72699,1.22863
187.4,robot1,-0.725998,38.2905
187.4,robot2,-1.725,1.19094
187.5,robot2,-1.725,1.19094
187.5,robot1,-0.725998,38.2905
187.5,robot3,-2.72699,1.22929
187.5,robot3,-2.72699,1.22929
187.5,robot1,-0.725999,38.2902
187.5,robot2,-1.72499,1.19097
187.5,robot2,-1.72499,1.19097
187.5,robot1,-0.725999,38.2902
187.5,robot3,-2.72699,1.22929
187.5,robot3,-2.72699,1.22877
187.5,robot1,-0.725999,38.2902
187.5,robot2,-1.72499,1.19097
187.5,robot2,-1.72499,1.19097
187.5,robot1,-0.725999,38.2902
187.5,robot3,-2.72699,1.22877
187.5,robot3,-2.72699,1.22877
187.5,robot1,-0.725999,38.2902
187.5,robot2,-1.72499,1.19097
187.5,robot2,-1.72499,1.19097
187.5,robot1,-0.725999,38.2902
187.5,robot3,-2.72699,1.22877
187.5,robot3,-2.72699,1.22877
187.5,robot1,-0.725999,38.2902
187.5,robot2,-1.72499,1.19097
187.5,robot2,-1.725,1.19134
187.5,robot1,-0.725999,38.2902
187.5,robot3,-2.72699,1.22877
187.5,robot3,-2.72699,1.22877
187.5,robot1,-0.725999,38.2902
187.5,robot2,-1.725,1.19134
187.5,robot2,-1.725,1.19134
187.5,robot1,-0.726,38.2902
187.5,robot3,-2.72699,1.22877
187.5,robot3,-2.72699,1.22877
187.5,robot1,-0.726,38.2902
187.5,robot2,-1.725,1.19134
187.5,robot2,-1.725,1.19134
187.5,robot1,-0.726,38.2902
187.5,robot3,-2.72699,1.22877
187.5,robot3,-2.72699,1.22877
187.5,robot1,-0.726,38.2902
187.5,robot2,-1.725,1.19134
187.5,robot2,-1.725,1.19134
187.5,robot1,-0.726,38.2902
187.5,robot3,-2.72699,1.22877
187.5,robot3,-2.72699,1.22877
187.5,robot1,-0.726,38.2902
187.5,robot2,-1.725,1.19134
187.5,robot2,-1.725,1.19134
187.5,robot1,-0.726,38.2902
187.5,robot3,-2.72699,1.22877
187.5,robot3,-2.72699,1.22877
187.5,robot1,-0.726,38.2902
187.5,robot2,-1.725,1.19134
187.5,robot2,-1.725,1.19134
187.5,robot1,-0.726,38.2902
187.5,robot3,-2.72699,1.22877
187.5,robot3,-2.72699,1.22877
187.5,robot1,-0.726,38.2902
187.5,robot2,-1.725,1.19134
187.5,robot2,-1.725,1.19134
187.5,robot1,-0.726,38.2902
187.6,robot3,-2.727,1.22978
187.6,robot3,-2.727,1.22978
187.6,robot1,-0.726,38.2904
187.6,robot2,-1.72498,1.18991
187.6,robot2,-1.72498,1.18991
187.6,robot1,-0.726,38.2904
187.6,robot3,-2.727,1.22978
187.6,robot3,-2.727,1.22803
187.6,robot1,-0.726,38.2904
187.6,robot2,-1.72498,1.18991
187.6,robot2,-1.72498,1.18991
187.6,robot1,-0.726,38.2904
187.6,robot3,-2.727,1.22803
187.6,robot3,-2.727,1.22803
187.6,robot1,-0.726,38.2904
187.6,robot2,-1.72498,1.18991
187.6,robot2,-1.72498,1.18991
187.6,robot1,-0.726,38.2904
187.6,robot3,-2.727,1.22803
187.6,robot3,-2.727,1.22803
187.6,robot1,-0.726,38.2904
187.6,robot2,-1.72498,1.18991
187.6,robot2,-1.72498,1.19002
187.6,robot1,-0.726,38.2904
187.6,robot3,-2.727,1.22803
187.6,robot3,-2.727,1.22803
187.6,robot1,-0.726,38.2904
187.6,robot2,-1.72498,1.19002
187.6,robot2,-1.72498,1.19002
187.6,robot1,-0.726,38.2904
187.6,robot3,-2.727,1.22803
187.6,robot3,-2.727,1.22803
187.6,robot1,-0.726,38.2904
187.6,robot2,-1.72498,1.19002
187.6,robot2,-1.72498,1.19002
187.6,robot1,-0.726,38.2904
187.6,robot3,-2.727,1.22803
187.6,robot3,-2.727,1.22803
187.6,robot1,-0.726,38.2904
187.6,robot2,-1.72498,1.19002
187.6,robot2,-1.72498,1.19002
187.6,robot1,-0.726,38.2904
187.6,robot3,-2.727,1.22803
187.6,robot3,-2.727,1.22803
187.6,robot1,-0.726,38.2904
187.6,robot2,-1.72498,1.19002
187.6,robot2,-1.72498,1.19002
187.6,robot1,-0.726,38.2904
187.6,robot3,-2.727,1.22803
187.6,robot3,-2.727,1.22803
187.6,robot1,-0.726,38.2904
187.6,robot2,-1.72498,1.19002
187.6,robot2,-1.72498,1.19002
187.6,robot1,-0.726,38.2904
187.6,robot3,-2.727,1.22803
187.6,robot3,-2.727,1.22803
187.6,robot1,-0.726,38.2904
187.6,robot2,-1.72498,1.19002
187.6,robot2,-1.72498,1.19002
187.6,robot1,-0.726,38.2904
187.7,robot3,-2.727,1.22712
187.7,robot3,-2.727,1.22712
187.7,robot1,-0.726,38.2905
187.7,robot2,-1.72499,1.19185
187.7,robot2,-1.72499,1.19185
187.7,robot1,-0.726,38.2905
187.7,robot3,-2.727,1.22712
187.7,robot3,-2.727,1.22662
187.7,robot1,-0.726,38.2905
187.7,robot2,-1.72499,1.19185
187.7,robot2,-1.72499,1.19185
187.7,robot1,-0.726,38.2905
187.7,robot3,-2.727,1.22662
187.7,robot3,-2.727,1.22662
187.7,robot1,-0.726,38.2905
187.7,robot2,-1.72499,1.19185
187.7,robot2,-1.72499,1.19185
187.7,robot1,-0.726,38.2905
187.7,robot3,-2.727,1.22662
187.7,robot3,-2.727,1.22662
187.7,robot1,-0.726,38.2905
187.7,robot2,-1.72499,1.19185
187.7,robot2,-1.72499,1.19092
187.7,robot1,-0.726,38.2905
187.7,robot3,-2.727,1.22662
187.7,robot3,-2.727,1.22662
187.7,robot1,-0.726,38.2905
187.7,robot2,-1.72499,1.19092
187.7,robot2,-1.72499,1.19092
187.7,robot1,-0.726,38.2905
187.7,robot3,-2.727,1.22662
187.7,robot3,-2.727,1.22662
187.7,robot1,-0.726,38.2905
187.7,robot2,-1.72499,1.19092
187.7,robot2,-1.72499,1.19092
187.7,robot1,-0.726,38.2905
187.7,robot3,-2.727,1.22662
187.7,robot3,-2.727,1.22662
187.7,robot1,-0.726,38.2905
187.7,robot2,-1.72499,1.19092
187.7,robot2,-1.72499,1.19092
187.7,robot1,-0.726,38.2905
187.7,robot3,-2.727,1.22662
187.7,robot3,-2.727,1.22662
187.7,robot1,-0.726,38.2905
187.7,robot2,-1.72499,1.19092
187.7,robot2,-1.72499,1.19092
187.7,robot1,-0.726,38.2905
187.7,robot3,-2.727,1.22662
187.7,robot3,-2.727,1.22662
187.7,robot1,-0.726,38.2905
187.7,robot2,-1.72499,1.19092
187.7,robot2,-1.72499,1.19092
187.7,robot1,-0.726,38.2905
187.7,robot3,-2.727,1.22662
187.7,robot3,-2.727,1.22662
187.7,robot1,-0.726,38.2905
187.7,robot2,-1.72499,1.19092
187.7,robot2,-1.72499,1.19092
187.7,robot1,-0.726,38.2905
187.8,robot3,-2.727,1.22662
187.8,robot3,-2.727,1.22662
187.8,robot1,-0.726,38.2906
187.8,robot2,-1.725,1.19061
187.8,robot2,-1.725,1.19061
187.8,robot1,-0.726,38.2906
187.8,robot3,-2.72701,1.22757
187.8,robot3,-2.72701,1.22794
187.8,robot1,-0.726,38.2906
187.8,robot2,-1.725,1.19061
187.8,robot2,-1.725,1.19061
187.8,robot1,-0.726,38.2906
187.8,robot3,-2.72701,1.22794
187.8,robot3,-2.72701,1.22794
187.8,robot1,-0.726,38.2906
187.8,robot2,-1.725,1.19061
187.8,robot2,-1.725,1.19061
187.8,robot1,-0.726,38.2906
187.8,robot3,-2.72701,1.22794
187.8,robot3,-2.72701,1.22794
187.8,robot1,-0.726,38.2906
187.8,robot2,-1.725,1.19061
187.8,robot2,-1.72501,1.19074
187.8,robot1,-0.726,38.2906
187.8,robot3,-2.72701,1.22794
187.8,robot3,-2.72701,1.22794
187.8,robot1,-0.726,38.2906
187.8,robot2,-1.72501,1.19074
187.8,robot2,-1.72501,1.19074
187.8,robot1,-0.726,38.2906
187.8,robot3,-2.72701,1.22794
187.8,robot3,-2.72701,1.22794
187.8,robot1,-0.726,38.2906
187.8,robot2,-1.72501,1.19074
187.8,robot2,-1.72501,1.19074
187.8,robot1,-0.726,38.2906
187.8,robot3,-2.72701,1.22794
187.8,robot3,-2.72701,1.22794
187.8,robot1,-0.726,38.2906
187.8,robot2,-1.72501,1.19074
187.8,robot2,-1.72501,1.19074
187.8,robot1,-0.726,38.2906
187.8,robot3,-2.72701,1.22794
187.8,robot3,-2.72701,1.22794
187.8,robot1,-0.726,38.2906
187.8,robot2,-1.72501,1.19074
187.8,robot2,-1.72501,1.19074
187.8,robot1,-0.726,38.2906
187.8,robot3,-2.72701,1.22794
187.8,robot3,-2.72701,1.22794
187.8,robot1,-0.726,38.2906
187.8,robot2,-1.72501,1.19074
187.8,robot1,-0.726,38.2906
187.8,robot2,-1.72501,1.19074
187.8,robot3,-2.72701,1.22794
187.8,robot3,-2.72701,1.22794
187.8,robot1,-0.726,38.2906
187.8,robot2,-1.72501,1.19074
187.8,robot2,-1.72501,1.19074
187.8,robot1,-0.726,38.2906
187.8,robot3,-2.72701,1.22794
187.8,robot3,-2.72701,1.22794
187.9,robot1,-0.726003,38.2905
187.9,robot2,-1.72501,1.18967
187.9,robot2,-1.72501,1.18967
187.9,robot1,-0.726003,38.2905
187.9,robot3,-2.72699,1.22738
187.9,robot3,-2.72699,1.22781
187.9,robot1,-0.726003,38.2905
187.9,robot2,-1.72501,1.18967
187.9,robot2,-1.72501,1.18967
187.9,robot1,-0.726003,38.2905
187.9,robot3,-2.72699,1.22781
187.9,robot3,-2.72699,1.22781
187.9,robot1,-0.726003,38.2905
187.9,robot2,-1.72501,1.18967
187.9,robot2,-1.72501,1.18967
187.9,robot1,-0.726003,38.2905
187.9,robot3,-2.72699,1.22781
187.9,robot3,-2.72699,1.22781
187.9,robot1,-0.726003,38.2905
187.9,robot2,-1.72501,1.18967
187.9,robot2,-1.72502,1.18986
187.9,robot1,-0.726003,38.2905
187.9,robot3,-2.72699,1.22781
187.9,robot3,-2.72699,1.22781
187.9,robot1,-0.726003,38.2905
187.9,robot2,-1.72502,1.18986
187.9,robot2,-1.72502,1.18986
187.9,robot1,-0.726004,38.2907
187.9,robot3,-2.72699,1.22781
187.9,robot3,-2.72699,1.22781
187.9,robot1,-0.726004,38.2907
187.9,robot2,-1.72502,1.18986
187.9,robot2,-1.72502,1.18986
187.9,robot1,-0.726004,38.2907
187.9,robot3,-2.72699,1.22781
187.9,robot3,-2.72699,1.22781
187.9,robot1,-0.726004,38.2907
187.9,robot2,-1.72502,1.18986
187.9,robot2,-1.72502,1.18986
187.9,robot1,-0.726004,38.2907
187.9,robot3,-2.72699,1.22781
187.9,robot3,-2.72699,1.22781
187.9,robot1,-0.726004,38.2907
187.9,robot2,-1.72502,1.18986
187.9,robot1,-0.726004,38.2907
187.9,robot2,-1.72502,1.18986
187.9,robot3,-2.72699,1.22781
187.9,robot3,-2.72699,1.22781
187.9,robot1,-0.726004,38.2907
187.9,robot2,-1.72502,1.18986
187.9,robot2,-1.72502,1.18986
187.9,robot1,-0.726004,38.2907
187.9,robot3,-2.72699,1.22781
187.9,robot3,-2.72699,1.22781
187.9,robot1,-0.726004,38.2907
187.9,robot2,-1.72502,1.18986
187.9,robot2,-1.72502,1.18986
187.9,robot1,-0.726004,38.2907
187.9,robot3,-2.72699,1.22781
187.9,robot3,-2.72699,1.22781
188,robot1,-0.725999,38.2902
188,robot2,-1.72499,1.19209
188,robot2,-1.72499,1.19209
188,robot1,-0.725999,38.2902
188,robot3,-2.72699,1.22703
188,robot3,-2.727,1.22652
188,robot1,-0.725999,38.2902
188,robot2,-1.72499,1.19209
188,robot2,-1.72499,1.19209
188,robot1,-0.725999,38.2902
188,robot3,-2.727,1.22652
188,robot3,-2.727,1.22652
188,robot1,-0.725999,38.2902
188,robot2,-1.72499,1.19209
188,robot2,-1.72499,1.19209
188,robot1,-0.725999,38.2902
188,robot3,-2.727,1.22652
188,robot3,-2.727,1.22652
188,robot1,-0.725999,38.2902
188,robot2,-1.72499,1.19209
188,robot2,-1.72499,1.1902
188,robot1,-0.725999,38.2902
188,robot3,-2.727,1.22652
188,robot3,-2.727,1.22652
188,robot1,-0.725999,38.2902
188,robot2,-1.72499,1.1902
188,robot2,-1.72499,1.1902
188,robot1,-0.726001,38.2902
188,robot3,-2.727,1.22652
188,robot3,-2.727,1.22652
188,robot1,-0.726001,38.2902
188,robot2,-1.72499,1.1902
188,robot2,-1.72499,1.1902
188,robot1,-0.726001,38.2902
188,robot3,-2.727,1.22652
188,robot3,-2.727,1.22652
188,robot1,-0.726001,38.2902
188,robot2,-1.72499,1.1902
188,robot2,-1.72499,1.1902
188,robot1,-0.726001,38.2902
188,robot3,-2.727,1.22652
188,robot3,-2.727,1.22652
188,robot1,-0.726001,38.2902
188,robot2,-1.72499,1.1902
188,robot2,-1.72499,1.1902
188,robot1,-0.726001,38.2902
188,robot3,-2.727,1.22652
188,robot3,-2.727,1.22652
188,robot1,-0.726001,38.2902
188,robot2,-1.72499,1.1902
188,robot2,-1.72499,1.1902
188,robot1,-0.726001,38.2902
188,robot3,-2.727,1.22652
188,robot3,-2.727,1.22652
188,robot1,-0.726001,38.2902
188,robot2,-1.72499,1.1902
188,robot2,-1.72499,1.1902
188,robot1,-0.726001,38.2902
188,robot3,-2.727,1.22652
188,robot3,-2.727,1.22652
188.1,robot1,-0.726,38.2904
188.1,robot2,-1.72499,1.1909
188.1,robot2,-1.72499,1.1909
188.1,robot1,-0.726,38.2904
188.1,robot3,-2.727,1.22583
188.1,robot3,-2.72701,1.22571
188.1,robot1,-0.726,38.2904
188.1,robot2,-1.72499,1.1909
188.1,robot2,-1.72499,1.1909
188.1,robot1,-0.726,38.2904
188.1,robot3,-2.72701,1.22571
188.1,robot3,-2.72701,1.22571
188.1,robot1,-0.726,38.2904
188.1,robot2,-1.72499,1.1909
188.1,robot2,-1.72499,1.1909
188.1,robot1,-0.726,38.2904
188.1,robot3,-2.72701,1.22571
188.1,robot3,-2.72701,1.22571
188.1,robot1,-0.726,38.2904
188.1,robot2,-1.72499,1.1909
188.1,robot2,-1.72499,1.19069
188.1,robot1,-0.726,38.2904
188.1,robot3,-2.72701,1.22571
188.1,robot3,-2.72701,1.22571
188.1,robot1,-0.726,38.2904
188.1,robot2,-1.72499,1.19069
188.1,robot2,-1.72499,1.19069
188.1,robot1,-0.726001,38.2904
188.1,robot3,-2.72701,1.22571
188.1,robot3,-2.72701,1.22571
188.1,robot1,-0.726001,38.2904
188.1,robot2,-1.72499,1.19069
188.1,robot2,-1.72499,1.19069
188.1,robot1,-0.726001,38.2904
188.1,robot3,-2.72701,1.22571
188.1,robot3,-2.72701,1.22571
188.1,robot1,-0.726001,38.2904
188.1,robot2,-1.72499,1.19069
188.1,robot2,-1.72499,1.19069
188.1,robot1,-0.726001,38.2904
188.1,robot3,-2.72701,1.22571
188.1,robot3,-2.72701,1.22571
188.1,robot1,-0.726001,38.2904
188.1,robot2,-1.72499,1.19069
188.1,robot2,-1.72499,1.19069
188.1,robot1,-0.726001,38.2904
188.1,robot3,-2.72701,1.22571
188.1,robot3,-2.72701,1.22571
188.1,robot1,-0.726001,38.2904
188.1,robot2,-1.72499,1.19069
188.1,robot2,-1.72499,1.19069
188.1,robot1,-0.726001,38.2904
188.1,robot3,-2.72701,1.22571
188.1,robot3,-2.72701,1.22571
188.1,robot1,-0.726001,38.2904
188.1,robot2,-1.72499,1.19069
188.1,robot2,-1.72499,1.19069
188.1,robot1,-0.726001,38.2904
188.1,robot3,-2.72701,1.22571
188.1,robot3,-2.72701,1.22571
188.2,robot1,-0.726,38.2906
188.2,robot2,-1.725,1.18834
188.2,robot2,-1.725,1.18834
188.2,robot1,-0.726,38.2906
188.2,robot3,-2.727,1.22515
188.2,robot3,-2.727,1.2263
188.2,robot1,-0.726,38.2906
188.2,robot2,-1.725,1.18834
188.2,robot2,-1.725,1.18834
188.2,robot1,-0.726,38.2906
188.2,robot3,-2.727,1.2263
188.2,robot3,-2.727,1.2263
188.2,robot1,-0.726,38.2906
188.2,robot2,-1.725,1.18834
188.2,robot2,-1.725,1.18834
188.2,robot1,-0.726,38.2906
188.2,robot3,-2.727,1.2263
188.2,robot3,-2.727,1.2263
188.2,robot1,-0.726,38.2906
188.2,robot2,-1.725,1.18834
188.2,robot2,-1.725,1.1887
188.2,robot1,-0.726,38.2906
188.2,robot3,-2.727,1.2263
188.2,robot3,-2.727,1.2263
188.2,robot1,-0.726,38.2906
188.2,robot2,-1.725,1.1887
188.2,robot2,-1.725,1.1887
188.2,robot1,-0.726001,38.2906
188.2,robot3,-2.727,1.2263
188.2,robot3,-2.727,1.2263
188.2,robot1,-0.726001,38.2906
188.2,robot2,-1.725,1.1887
188.2,robot2,-1.725,1.1887
188.2,robot1,-0.726001,38.2906
188.2,robot3,-2.727,1.2263
188.2,robot3,-2.727,1.2263
188.2,robot1,-0.726001,38.2906
188.2,robot2,-1.725,1.1887
188.2,robot2,-1.725,1.1887
188.2,robot1,-0.726001,38.2906
188.2,robot3,-2.727,1.2263
188.2,robot3,-2.727,1.2263
188.2,robot1,-0.726001,38.2906
188.2,robot2,-1.725,1.1887
188.2,robot2,-1.725,1.1887
188.2,robot1,-0.726001,38.2906
188.2,robot3,-2.727,1.2263
188.2,robot3,-2.727,1.2263
188.2,robot1,-0.726001,38.2906
188.2,robot2,-1.725,1.1887
188.2,robot2,-1.725,1.1887
188.2,robot1,-0.726001,38.2906
188.2,robot3,-2.727,1.2263
188.2,robot3,-2.727,1.2263
188.2,robot1,-0.726001,38.2906
188.2,robot2,-1.725,1.1887
188.2,robot2,-1.725,1.1887
188.2,robot1,-0.726001,38.2906
188.2,robot3,-2.727,1.2263
188.2,robot3,-2.727,1.2263
188.3,robot1,-0.726,38.2907
188.3,robot2,-1.72499,1.19124
188.3,robot2,-1.72499,1.19124
188.3,robot1,-0.726,38.2907
188.3,robot3,-2.727,1.22696
188.3,robot3,-2.727,1.22721
188.3,robot1,-0.726,38.2907
188.3,robot2,-1.72499,1.19124
188.3,robot2,-1.72499,1.19124
188.3,robot1,-0.726,38.2907
188.3,robot3,-2.727,1.22721
188.3,robot3,-2.727,1.22721
188.3,robot1,-0.726,38.2907
188.3,robot2,-1.72499,1.19124
188.3,robot2,-1.72499,1.19124
188.3,robot1,-0.726,38.2907
188.3,robot3,-2.727,1.22721
188.3,robot3,-2.727,1.22721
188.3,robot1,-0.726,38.2907
188.3,robot2,-1.72499,1.19124
188.3,robot2,-1.72499,1.18993
188.3,robot1,-0.726,38.2907
188.3,robot3,-2.727,1.22721
188.3,robot3,-2.727,1.22721
188.3,robot1,-0.726,38.2907
188.3,robot2,-1.72499,1.18993
188.3,robot2,-1.72499,1.18993
188.3,robot1,-0.726001,38.2908
188.3,robot3,-2.727,1.22721
188.3,robot3,-2.727,1.22721
188.3,robot1,-0.726001,38.2908
188.3,robot2,-1.72499,1.18993
188.3,robot2,-1.72499,1.18993
188.3,robot1,-0.726001,38.2908
188.3,robot3,-2.727,1.22721
188.3,robot3,-2.727,1.22721
188.3,robot1,-0.726001,38.2908
188.3,robot2,-1.72499,1.18993
188.3,robot2,-1.72499,1.18993
188.3,robot1,-0.726001,38.2908
188.3,robot3,-2.727,1.22721
188.3,robot3,-2.727,1.22721
188.3,robot1,-0.726001,38.2908
188.3,robot2,-1.72499,1.18993
188.3,robot2,-1.72499,1.18993
188.3,robot1,-0.726001,38.2908
188.3,robot3,-2.727,1.22721
188.3,robot3,-2.727,1.22721
188.3,robot1,-0.726001,38.2908
188.3,robot2,-1.72499,1.18993
188.3,robot2,-1.72499,1.18993
188.3,robot1,-0.726001,38.2908
188.3,robot3,-2.727,1.22721
188.3,robot3,-2.727,1.22721
188.3,robot1,-0.726001,38.2908
188.3,robot2,-1.72499,1.18993
188.3,robot2,-1.72499,1.18993
188.3,robot1,-0.726001,38.2908
188.3,robot3,-2.727,1.22721
188.3,robot3,-2.727,1.22721
188.4,robot1,-0.726009,38.291
188.4,robot2,-1.72498,1.1897
188.4,robot2,-1.72498,1.1897
188.4,robot1,-0.726009,38.291
188.4,robot3,-2.72701,1.2272
188.4,robot3,-2.72701,1.22693
188.4,robot1,-0.726009,38.291
188.4,robot2,-1.72498,1.1897
188.4,robot2,-1.72498,1.1897
188.4,robot1,-0.726009,38.291
188.4,robot3,-2.72701,1.22693
188.4,robot3,-2.72701,1.22693
188.4,robot1,-0.726009,38.291
188.4,robot2,-1.72498,1.1897
188.4,robot2,-1.72498,1.1897
188.4,robot1,-0.726009,38.291
188.4,robot3,-2.72701,1.22693
188.4,robot3,-2.72701,1.22693
188.4,robot1,-0.726009,38.291
188.4,robot2,-1.72498,1.1897
188.4,robot2,-1.72499,1.19009
188.4,robot1,-0.726009,38.291
188.4,robot3,-2.72701,1.22693
188.4,robot3,-2.72701,1.22693
188.4,robot1,-0.726009,38.291
188.4,robot2,-1.72499,1.19009
188.4,robot2,-1.72499,1.19009
188.4,robot1,-0.726013,38.291
188.4,robot3,-2.72701,1.22693
188.4,robot3,-2.72701,1.22693
188.4,robot1,-0.726013,38.291
188.4,robot2,-1.72499,1.19009
188.4,robot2,-1.72499,1.19009
188.4,robot1,-0.726013,38.291
188.4,robot3,-2.72701,1.22693
188.4,robot3,-2.72701,1.22693
188.4,robot1,-0.726013,38.291
188.4,robot2,-1.72499,1.19009
188.4,robot2,-1.72499,1.19009
188.4,robot1,-0.726013,38.291
188.4,robot3,-2.72701,1.22693
188.4,robot3,-2.72701,1.22693
188.4,robot1,-0.726013,38.291
188.4,robot2,-1.72499,1.19009
188.4,robot2,-1.72499,1.19009
188.4,robot1,-0.726013,38.291
188.4,robot3,-2.72701,1.22693
188.4,robot3,-2.72701,1.22693
188.4,robot1,-0.726013,38.291
188.4,robot2,-1.72499,1.19009
188.4,robot2,-1.72499,1.19009
188.4,robot1,-0.726013,38.291
188.4,robot3,-2.72701,1.22693
188.4,robot3,-2.72701,1.22693
188.4,robot1,-0.726013,38.291
188.4,robot2,-1.72499,1.19009
188.4,robot2,-1.72499,1.19009
188.4,robot1,-0.726013,38.291
188.4,robot3,-2.72701,1.22693
188.4,robot3,-2.72701,1.22693
188.5,robot1,-0.726,38.2911
188.5,robot2,-1.72499,1.1874
188.5,robot2,-1.72499,1.1874
188.5,robot1,-0.726,38.2911
188.5,robot3,-2.72699,1.22714
188.5,robot3,-2.727,1.22658
188.5,robot1,-0.726,38.2911
188.5,robot2,-1.72499,1.1874
188.5,robot2,-1.72499,1.1874
188.5,robot1,-0.726,38.2911
188.5,robot3,-2.727,1.22658
188.5,robot3,-2.727,1.22658
188.5,robot1,-0.726,38.2911
188.5,robot2,-1.72499,1.1874
188.5,robot1,-0.726,38.2911
188.5,robot2,-1.72499,1.1874
188.5,robot3,-2.727,1.22658
188.5,robot3,-2.727,1.22658
188.5,robot1,-0.726,38.2911
188.5,robot2,-1.72499,1.1874
188.5,robot2,-1.72499,1.18709
188.5,robot1,-0.726,38.2911
188.5,robot3,-2.727,1.22658
188.5,robot3,-2.727,1.22658
188.5,robot1,-0.726,38.2911
188.5,robot2,-1.72499,1.18709
188.5,robot2,-1.72499,1.18709
188.5,robot1,-0.726004,38.291
188.5,robot3,-2.727,1.22658
188.5,robot3,-2.727,1.22658
188.5,robot1,-0.726004,38.291
188.5,robot2,-1.72499,1.18709
188.5,robot2,-1.72499,1.18709
188.5,robot1,-0.726004,38.291
188.5,robot3,-2.727,1.22658
188.5,robot3,-2.727,1.22658
188.5,robot1,-0.726004,38.291
188.5,robot2,-1.72499,1.18709
188.5,robot2,-1.72499,1.18709
188.5,robot1,-0.726004,38.291
188.5,robot3,-2.727,1.22658
188.5,robot3,-2.727,1.22658
188.5,robot1,-0.726004,38.291
188.5,robot2,-1.72499,1.18709
188.5,robot2,-1.72499,1.18709
188.5,robot1,-0.726004,38.291
188.5,robot3,-2.727,1.22658
188.5,robot3,-2.727,1.22658
188.5,robot1,-0.726004,38.291
188.5,robot2,-1.72499,1.18709
188.5,robot2,-1.72499,1.18709
188.5,robot1,-0.726004,38.291
188.5,robot3,-2.727,1.22658
188.5,robot3,-2.727,1.22658
188.5,robot1,-0.726004,38.291
188.5,robot2,-1.72499,1.18709
188.5,robot2,-1.72499,1.18709
188.5,robot1,-0.726004,38.291
188.5,robot3,-2.727,1.22658
188.5,robot3,-2.727,1.22658
188.6,robot1,-0.725998,38.2919
188.6,robot2,-1.72501,1.18565
188.6,robot2,-1.72501,1.18565
188.6,robot1,-0.725998,38.2919
188.6,robot3,-2.72699,1.22785
188.6,robot3,-2.72699,1.22759
188.6,robot1,-0.725998,38.2919
188.6,robot2,-1.72501,1.18565
188.6,robot2,-1.72501,1.18565
188.6,robot1,-0.725998,38.2919
188.6,robot3,-2.72699,1.22759
188.6,robot3,-2.72699,1.22759
188.6,robot1,-0.725998,38.2919
188.6,robot2,-1.72501,1.18565
188.6,robot2,-1.72501,1.18565
188.6,robot1,-0.725998,38.2919
188.6,robot3,-2.72699,1.22759
188.6,robot3,-2.72699,1.22759
188.6,robot1,-0.725998,38.2919
188.6,robot2,-1.72501,1.18565
188.6,robot2,-1.72501,1.18635
188.6,robot1,-0.725998,38.2919
188.6,robot3,-2.72699,1.22759
188.6,robot3,-2.72699,1.22759
188.6,robot1,-0.725998,38.2919
188.6,robot2,-1.72501,1.18635
188.6,robot2,-1.72501,1.18635
188.6,robot1,-0.726003,38.2912
188.6,robot3,-2.72699,1.22759
188.6,robot3,-2.72699,1.22759
188.6,robot1,-0.726003,38.2912
188.6,robot2,-1.72501,1.18635
188.6,robot2,-1.72501,1.18635
188.6,robot1,-0.726003,38.2912
188.6,robot3,-2.72699,1.22759
188.6,robot3,-2.72699,1.22759
188.6,robot1,-0.726003,38.2912
188.6,robot2,-1.72501,1.18635
188.6,robot2,-1.72501,1.18635
188.6,robot1,-0.726003,38.2912
188.6,robot3,-2.72699,1.22759
188.6,robot3,-2.72699,1.22759
188.6,robot1,-0.726003,38.2912
188.6,robot2,-1.72501,1.18635
188.6,robot2,-1.72501,1.18635
188.6,robot1,-0.726003,38.2912
188.6,robot3,-2.72699,1.22759
188.6,robot3,-2.72699,1.22759
188.6,robot1,-0.726003,38.2912
188.6,robot2,-1.72501,1.18635
188.6,robot2,-1.72501,1.18635
188.6,robot1,-0.726003,38.2912
188.6,robot3,-2.72699,1.22759
188.6,robot3,-2.72699,1.22759
188.6,robot1,-0.726003,38.2912
188.6,robot2,-1.72501,1.18635
188.6,robot2,-1.72501,1.18635
188.6,robot1,-0.726003,38.2912
188.6,robot3,-2.72699,1.22759
188.6,robot3,-2.72699,1.22759
188.6,robot1,-0.726003,38.2912
188.6,robot2,-1.72501,1.18635
188.6,robot2,-1.72501,1.18635
188.6,robot1,-0.726003,38.2912
188.7,robot3,-2.72699,1.22897
188.7,robot3,-2.72699,1.2279
188.7,robot1,-0.726005,38.2909
188.7,robot2,-1.72498,1.1872
188.7,robot2,-1.72498,1.1872
188.7,robot1,-0.726005,38.2909
188.7,robot3,-2.72699,1.2279
188.7,robot3,-2.72699,1.2279
188.7,robot1,-0.726005,38.2909
188.7,robot2,-1.72498,1.1872
188.7,robot2,-1.72498,1.1872
188.7,robot1,-0.726005,38.2909
188.7,robot3,-2.72699,1.2279
188.7,robot3,-2.72699,1.2279
188.7,robot1,-0.726005,38.2909
188.7,robot2,-1.72498,1.1872
188.7,robot2,-1.72498,1.18761
188.7,robot1,-0.726005,38.2909
188.7,robot3,-2.72699,1.2279
188.7,robot3,-2.72699,1.2279
188.7,robot1,-0.726005,38.2909
188.7,robot2,-1.72498,1.18761
188.7,robot2,-1.72498,1.18761
188.7,robot1,-0.726009,38.2909
188.7,robot3,-2.72699,1.2279
188.7,robot3,-2.72699,1.2279
188.7,robot1,-0.726009,38.2909
188.7,robot2,-1.72498,1.18761
188.7,robot2,-1.72498,1.18761
188.7,robot1,-0.726009,38.2909
188.7,robot3,-2.72699,1.2279
188.7,robot3,-2.72699,1.2279
188.7,robot1,-0.726009,38.2909
188.7,robot2,-1.72498,1.18761
188.7,robot2,-1.72498,1.18761
188.7,robot1,-0.726009,38.2909
188.7,robot3,-2.72699,1.2279
188.7,robot3,-2.72699,1.2279
188.7,robot1,-0.726009,38.2909
188.7,robot2,-1.72498,1.18761
188.7,robot2,-1.72498,1.18761
188.7,robot1,-0.726009,38.2909
188.7,robot3,-2.72699,1.2279
188.7,robot3,-2.72699,1.2279
188.7,robot1,-0.726009,38.2909
188.7,robot2,-1.72498,1.18761
188.7,robot2,-1.72498,1.18761
188.7,robot1,-0.726009,38.2909
188.7,robot3,-2.72699,1.2279
188.7,robot3,-2.72699,1.2279
188.7,robot1,-0.726009,38.2909
188.7,robot2,-1.72498,1.18761
188.7,robot2,-1.72498,1.18761
188.7,robot1,-0.726009,38.2909
188.7,robot3,-2.72699,1.2279
188.7,robot3,-2.72699,1.2279
188.7,robot1,-0.726009,38.2909
188.7,robot2,-1.72498,1.18761
188.7,robot2,-1.72498,1.18761
188.7,robot1,-0.726009,38.2909
188.7,robot3,-2.72699,1.2279
188.7,robot3,-2.72699,1.22973
188.8,robot1,-0.726004,38.2906
188.8,robot2,-1.72499,1.18674
188.8,robot2,-1.72499,1.18674
188.8,robot1,-0.726004,38.2906
188.8,robot3,-2.727,1.22471
188.8,robot3,-2.727,1.22471
188.8,robot1,-0.726004,38.2906
188.8,robot2,-1.72499,1.18674
188.8,robot2,-1.72499,1.18674
188.8,robot1,-0.726004,38.2906
188.8,robot3,-2.727,1.22471
188.8,robot3,-2.727,1.22471
188.8,robot1,-0.726004,38.2906
188.8,robot2,-1.72499,1.18674
188.8,robot2,-1.72498,1.18629
188.8,robot1,-0.726004,38.2906
188.8,robot3,-2.727,1.22471
188.8,robot3,-2.727,1.22471
188.8,robot1,-0.726004,38.2906
188.8,robot2,-1.72498,1.18629
188.8,robot2,-1.72498,1.18629
188.8,robot1,-0.726006,38.2906
188.8,robot3,-2.727,1.22471
188.8,robot3,-2.727,1.22471
188.8,robot1,-0.726006,38.2906
188.8,robot2,-1.72498,1.18629
188.8,robot2,-1.72498,1.18629
188.8,robot1,-0.726006,38.2906
188.8,robot3,-2.727,1.22471
188.8,robot3,-2.727,1.22471
188.8,robot1,-0.726006,38.2906
188.8,robot2,-1.72498,1.18629
188.8,robot2,-1.72498,1.18629
188.8,robot1,-0.726006,38.2906
188.8,robot3,-2.727,1.22471
188.8,robot3,-2.727,1.22471
188.8,robot1,-0.726006,38.2906
188.8,robot2,-1.72498,1.18629
188.8,robot2,-1.72498,1.18629
188.8,robot1,-0.726006,38.2906
188.8,robot3,-2.727,1.22471
188.8,robot3,-2.727,1.22471
188.8,robot1,-0.726006,38.2906
188.8,robot2,-1.72498,1.18629
188.8,robot2,-1.72498,1.18629
188.8,robot1,-0.726006,38.2906
188.8,robot3,-2.727,1.22471
188.8,robot3,-2.727,1.22471
188.8,robot1,-0.726006,38.2906
188.8,robot2,-1.72498,1.18629
188.8,robot2,-1.72498,1.18629
188.8,robot1,-0.726006,38.2906
188.8,robot3,-2.727,1.22471
188.8,robot3,-2.727,1.22471
188.8,robot1,-0.726006,38.2906
188.8,robot2,-1.72498,1.18629
188.8,robot2,-1.72498,1.18629
188.8,robot1,-0.726006,38.2906
188.8,robot3,-2.727,1.22471
188.9,robot3,-2.727,1.22319
188.9,robot1,-0.726,38.2905
188.9,robot2,-1.725,1.18676
188.9,robot2,-1.725,1.18676
188.9,robot1,-0.726,38.2905
188.9,robot3,-2.72699,1.22585
188.9,robot3,-2.72699,1.22585
188.9,robot1,-0.726,38.2905
188.9,robot2,-1.725,1.18676
188.9,robot2,-1.725,1.18676
188.9,robot1,-0.726,38.2905
188.9,robot3,-2.72699,1.22585
188.9,robot3,-2.72699,1.22585
188.9,robot1,-0.726,38.2905
188.9,robot2,-1.725,1.18676
188.9,robot2,-1.725,1.18693
188.9,robot1,-0.726,38.2905
188.9,robot3,-2.72699,1.22585
188.9,robot3,-2.72699,1.22585
188.9,robot1,-0.726,38.2905
188.9,robot2,-1.725,1.18693
188.9,robot2,-1.725,1.18693
188.9,robot1,-0.726002,38.2905
188.9,robot3,-2.72699,1.22585
188.9,robot3,-2.72699,1.22585
188.9,robot1,-0.726002,38.2905
188.9,robot2,-1.725,1.18693
188.9,robot2,-1.725,1.18693
188.9,robot1,-0.726002,38.2905
188.9,robot3,-2.72699,1.22585
188.9,robot3,-2.72699,1.22585
188.9,robot1,-0.726002,38.2905
188.9,robot2,-1.725,1.18693
188.9,robot2,-1.725,1.18693
188.9,robot1,-0.726002,38.2905
188.9,robot3,-2.72699,1.22585
188.9,robot3,-2.72699,1.22585
188.9,robot1,-0.726002,38.2905
188.9,robot2,-1.725,1.18693
188.9,robot2,-1.725,1.18693
188.9,robot1,-0.726002,38.2905
188.9,robot3,-2.72699,1.22585
188.9,robot3,-2.72699,1.22585
188.9,robot1,-0.726002,38.2905
188.9,robot2,-1.725,1.18693
188.9,robot2,-1.725,1.18693
188.9,robot1,-0.726002,38.2905
188.9,robot3,-2.72699,1.22585
188.9,robot3,-2.72699,1.22585
188.9,robot1,-0.726002,38.2905
188.9,robot2,-1.725,1.18693
188.9,robot2,-1.725,1.18693
188.9,robot1,-0.726002,38.2905
188.9,robot3,-2.72699,1.22585
188.9,robot3,-2.72699,1.22585
188.9,robot1,-0.726002,38.2905
188.9,robot2,-1.725,1.18693
188.9,robot2,-1.725,1.18693
188.9,robot1,-0.726002,38.2905
188.9,robot3,-2.72699,1.22585
188.9,robot3,-2.72699,1.22701
189,robot1,-0.726,38.2904
189,robot2,-1.725,1.18777
189,robot2,-1.725,1.18777
189,robot1,-0.726,38.2904
189,robot3,-2.727,1.22499
189,robot3,-2.727,1.22499
189,robot1,-0.726,38.2904
189,robot2,-1.725,1.18777
189,robot2,-1.725,1.18777
189,robot1,-0.726,38.2904
189,robot3,-2.727,1.22499
189,robot3,-2.727,1.22499
189,robot1,-0.726,38.2904
189,robot2,-1.725,1.18777
189,robot2,-1.725,1.18746
189,robot1,-0.726,38.2904
189,robot3,-2.727,1.22499
189,robot3,-2.727,1.22499
189,robot1,-0.726,38.2904
189,robot2,-1.725,1.18746
189,robot2,-1.725,1.18746
189,robot1,-0.726001,38.2904
189,robot3,-2.727,1.22499
189,robot3,-2.727,1.22499
189,robot1,-0.726001,38.2904
189,robot2,-1.725,1.18746
189,robot2,-1.725,1.18746
189,robot1,-0.726001,38.2904
189,robot3,-2.727,1.22499
189,robot3,-2.727,1.22499
189,robot1,-0.726001,38.2904
189,robot2,-1.725,1.18746
189,robot2,-1.725,1.18746
189,robot1,-0.726001,38.2904
189,robot3,-2.727,1.22499
189,robot3,-2.727,1.22499
189,robot1,-0.726001,38.2904
189,robot2,-1.725,1.18746
189,robot2,-1.725,1.18746
189,robot1,-0.726001,38.2904
189,robot3,-2.727,1.22499
189,robot3,-2.727,1.22499
189,robot1,-0.726001,38.2904
189,robot2,-1.725,1.18746
189,robot2,-1.725,1.18746
189,robot1,-0.726001,38.2904
189,robot3,-2.727,1.22499
189,robot3,-2.727,1.22499
189,robot1,-0.726001,38.2904
189,robot2,-1.725,1.18746
189,robot2,-1.725,1.18746
189,robot1,-0.726001,38.2904
189,robot3,-2.727,1.22499
189,robot3,-2.727,1.22499
189,robot1,-0.726001,38.2904
189,robot2,-1.725,1.18746
189,robot2,-1.725,1.18746
189,robot1,-0.726001,38.2904
189,robot3,-2.727,1.22499
189,robot3,-2.72701,1.22414
189.1,robot1,-0.726006,38.2904
189.1,robot2,-1.72499,1.18621
189.1,robot2,-1.72499,1.18621
189.1,robot1,-0.726006,38.2904
189.1,robot3,-2.72698,1.22639
189.1,robot3,-2.72698,1.22639
189.1,robot1,-0.726006,38.2904
189.1,robot2,-1.72499,1.18621
189.1,robot2,-1.72499,1.18621
189.1,robot1,-0.726006,38.2904
189.1,robot3,-2.72698,1.22639
189.1,robot3,-2.72698,1.22639
189.1,robot1,-0.726006,38.2904
189.1,robot2,-1.72499,1.18621
189.1,robot2,-1.72499,1.18773
189.1,robot1,-0.726006,38.2904
189.1,robot3,-2.72698,1.22639
189.1,robot3,-2.72698,1.22639
189.1,robot1,-0.726006,38.2904
189.1,robot2,-1.72499,1.18773
189.1,robot2,-1.72499,1.18773
189.1,robot1,-0.726007,38.2904
189.1,robot3,-2.72698,1.22639
189.1,robot3,-2.72698,1.22639
189.1,robot1,-0.726007,38.2904
189.1,robot2,-1.72499,1.18773
189.1,robot2,-1.72499,1.18773
189.1,robot1,-0.726007,38.2904
189.1,robot3,-2.72698,1.22639
189.1,robot3,-2.72698,1.22639
189.1,robot1,-0.726007,38.2904
189.1,robot2,-1.72499,1.18773
189.1,robot2,-1.72499,1.18773
189.1,robot1,-0.726007,38.2904
189.1,robot3,-2.72698,1.22639
189.1,robot3,-2.72698,1.22639
189.1,robot1,-0.726007,38.2904
189.1,robot2,-1.72499,1.18773
189.1,robot2,-1.72499,1.18773
189.1,robot1,-0.726007,38.2904
189.1,robot3,-2.72698,1.22639
189.1,robot3,-2.72698,1.22639
189.1,robot1,-0.726007,38.2904
189.1,robot2,-1.72499,1.18773
189.1,robot2,-1.72499,1.18773
189.1,robot1,-0.726007,38.2904
189.1,robot3,-2.72698,1.22639
189.1,robot3,-2.72698,1.22639
189.1,robot1,-0.726007,38.2904
189.1,robot2,-1.72499,1.18773
189.1,robot2,-1.72499,1.18773
189.1,robot1,-0.726007,38.2904
189.1,robot3,-2.72698,1.22639
189.1,robot3,-2.72698,1.22639
189.1,robot1,-0.726007,38.2904
189.1,robot2,-1.72499,1.18773
189.1,robot2,-1.72499,1.18773
189.1,robot1,-0.726007,38.2904
189.1,robot3,-2.72698,1.22639
189.1,robot3,-2.72699,1.22692
189.2,robot1,-0.725999,38.2903
189.2,robot2,-1.72501,1.18758
189.2,robot2,-1.72501,1.18758
189.2,robot1,-0.725999,38.2903
189.2,robot3,-2.72702,1.22499
189.2,robot3,-2.72702,1.22499
189.2,robot1,-0.725999,38.2903
189.2,robot2,-1.72501,1.18758
189.2,robot2,-1.72501,1.18758
189.2,robot1,-0.725999,38.2903
189.2,robot3,-2.72702,1.22499
189.2,robot3,-2.72702,1.22499
189.2,robot1,-0.725999,38.2903
189.2,robot2,-1.72501,1.18758
189.2,robot2,-1.72501,1.18698
189.2,robot1,-0.725999,38.2903
189.2,robot3,-2.72702,1.22499
189.2,robot3,-2.72702,1.22499
189.2,robot1,-0.725999,38.2903
189.2,robot2,-1.72501,1.18698
189.2,robot2,-1.72501,1.18698
189.2,robot1,-0.726,38.2903
189.2,robot3,-2.72702,1.22499
189.2,robot3,-2.72702,1.22499
189.2,robot1,-0.726,38.2903
189.2,robot2,-1.72501,1.18698
189.2,robot2,-1.72501,1.18698
189.2,robot1,-0.726,38.2903
189.2,robot3,-2.72702,1.22499
189.2,robot3,-2.72702,1.22499
189.2,robot1,-0.726,38.2903
189.2,robot2,-1.72501,1.18698
189.2,robot2,-1.72501,1.18698
189.2,robot1,-0.726,38.2903
189.2,robot3,-2.72702,1.22499
189.2,robot3,-2.72702,1.22499
189.2,robot1,-0.726,38.2903
189.2,robot2,-1.72501,1.18698
189.2,robot2,-1.72501,1.18698
189.2,robot1,-0.726,38.2903
189.2,robot3,-2.72702,1.22499
189.2,robot3,-2.72702,1.22499
189.2,robot1,-0.726,38.2903
189.2,robot2,-1.72501,1.18698
189.2,robot2,-1.72501,1.18698
189.2,robot1,-0.726,38.2903
189.2,robot3,-2.72702,1.22499
189.2,robot3,-2.72702,1.22499
189.2,robot1,-0.726,38.2903
189.2,robot2,-1.72501,1.18698
189.2,robot2,-1.72501,1.18698
189.2,robot1,-0.726,38.2903
189.2,robot3,-2.72702,1.22499
189.2,robot3,-2.72702,1.22499
189.2,robot1,-0.726,38.2903
189.2,robot2,-1.72501,1.18698
189.2,robot2,-1.72501,1.18698
189.2,robot1,-0.726,38.2903
189.2,robot3,-2.72702,1.22499
189.2,robot3,-2.72703,1.22598
189.3,robot1,-0.726,38.2903
189.3,robot2,-1.72499,1.187
189.3,robot2,-1.72499,1.187
189.3,robot1,-0.726,38.2903
189.3,robot3,-2.72699,1.22344
189.3,robot3,-2.72699,1.22344
189.3,robot1,-0.726,38.2903
189.3,robot2,-1.72499,1.187
189.3,robot2,-1.72499,1.187
189.3,robot1,-0.726,38.2903
189.3,robot3,-2.72699,1.22344
189.3,robot3,-2.72699,1.22344
189.3,robot1,-0.726,38.2903
189.3,robot2,-1.72499,1.187
189.3,robot2,-1.725,1.18692
189.3,robot1,-0.726,38.2903
189.3,robot3,-2.72699,1.22344
189.3,robot3,-2.72699,1.22344
189.3,robot1,-0.726,38.2903
189.3,robot2,-1.725,1.18692
189.3,robot2,-1.725,1.18692
189.3,robot1,-0.726,38.2903
189.3,robot3,-2.72699,1.22344
189.3,robot3,-2.72699,1.22344
189.3,robot1,-0.726,38.2903
189.3,robot2,-1.725,1.18692
189.3,robot2,-1.725,1.18692
189.3,robot1,-0.726,38.2903
189.3,robot3,-2.72699,1.22344
189.3,robot3,-2.72699,1.22344
189.3,robot1,-0.726,38.2903
189.3,robot2,-1.725,1.18692
189.3,robot2,-1.725,1.18692
189.3,robot1,-0.726,38.2903
189.3,robot3,-2.72699,1.22344
189.3,robot3,-2.72699,1.22344
189.3,robot1,-0.726,38.2903
189.3,robot2,-1.725,1.18692
189.3,robot2,-1.725,1.18692
189.3,robot1,-0.726,38.2903
189.3,robot3,-2.72699,1.22344
189.3,robot3,-2.72699,1.22344
189.3,robot1,-0.726,38.2903
189.3,robot2,-1.725,1.18692
189.3,robot2,-1.725,1.18692
189.3,robot1,-0.726,38.2903
189.3,robot3,-2.72699,1.22344
189.3,robot3,-2.72699,1.22344
189.3,robot1,-0.726,38.2903
189.3,robot2,-1.725,1.18692
189.3,robot2,-1.725,1.18692
189.3,robot1,-0.726,38.2903
189.3,robot3,-2.72699,1.22344
189.3,robot3,-2.72699,1.22344
189.3,robot1,-0.726,38.2903
189.3,robot2,-1.725,1.18692
189.3,robot2,-1.725,1.18692
189.3,robot1,-0.726,38.2903
189.3,robot3,-2.72699,1.22344
189.3,robot3,-2.727,1.2234
189.4,robot1,-0.726,38.2903
189.4,robot2,-1.72501,1.18818
189.4,robot2,-1.72501,1.18818
189.4,robot1,-0.726,38.2903
189.4,robot3,-2.72701,1.2253
189.4,robot3,-2.72701,1.2253
189.4,robot1,-0.726001,38.2902
189.4,robot2,-1.72501,1.18818
189.4,robot2,-1.72501,1.18818
189.4,robot1,-0.726001,38.2902
189.4,robot3,-2.72701,1.2253
189.4,robot3,-2.72701,1.2253
189.4,robot1,-0.726001,38.2902
189.4,robot2,-1.72501,1.18818
189.4,robot2,-1.72502,1.18786
189.4,robot1,-0.726001,38.2902
189.4,robot3,-2.72701,1.2253
189.4,robot3,-2.72701,1.2253
189.4,robot1,-0.726001,38.2902
189.4,robot2,-1.72502,1.18786
189.4,robot2,-1.72502,1.18786
189.4,robot1,-0.726002,38.2902
189.4,robot3,-2.72701,1.2253
189.4,robot3,-2.72701,1.2253
189.4,robot1,-0.726002,38.2902
189.4,robot2,-1.72502,1.18786
189.4,robot2,-1.72502,1.18786
189.4,robot1,-0.726002,38.2902
189.4,robot3,-2.72701,1.2253
189.4,robot3,-2.72701,1.2253
189.4,robot1,-0.726002,38.2902
189.4,robot2,-1.72502,1.18786
189.4,robot2,-1.72502,1.18786
189.4,robot1,-0.726002,38.2902
189.4,robot3,-2.72701,1.2253
189.4,robot3,-2.72701,1.2253
189.4,robot1,-0.726002,38.2902
189.4,robot2,-1.72502,1.18786
189.4,robot2,-1.72502,1.18786
189.4,robot1,-0.726002,38.2902
189.4,robot3,-2.72701,1.2253
189.4,robot3,-2.72701,1.2253
189.4,robot1,-0.726002,38.2902
189.4,robot2,-1.72502,1.18786
189.4,robot2,-1.72502,1.18786
189.4,robot1,-0.726002,38.2902
189.4,robot3,-2.72701,1.2253
189.4,robot3,-2.72701,1.2253
189.4,robot1,-0.726002,38.2902
189.4,robot2,-1.72502,1.18786
189.4,robot2,-1.72502,1.18786
189.4,robot1,-0.726002,38.2902
189.4,robot3,-2.72701,1.2253
189.4,robot3,-2.72701,1.2253
189.4,robot1,-0.726002,38.2902
189.4,robot2,-1.72502,1.18786
189.4,robot2,-1.72502,1.18786
189.4,robot1,-0.726002,38.2902
189.4,robot3,-2.72701,1.2253
189.4,robot3,-2.72701,1.22478
189.4,robot1,-0.726002,38.2902
189.4,robot2,-1.72502,1.18786
189.4,robot2,-1.72502,1.18786
189.4,robot1,-0.726002,38.2902
189.5,robot3,-2.72698,1.22632
189.5,robot3,-2.72698,1.22632
189.5,robot1,-0.725998,38.2903
189.5,robot2,-1.72499,1.189
189.5,robot2,-1.72499,1.189
189.5,robot1,-0.725998,38.2903
189.5,robot3,-2.72698,1.22632
189.5,robot3,-2.72698,1.22632
189.5,robot1,-0.725998,38.2903
189.5,robot2,-1.72499,1.189
189.5,robot2,-1.725,1.18747
189.5,robot1,-0.725998,38.2903
189.5,robot3,-2.72698,1.22632
189.5,robot3,-2.72698,1.22632
189.5,robot1,-0.725998,38.2903
189.5,robot2,-1.725,1.18747
189.5,robot2,-1.725,1.18747
189.5,robot1,-0.726,38.2903
189.5,robot3,-2.72698,1.22632
189.5,robot3,-2.72698,1.22632
189.5,robot1,-0.726,38.2903
189.5,robot2,-1.725,1.18747
189.5,robot2,-1.725,1.18747
189.5,robot1,-0.726,38.2903
189.5,robot3,-2.72698,1.22632
189.5,robot3,-2.72698,1.22632
189.5,robot1,-0.726,38.2903
189.5,robot2,-1.725,1.18747
189.5,robot2,-1.725,1.18747
189.5,robot1,-0.726,38.2903
189.5,robot3,-2.72698,1.22632
189.5,robot3,-2.72698,1.22632
189.5,robot1,-0.726,38.2903
189.5,robot2,-1.725,1.18747
189.5,robot2,-1.725,1.18747
189.5,robot1,-0.726,38.2903
189.5,robot3,-2.72698,1.22632
189.5,robot3,-2.72698,1.22632
189.5,robot1,-0.726,38.2903
189.5,robot2,-1.725,1.18747
189.5,robot2,-1.725,1.18747
189.5,robot1,-0.726,38.2903
189.5,robot3,-2.72698,1.22632
189.5,robot3,-2.72698,1.22632
189.5,robot1,-0.726,38.2903
189.5,robot2,-1.725,1.18747
189.5,robot2,-1.725,1.18747
189.5,robot1,-0.726,38.2903
189.5,robot3,-2.72698,1.22632
189.5,robot3,-2.72698,1.22632
189.5,robot1,-0.726,38.2903
189.5,robot2,-1.725,1.18747
189.5,robot2,-1.725,1.18747
189.5,robot1,-0.726,38.2903
189.5,robot3,-2.72698,1.22632
189.5,robot3,-2.72698,1.22579
189.5,robot1,-0.726,38.2903
189.5,robot2,-1.725,1.18747
189.5,robot2,-1.725,1.18747
189.5,robot1,-0.726,38.2903
189.6,robot3,-2.72698,1.22579
189.6,robot3,-2.72698,1.22579
189.6,robot1,-0.725997,38.2902
189.6,robot2,-1.725,1.18645
189.6,robot2,-1.725,1.18645
189.6,robot1,-0.725997,38.2902
189.6,robot3,-2.72698,1.22649
189.6,robot3,-2.72698,1.22649
189.6,robot1,-0.725997,38.2902
189.6,robot2,-1.725,1.18645
189.6,robot2,-1.72501,1.18633
189.6,robot1,-0.725997,38.2902
189.6,robot3,-2.72698,1.22649
189.6,robot3,-2.72698,1.22649
189.6,robot1,-0.725997,38.2902
189.6,robot2,-1.72501,1.18633
189.6,robot2,-1.72501,1.18633
189.6,robot1,-0.726,38.2902
189.6,robot3,-2.72698,1.22649
189.6,robot3,-2.72698,1.22649
189.6,robot1,-0.726,38.2902
189.6,robot2,-1.72501,1.18633
189.6,robot2,-1.72501,1.18633
189.6,robot1,-0.726,38.2902
189.6,robot3,-2.72698,1.22649
189.6,robot3,-2.72698,1.22649
189.6,robot1,-0.726,38.2902
189.6,robot2,-1.72501,1.18633
189.6,robot2,-1.72501,1.18633
189.6,robot1,-0.726,38.2902
189.6,robot3,-2.72698,1.22649
189.6,robot3,-2.72698,1.22649
189.6,robot1,-0.726,38.2902
189.6,robot2,-1.72501,1.18633
189.6,robot2,-1.72501,1.18633
189.6,robot1,-0.726,38.2902
189.6,robot3,-2.72698,1.22649
189.6,robot3,-2.72698,1.22649
189.6,robot1,-0.726,38.2902
189.6,robot2,-1.72501,1.18633
189.6,robot2,-1.72501,1.18633
189.6,robot1,-0.726,38.2902
189.6,robot3,-2.72698,1.22649
189.6,robot3,-2.72698,1.22649
189.6,robot1,-0.726,38.2902
189.6,robot2,-1.72501,1.18633
189.6,robot2,-1.72501,1.18633
189.6,robot1,-0.726,38.2902
189.6,robot3,-2.72698,1.22649
189.6,robot3,-2.72698,1.22649
189.6,robot1,-0.726,38.2902
189.6,robot2,-1.72501,1.18633
189.6,robot2,-1.72501,1.18633
189.6,robot1,-0.726,38.2902
189.6,robot3,-2.72698,1.22649
189.6,robot3,-2.72698,1.22595
189.6,robot1,-0.726,38.2902
189.6,robot2,-1.72501,1.18633
189.6,robot2,-1.72501,1.18633
189.6,robot1,-0.726,38.2902
189.6,robot3,-2.72698,1.22595
189.6,robot3,-2.72698,1.22595
189.7,robot1,-0.726005,38.2903
189.7,robot2,-1.725,1.18469
189.7,robot2,-1.725,1.18469
189.7,robot1,-0.726005,38.2903
189.7,robot3,-2.72699,1.22638
189.7,robot3,-2.72699,1.22638
189.7,robot1,-0.726005,38.2903
189.7,robot2,-1.725,1.18469
189.7,robot2,-1.725,1.18503
189.7,robot1,-0.726005,38.2903
189.7,robot3,-2.72699,1.22638
189.7,robot3,-2.72699,1.22638
189.7,robot1,-0.726005,38.2903
189.7,robot2,-1.725,1.18503
189.7,robot2,-1.725,1.18503
189.7,robot1,-0.72601,38.29
189.7,robot3,-2.72699,1.22638
189.7,robot3,-2.72699,1.22638
189.7,robot1,-0.72601,38.29
189.7,robot2,-1.725,1.18503
189.7,robot2,-1.725,1.18503
189.7,robot1,-0.72601,38.29
189.7,robot3,-2.72699,1.22638
189.7,robot3,-2.72699,1.22638
189.7,robot1,-0.72601,38.29
189.7,robot2,-1.725,1.18503
189.7,robot2,-1.725,1.18503
189.7,robot1,-0.72601,38.29
189.7,robot3,-2.72699,1.22638
189.7,robot3,-2.72699,1.22638
189.7,robot1,-0.72601,38.29
189.7,robot2,-1.725,1.18503
189.7,robot2,-1.725,1.18503
189.7,robot1,-0.72601,38.29
189.7,robot3,-2.72699,1.22638
189.7,robot3,-2.72699,1.22638
189.7,robot1,-0.72601,38.29
189.7,robot2,-1.725,1.18503
189.7,robot2,-1.725,1.18503
189.7,robot1,-0.72601,38.29
189.7,robot3,-2.72699,1.22638
189.7,robot3,-2.72699,1.22638
189.7,robot1,-0.72601,38.29
189.7,robot2,-1.725,1.18503
189.7,robot2,-1.725,1.18503
189.7,robot1,-0.72601,38.29
189.7,robot3,-2.72699,1.22638
189.7,robot3,-2.72699,1.22638
189.7,robot1,-0.72601,38.29
189.7,robot2,-1.725,1.18503
189.7,robot2,-1.725,1.18503
189.7,robot1,-0.72601,38.29
189.7,robot3,-2.72699,1.22638
189.7,robot3,-2.72698,1.22584
189.7,robot1,-0.72601,38.29
189.7,robot2,-1.725,1.18503
189.7,robot2,-1.725,1.18503
189.7,robot1,-0.72601,38.29
189.7,robot3,-2.72698,1.22584
189.7,robot3,-2.72698,1.22584
189.8,robot1,-0.725996,38.2908
189.8,robot2,-1.72499,1.18575
189.8,robot2,-1.72499,1.18575
189.8,robot1,-0.725996,38.2908
189.8,robot3,-2.72699,1.22612
189.8,robot3,-2.72699,1.22612
189.8,robot1,-0.725996,38.2908
189.8,robot2,-1.72499,1.18575
189.8,robot2,-1.72499,1.18654
189.8,robot1,-0.725996,38.2908
189.8,robot3,-2.72699,1.22612
189.8,robot3,-2.72699,1.22612
189.8,robot1,-0.725996,38.2908
189.8,robot2,-1.72499,1.18654
189.8,robot2,-1.72499,1.18654
189.8,robot1,-0.726002,38.2904
189.8,robot3,-2.72699,1.22612
189.8,robot3,-2.72699,1.22612
189.8,robot1,-0.726002,38.2904
189.8,robot2,-1.72499,1.18654
189.8,robot2,-1.72499,1.18654
189.8,robot1,-0.726002,38.2904
189.8,robot3,-2.72699,1.22612
189.8,robot3,-2.72699,1.22612
189.8,robot1,-0.726002,38.2904
189.8,robot2,-1.72499,1.18654
189.8,robot2,-1.72499,1.18654
189.8,robot1,-0.726002,38.2904
189.8,robot3,-2.72699,1.22612
189.8,robot3,-2.72699,1.22612
189.8,robot1,-0.726002,38.2904
189.8,robot2,-1.72499,1.18654
189.8,robot2,-1.72499,1.18654
189.8,robot1,-0.726002,38.2904
189.8,robot3,-2.72699,1.22612
189.8,robot3,-2.72699,1.22612
189.8,robot1,-0.726002,38.2904
189.8,robot2,-1.72499,1.18654
189.8,robot2,-1.72499,1.18654
189.8,robot1,-0.726002,38.2904
189.8,robot3,-2.72699,1.22612
189.8,robot3,-2.72699,1.22612
189.8,robot1,-0.726002,38.2904
189.8,robot2,-1.72499,1.18654
189.8,robot2,-1.72499,1.18654
189.8,robot1,-0.726002,38.2904
189.8,robot3,-2.72699,1.22612
189.8,robot3,-2.72699,1.22612
189.8,robot1,-0.726002,38.2904
189.8,robot2,-1.72499,1.18654
189.8,robot2,-1.72499,1.18654
189.8,robot1,-0.726002,38.2904
189.8,robot3,-2.72699,1.22612
189.8,robot3,-2.72698,1.22559
189.8,robot1,-0.726002,38.2904
189.8,robot2,-1.72499,1.18654
189.8,robot2,-1.72499,1.18654
189.8,robot1,-0.726002,38.2904
189.8,robot3,-2.72698,1.22559
189.8,robot3,-2.72698,1.22559
189.9,robot1,-0.726,38.2901
189.9,robot2,-1.725,1.1877
189.9,robot2,-1.725,1.1877
189.9,robot1,-0.726,38.2901
189.9,robot3,-2.72699,1.22574
189.9,robot3,-2.72699,1.22574
189.9,robot1,-0.726,38.2901
189.9,robot2,-1.725,1.1877
189.9,robot2,-1.72501,1.18687
189.9,robot1,-0.726,38.2901
189.9,robot3,-2.72699,1.22574
189.9,robot3,-2.72699,1.22574
189.9,robot1,-0.726,38.2901
189.9,robot2,-1.72501,1.18687
189.9,robot2,-1.72501,1.18687
189.9,robot1,-0.726003,38.2901
189.9,robot3,-2.72699,1.22574
189.9,robot3,-2.72699,1.22574
189.9,robot1,-0.726003,38.2901
189.9,robot2,-1.72501,1.18687
189.9,robot2,-1.72501,1.18687
189.9,robot1,-0.726003,38.2901
189.9,robot3,-2.72699,1.22574
189.9,robot3,-2.72699,1.22574
189.9,robot1,-0.726003,38.2901
189.9,robot2,-1.72501,1.18687
189.9,robot2,-1.72501,1.18687
189.9,robot1,-0.726003,38.2901
189.9,robot3,-2.72699,1.22574
189.9,robot3,-2.72699,1.22574
189.9,robot1,-0.726003,38.2901
189.9,robot2,-1.72501,1.18687
189.9,robot2,-1.72501,1.18687
189.9,robot1,-0.726003,38.2901
189.9,robot3,-2.72699,1.22574
189.9,robot3,-2.72699,1.22574
189.9,robot1,-0.726003,38.2901
189.9,robot2,-1.72501,1.18687
189.9,robot2,-1.72501,1.18687
189.9,robot1,-0.726003,38.2901
189.9,robot3,-2.72699,1.22574
189.9,robot3,-2.72699,1.22574
189.9,robot1,-0.726003,38.2901
189.9,robot2,-1.72501,1.18687
189.9,robot2,-1.72501,1.18687
189.9,robot1,-0.726003,38.2901
189.9,robot3,-2.72699,1.22574
189.9,robot3,-2.72699,1.22574
189.9,robot1,-0.726003,38.2901
189.9,robot2,-1.72501,1.18687
189.9,robot2,-1.72501,1.18687
189.9,robot1,-0.726003,38.2901
189.9,robot3,-2.72699,1.22574
189.9,robot3,-2.72698,1.2252
189.9,robot1,-0.726003,38.2901
189.9,robot2,-1.72501,1.18687
189.9,robot2,-1.72501,1.18687
189.9,robot1,-0.726003,38.2901
189.9,robot3,-2.72698,1.2252
189.9,robot3,-2.72698,1.2252
190,robot1,-0.726,38.2898
190,robot2,-1.72495,1.18535
190,robot2,-1.72495,1.18535
190,robot1,-0.726,38.2898
190,robot3,-2.72699,1.22532
190,robot3,-2.72699,1.22532
190,robot1,-0.726,38.2898
190,robot2,-1.72495,1.18535
190,robot2,-1.72496,1.18572
190,robot1,-0.726,38.2898
190,robot3,-2.72699,1.22532
190,robot3,-2.72699,1.22532
190,robot1,-0.726,38.2898
190,robot2,-1.72496,1.18572
190,robot2,-1.72496,1.18572
190,robot1,-0.726001,38.2898
190,robot3,-2.72699,1.22532
190,robot3,-2.72699,1.22532
190,robot1,-0.726001,38.2898
190,robot2,-1.72496,1.18572
190,robot2,-1.72496,1.18572
190,robot1,-0.726001,38.2898
190,robot3,-2.72699,1.22532
190,robot3,-2.72699,1.22532
190,robot1,-0.726001,38.2898
190,robot2,-1.72496,1.18572
190,robot2,-1.72496,1.18572
190,robot1,-0.726001,38.2898
190,robot3,-2.72699,1.22532
190,robot3,-2.72699,1.22532
190,robot1,-0.726001,38.2898
190,robot2,-1.72496,1.18572
190,robot2,-1.72496,1.18572
190,robot1,-0.726001,38.2898
190,robot3,-2.72699,1.22532
190,robot3,-2.72699,1.22532
190,robot1,-0.726001,38.2898
190,robot2,-1.72496,1.18572
190,robot2,-1.72496,1.18572
190,robot1,-0.726001,38.2898
190,robot3,-2.72699,1.22532
190,robot3,-2.72699,1.22532
190,robot1,-0.726001,38.2898
190,robot2,-1.72496,1.18572
190,robot2,-1.72496,1.18572
190,robot1,-0.726001,38.2898
190,robot3,-2.72699,1.22532
190,robot3,-2.72699,1.22532
190,robot1,-0.726001,38.2898
190,robot2,-1.72496,1.18572
190,robot2,-1.72496,1.18572
190,robot1,-0.726001,38.2898
190,robot3,-2.72699,1.22532
190,robot3,-2.72698,1.22484
190,robot1,-0.726001,38.2898
190,robot2,-1.72496,1.18572
190,robot2,-1.72496,1.18572
190,robot1,-0.726001,38.2898
190,robot3,-2.72698,1.22484
190,robot3,-2.72698,1.22484
190.1,robot1,-0.725995,38.2898
190.1,robot2,-1.72501,1.1865
190.1,robot2,-1.72501,1.1865
190.1,robot1,-0.725995,38.2898
190.1,robot3,-2.72699,1.22497
190.1,robot3,-2.72699,1.22497
190.1,robot1,-0.725995,38.2898
190.1,robot2,-1.72501,1.1865
190.1,robot2,-1.72501,1.18666
190.1,robot1,-0.725995,38.2898
190.1,robot3,-2.72699,1.22497
190.1,robot3,-2.72699,1.22497
190.1,robot1,-0.725995,38.2898
190.1,robot2,-1.72501,1.18666
190.1,robot2,-1.72501,1.18666
190.1,robot1,-0.725997,38.2897
190.1,robot3,-2.72699,1.22497
190.1,robot3,-2.72699,1.22497
190.1,robot1,-0.725997,38.2897
190.1,robot2,-1.72501,1.18666
190.1,robot2,-1.72501,1.18666
190.1,robot1,-0.725997,38.2897
190.1,robot3,-2.72699,1.22497
190.1,robot3,-2.72699,1.22497
190.1,robot1,-0.725997,38.2897
190.1,robot2,-1.72501,1.18666
190.1,robot2,-1.72501,1.18666
190.1,robot1,-0.725997,38.2897
190.1,robot3,-2.72699,1.22497
190.1,robot3,-2.72699,1.22497
190.1,robot1,-0.725997,38.2897
190.1,robot2,-1.72501,1.18666
190.1,robot2,-1.72501,1.18666
190.1,robot1,-0.725997,38.2897
190.1,robot3,-2.72699,1.22497
190.1,robot3,-2.72699,1.22497
190.1,robot1,-0.725997,38.2897
190.1,robot2,-1.72501,1.18666
190.1,robot2,-1.72501,1.18666
190.1,robot1,-0.725997,38.2897
190.1,robot3,-2.72699,1.22497
190.1,robot3,-2.72699,1.22497
190.1,robot1,-0.725997,38.2897
190.1,robot2,-1.72501,1.18666
190.1,robot2,-1.72501,1.18666
190.1,robot1,-0.725997,38.2897
190.1,robot3,-2.72699,1.22497
190.1,robot3,-2.72699,1.22497
190.1,robot1,-0.725997,38.2897
190.1,robot2,-1.72501,1.18666
190.1,robot2,-1.72501,1.18666
190.1,robot1,-0.725997,38.2897
190.1,robot3,-2.72699,1.22497
190.1,robot3,-2.72699,1.22439
190.1,robot1,-0.725997,38.2897
190.1,robot2,-1.72501,1.18666
190.1,robot2,-1.72501,1.18666
190.1,robot1,-0.725997,38.2897
190.1,robot3,-2.72699,1.22439
190.1,robot3,-2.72699,1.22439
190.2,robot1,-0.726,38.2896
190.2,robot2,-1.725,1.18859
190.2,robot2,-1.725,1.18859
190.2,robot1,-0.726,38.2896
190.2,robot3,-2.727,1.22524
190.2,robot3,-2.727,1.22524
190.2,robot1,-0.726,38.2896
190.2,robot2,-1.725,1.18859
190.2,robot2,-1.72501,1.18716
190.2,robot1,-0.726,38.2896
190.2,robot3,-2.727,1.22524
190.2,robot3,-2.727,1.22524
190.2,robot1,-0.726,38.2896
190.2,robot2,-1.72501,1.18716
190.2,robot2,-1.72501,1.18716
190.2,robot1,-0.726001,38.2896
190.2,robot3,-2.727,1.22524
190.2,robot3,-2.727,1.22524
190.2,robot1,-0.726001,38.2896
190.2,robot2,-1.72501,1.18716
190.2,robot2,-1.72501,1.18716
190.2,robot1,-0.726001,38.2896
190.2,robot3,-2.727,1.22524
190.2,robot3,-2.727,1.22524
190.2,robot1,-0.726001,38.2896
190.2,robot2,-1.72501,1.18716
190.2,robot2,-1.72501,1.18716
190.2,robot1,-0.726001,38.2896
190.2,robot3,-2.727,1.22524
190.2,robot3,-2.727,1.22524
190.2,robot1,-0.726001,38.2896
190.2,robot2,-1.72501,1.18716
190.2,robot2,-1.72501,1.18716
190.2,robot1,-0.726001,38.2896
190.2,robot3,-2.727,1.22524
190.2,robot3,-2.727,1.22524
190.2,robot1,-0.726001,38.2896
190.2,robot2,-1.72501,1.18716
190.2,robot2,-1.72501,1.18716
190.2,robot1,-0.726001,38.2896
190.2,robot3,-2.727,1.22524
190.2,robot3,-2.727,1.22524
190.2,robot1,-0.726001,38.2896
190.2,robot2,-1.72501,1.18716
190.2,robot2,-1.72501,1.18716
190.2,robot1,-0.726001,38.2896
190.2,robot3,-2.727,1.22524
190.2,robot3,-2.727,1.22524
190.2,robot1,-0.726001,38.2896
190.2,robot2,-1.72501,1.18716
190.2,robot2,-1.72501,1.18716
190.2,robot1,-0.726001,38.2896
190.2,robot3,-2.727,1.22524
190.2,robot3,-2.72701,1.22513
190.2,robot1,-0.726001,38.2896
190.2,robot2,-1.72501,1.18716
190.2,robot2,-1.72501,1.18716
190.2,robot1,-0.726001,38.2896
190.2,robot3,-2.72701,1.22513
190.2,robot3,-2.72701,1.22513
190.3,robot1,-0.726,38.2896
190.3,robot2,-1.725,1.18557
190.3,robot2,-1.725,1.18557
190.3,robot1,-0.726,38.2896
190.3,robot3,-2.72703,1.22391
190.3,robot3,-2.72703,1.22391
190.3,robot1,-0.726,38.2896
190.3,robot2,-1.725,1.18557
190.3,robot2,-1.725,1.18699
190.3,robot1,-0.726,38.2896
190.3,robot3,-2.72703,1.22391
190.3,robot3,-2.72703,1.22391
190.3,robot1,-0.726,38.2896
190.3,robot2,-1.725,1.18699
190.3,robot2,-1.725,1.18699
190.3,robot1,-0.726001,38.2896
190.3,robot3,-2.72703,1.22391
190.3,robot3,-2.72703,1.22391
190.3,robot1,-0.726001,38.2896
190.3,robot2,-1.725,1.18699
190.3,robot2,-1.725,1.18699
190.3,robot1,-0.726001,38.2896
190.3,robot3,-2.72703,1.22391
190.3,robot3,-2.72703,1.22391
190.3,robot1,-0.726001,38.2896
190.3,robot2,-1.725,1.18699
190.3,robot2,-1.725,1.18699
190.3,robot1,-0.726001,38.2896
190.3,robot3,-2.72703,1.22391
190.3,robot3,-2.72703,1.22391
190.3,robot1,-0.726001,38.2896
190.3,robot2,-1.725,1.18699
190.3,robot2,-1.725,1.18699
190.3,robot1,-0.726001,38.2896
190.3,robot3,-2.72703,1.22391
190.3,robot3,-2.72703,1.22391
190.3,robot1,-0.726001,38.2896
190.3,robot2,-1.725,1.18699
190.3,robot2,-1.725,1.18699
190.3,robot1,-0.726001,38.2896
190.3,robot3,-2.72703,1.22391
190.3,robot3,-2.72703,1.22391
190.3,robot1,-0.726001,38.2896
190.3,robot2,-1.725,1.18699
190.3,robot2,-1.725,1.18699
190.3,robot1,-0.726001,38.2896
190.3,robot3,-2.72703,1.22391
190.3,robot3,-2.72703,1.22391
190.3,robot1,-0.726001,38.2896
190.3,robot2,-1.725,1.18699
190.3,robot2,-1.725,1.18699
190.3,robot1,-0.726001,38.2896
190.3,robot3,-2.72703,1.22391
190.3,robot3,-2.72703,1.22354
190.3,robot2,-1.725,1.18699
190.3,robot1,-0.726001,38.2896
190.3,robot2,-1.725,1.18699
190.3,robot1,-0.726001,38.2896
190.3,robot3,-2.72703,1.22354
190.3,robot3,-2.72703,1.22354
190.4,robot1,-0.725997,38.2895
190.4,robot2,-1.72499,1.18681
190.4,robot2,-1.72499,1.18681
190.4,robot1,-0.725997,38.2895
190.4,robot3,-2.72702,1.22266
190.4,robot3,-2.72702,1.22266
190.4,robot1,-0.725997,38.2895
190.4,robot2,-1.72499,1.18681
190.4,robot2,-1.725,1.18736
190.4,robot1,-0.725997,38.2895
190.4,robot3,-2.72702,1.22266
190.4,robot3,-2.72702,1.22266
190.4,robot1,-0.725997,38.2895
190.4,robot2,-1.725,1.18736
190.4,robot2,-1.725,1.18736
190.4,robot1,-0.725999,38.2895
190.4,robot3,-2.72702,1.22266
190.4,robot3,-2.72702,1.22266
190.4,robot1,-0.725999,38.2895
190.4,robot2,-1.725,1.18736
190.4,robot2,-1.725,1.18736
190.4,robot1,-0.725999,38.2895
190.4,robot3,-2.72702,1.22266
190.4,robot3,-2.72702,1.22266
190.4,robot1,-0.725999,38.2895
190.4,robot2,-1.725,1.18736
190.4,robot2,-1.725,1.18736
190.4,robot1,-0.725999,38.2895
190.4,robot3,-2.72702,1.22266
190.4,robot3,-2.72702,1.22266
190.4,robot1,-0.725999,38.2895
190.4,robot2,-1.725,1.18736
190.4,robot2,-1.725,1.18736
190.4,robot1,-0.725999,38.2895
190.4,robot3,-2.72702,1.22266
190.4,robot3,-2.72702,1.22266
190.4,robot1,-0.725999,38.2895
190.4,robot2,-1.725,1.18736
190.4,robot2,-1.725,1.18736
190.4,robot1,-0.725999,38.2895
190.4,robot3,-2.72702,1.22266
190.4,robot3,-2.72702,1.22266
190.4,robot1,-0.725999,38.2895
190.4,robot2,-1.725,1.18736
190.4,robot2,-1.725,1.18736
190.4,robot1,-0.725999,38.2895
190.4,robot3,-2.72702,1.22266
190.4,robot3,-2.72702,1.22266
190.4,robot1,-0.725999,38.2895
190.4,robot2,-1.725,1.18736
190.4,robot2,-1.725,1.18736
190.4,robot1,-0.725999,38.2895
190.4,robot3,-2.72702,1.22266
190.4,robot3,-2.72702,1.22228
190.4,robot1,-0.725999,38.2895
190.4,robot2,-1.725,1.18736
190.4,robot2,-1.725,1.18736
190.4,robot1,-0.725999,38.2895
190.4,robot3,-2.72702,1.22228
190.4,robot3,-2.72702,1.22228
190.5,robot1,-0.725999,38.2895
190.5,robot2,-1.725,1.18658
190.5,robot2,-1.725,1.18658
190.5,robot1,-0.725999,38.2895
190.5,robot3,-2.72701,1.22344
190.5,robot3,-2.72701,1.22344
190.5,robot1,-0.725999,38.2895
190.5,robot2,-1.725,1.18658
190.5,robot2,-1.72501,1.1862
190.5,robot1,-0.725999,38.2895
190.5,robot3,-2.72701,1.22344
190.5,robot3,-2.72701,1.22344
190.5,robot1,-0.725999,38.2895
190.5,robot2,-1.72501,1.1862
190.5,robot2,-1.72501,1.1862
190.5,robot1,-0.726001,38.2895
190.5,robot3,-2.72701,1.22344
190.5,robot3,-2.72701,1.22344
190.5,robot1,-0.726001,38.2895
190.5,robot2,-1.72501,1.1862
190.5,robot2,-1.72501,1.1862
190.5,robot1,-0.726001,38.2895
190.5,robot3,-2.72701,1.22344
190.5,robot3,-2.72701,1.22344
190.5,robot1,-0.726001,38.2895
190.5,robot2,-1.72501,1.1862
190.5,robot2,-1.72501,1.1862
190.5,robot1,-0.726001,38.2895
190.5,robot3,-2.72701,1.22344
190.5,robot3,-2.72701,1.22344
190.5,robot1,-0.726001,38.2895
190.5,robot2,-1.72501,1.1862
190.5,robot2,-1.72501,1.1862
190.5,robot1,-0.726001,38.2895
190.5,robot3,-2.72701,1.22344
190.5,robot3,-2.72701,1.22344
190.5,robot1,-0.726001,38.2895
190.5,robot2,-1.72501,1.1862
190.5,robot2,-1.72501,1.1862
190.5,robot1,-0.726001,38.2895
190.5,robot3,-2.72701,1.22344
190.5,robot3,-2.72701,1.22344
190.5,robot1,-0.726001,38.2895
190.5,robot2,-1.72501,1.1862
190.5,robot2,-1.72501,1.1862
190.5,robot1,-0.726001,38.2895
190.5,robot3,-2.72701,1.22344
190.5,robot3,-2.72701,1.22344
190.5,robot1,-0.726001,38.2895
190.5,robot2,-1.72501,1.1862
190.5,robot2,-1.72501,1.1862
190.5,robot1,-0.726001,38.2895
190.5,robot3,-2.72701,1.22344
190.5,robot3,-2.72701,1.22355
190.5,robot1,-0.726001,38.2895
190.5,robot2,-1.72501,1.1862
190.5,robot2,-1.72501,1.1862
190.5,robot1,-0.726001,38.2895
190.5,robot3,-2.72701,1.22355
190.5,robot3,-2.72701,1.22355
190.6,robot1,-0.726001,38.2895
190.6,robot2,-1.72501,1.1862
190.6,robot2,-1.72501,1.1862
190.6,robot1,-0.726001,38.2895
190.6,robot3,-2.727,1.22229
190.6,robot3,-2.727,1.22229
190.6,robot1,-0.726,38.2895
190.6,robot2,-1.72498,1.18578
190.6,robot2,-1.72498,1.18568
190.6,robot1,-0.726,38.2895
190.6,robot3,-2.727,1.22229
190.6,robot3,-2.727,1.22229
190.6,robot1,-0.726,38.2895
190.6,robot2,-1.72498,1.18568
190.6,robot2,-1.72498,1.18568
190.6,robot1,-0.726001,38.2895
190.6,robot3,-2.727,1.22229
190.6,robot3,-2.727,1.22229
190.6,robot1,-0.726001,38.2895
190.6,robot2,-1.72498,1.18568
190.6,robot2,-1.72498,1.18568
190.6,robot1,-0.726001,38.2895
190.6,robot3,-2.727,1.22229
190.6,robot3,-2.727,1.22229
190.6,robot1,-0.726001,38.2895
190.6,robot2,-1.72498,1.18568
190.6,robot2,-1.72498,1.18568
190.6,robot1,-0.726001,38.2895
190.6,robot3,-2.727,1.22229
190.6,robot3,-2.727,1.22229
190.6,robot1,-0.726001,38.2895
190.6,robot2,-1.72498,1.18568
190.6,robot2,-1.72498,1.18568
190.6,robot1,-0.726001,38.2895
190.6,robot3,-2.727,1.22229
190.6,robot3,-2.727,1.22229
190.6,robot1,-0.726001,38.2895
190.6,robot2,-1.72498,1.18568
190.6,robot2,-1.72498,1.18568
190.6,robot1,-0.726001,38.2895
190.6,robot3,-2.727,1.22229
190.6,robot3,-2.727,1.22229
190.6,robot1,-0.726001,38.2895
190.6,robot2,-1.72498,1.18568
190.6,robot2,-1.72498,1.18568
190.6,robot1,-0.726001,38.2895
190.6,robot3,-2.727,1.22229
190.6,robot3,-2.727,1.22229
190.6,robot1,-0.726001,38.2895
190.6,robot2,-1.72498,1.18568
190.6,robot2,-1.72498,1.18568
190.6,robot1,-0.726001,38.2895
190.6,robot3,-2.727,1.22229
190.6,robot3,-2.727,1.22173
190.6,robot1,-0.726001,38.2895
190.6,robot2,-1.72498,1.18568
190.6,robot2,-1.72498,1.18568
190.6,robot1,-0.726001,38.2895
190.6,robot3,-2.727,1.22173
190.6,robot3,-2.727,1.22173
190.6,robot1,-0.726001,38.2895
190.6,robot2,-1.72498,1.18568
190.7,robot2,-1.72498,1.18568
190.7,robot1,-0.726001,38.2895
190.7,robot3,-2.72699,1.22219
190.7,robot3,-2.72699,1.22219
190.7,robot1,-0.725995,38.2896
190.7,robot2,-1.72499,1.18678
190.7,robot2,-1.72499,1.18623
190.7,robot1,-0.725995,38.2896
190.7,robot3,-2.72699,1.22219
190.7,robot3,-2.72699,1.22219
190.7,robot1,-0.725995,38.2896
190.7,robot2,-1.72499,1.18623
190.7,robot2,-1.72499,1.18623
190.7,robot1,-0.725997,38.2895
190.7,robot3,-2.72699,1.22219
190.7,robot3,-2.72699,1.22219
190.7,robot1,-0.725997,38.2895
190.7,robot2,-1.72499,1.18623
190.7,robot2,-1.72499,1.18623
190.7,robot1,-0.725997,38.2895
190.7,robot3,-2.72699,1.22219
190.7,robot3,-2.72699,1.22219
190.7,robot1,-0.725997,38.2895
190.7,robot2,-1.72499,1.18623
190.7,robot2,-1.72499,1.18623
190.7,robot1,-0.725997,38.2895
190.7,robot3,-2.72699,1.22219
190.7,robot3,-2.72699,1.22219
190.7,robot1,-0.725997,38.2895
190.7,robot2,-1.72499,1.18623
190.7,robot2,-1.72499,1.18623
190.7,robot1,-0.725997,38.2895
190.7,robot3,-2.72699,1.22219
190.7,robot3,-2.72699,1.22219
190.7,robot1,-0.725997,38.2895
190.7,robot2,-1.72499,1.18623
190.7,robot2,-1.72499,1.18623
190.7,robot1,-0.725997,38.2895
190.7,robot3,-2.72699,1.22219
190.7,robot3,-2.72699,1.22219
190.7,robot1,-0.725997,38.2895
190.7,robot2,-1.72499,1.18623
190.7,robot2,-1.72499,1.18623
190.7,robot1,-0.725997,38.2895
190.7,robot3,-2.72699,1.22219
190.7,robot3,-2.72699,1.22219
190.7,robot1,-0.725997,38.2895
190.7,robot2,-1.72499,1.18623
190.7,robot2,-1.72499,1.18623
190.7,robot1,-0.725997,38.2895
190.7,robot3,-2.72699,1.22219
190.7,robot3,-2.72699,1.22304
190.7,robot1,-0.725997,38.2895
190.7,robot2,-1.72499,1.18623
190.7,robot2,-1.72499,1.18623
190.7,robot1,-0.725997,38.2895
190.7,robot3,-2.72699,1.22304
190.7,robot3,-2.72699,1.22304
190.7,robot1,-0.725997,38.2895
190.7,robot2,-1.72499,1.18623
190.7,robot2,-1.72499,1.18623
190.7,robot1,-0.725997,38.2895
190.8,robot3,-2.727,1.22139
190.8,robot3,-2.727,1.22139
190.8,robot1,-0.726003,38.2896
190.8,robot2,-1.725,1.18603
190.8,robot2,-1.72501,1.18621
190.8,robot1,-0.726003,38.2896
190.8,robot3,-2.727,1.22139
190.8,robot3,-2.727,1.22139
190.8,robot1,-0.726003,38.2896
190.8,robot2,-1.72501,1.18621
190.8,robot2,-1.72501,1.18621
190.8,robot1,-0.726007,38.2896
190.8,robot3,-2.727,1.22139
190.8,robot3,-2.727,1.22139
190.8,robot1,-0.726007,38.2896
190.8,robot2,-1.72501,1.18621
190.8,robot2,-1.72501,1.18621
190.8,robot1,-0.726007,38.2896
190.8,robot3,-2.727,1.22139
190.8,robot3,-2.727,1.22139
190.8,robot1,-0.726007,38.2896
190.8,robot2,-1.72501,1.18621
190.8,robot2,-1.72501,1.18621
190.8,robot1,-0.726007,38.2896
190.8,robot3,-2.727,1.22139
190.8,robot3,-2.727,1.22139
190.8,robot1,-0.726007,38.2896
190.8,robot2,-1.72501,1.18621
190.8,robot2,-1.72501,1.18621
190.8,robot1,-0.726007,38.2896
190.8,robot3,-2.727,1.22139
190.8,robot3,-2.727,1.22139
190.8,robot1,-0.726007,38.2896
190.8,robot2,-1.72501,1.18621
190.8,robot2,-1.72501,1.18621
190.8,robot1,-0.726007,38.2896
190.8,robot3,-2.727,1.22139
190.8,robot3,-2.727,1.22139
190.8,robot1,-0.726007,38.2896
190.8,robot2,-1.72501,1.18621
190.8,robot2,-1.72501,1.18621
190.8,robot1,-0.726007,38.2896
190.8,robot3,-2.727,1.22139
190.8,robot3,-2.727,1.22139
190.8,robot1,-0.726007,38.2896
190.8,robot2,-1.72501,1.18621
190.8,robot2,-1.72501,1.18621
190.8,robot1,-0.726007,38.2896
190.8,robot3,-2.727,1.22139
190.8,robot3,-2.727,1.22414
190.8,robot1,-0.726007,38.2896
190.8,robot2,-1.72501,1.18621
190.8,robot2,-1.72501,1.18621
190.8,robot1,-0.726007,38.2896
190.8,robot3,-2.727,1.22414
190.8,robot3,-2.727,1.22414
190.8,robot1,-0.726007,38.2896
190.8,robot2,-1.72501,1.18621
190.8,robot2,-1.72501,1.18621
190.8,robot1,-0.726007,38.2896
190.8,robot3,-2.727,1.22414
190.9,robot3,-2.727,1.22414
190.9,robot1,-0.726006,38.2891
190.9,robot2,-1.72498,1.18584
190.9,robot2,-1.72499,1.18564
190.9,robot1,-0.726006,38.2891
190.9,robot3,-2.72698,1.22068
190.9,robot3,-2.72698,1.22068
190.9,robot1,-0.726006,38.2891
190.9,robot2,-1.72499,1.18564
190.9,robot2,-1.72499,1.18564
190.9,robot1,-0.726012,38.2895
190.9,robot3,-2.72698,1.22068
190.9,robot3,-2.72698,1.22068
190.9,robot1,-0.726012,38.2895
190.9,robot2,-1.72499,1.18564
190.9,robot2,-1.72499,1.18564
190.9,robot1,-0.726012,38.2895
190.9,robot3,-2.72698,1.22068
190.9,robot3,-2.72698,1.22068
190.9,robot1,-0.726012,38.2895
190.9,robot2,-1.72499,1.18564
190.9,robot2,-1.72499,1.18564
190.9,robot1,-0.726012,38.2895
190.9,robot3,-2.72698,1.22068
190.9,robot3,-2.72698,1.22068
190.9,robot1,-0.726012,38.2895
190.9,robot2,-1.72499,1.18564
190.9,robot2,-1.72499,1.18564
190.9,robot1,-0.726012,38.2895
190.9,robot3,-2.72698,1.22068
190.9,robot3,-2.72698,1.22068
190.9,robot1,-0.726012,38.2895
190.9,robot2,-1.72499,1.18564
190.9,robot2,-1.72499,1.18564
190.9,robot1,-0.726012,38.2895
190.9,robot3,-2.72698,1.22068
190.9,robot3,-2.72698,1.22068
190.9,robot1,-0.726012,38.2895
190.9,robot2,-1.72499,1.18564
190.9,robot2,-1.72499,1.18564
190.9,robot1,-0.726012,38.2895
190.9,robot3,-2.72698,1.22068
190.9,robot3,-2.72698,1.22068
190.9,robot1,-0.726012,38.2895
190.9,robot2,-1.72499,1.18564
190.9,robot2,-1.72499,1.18564
190.9,robot1,-0.726012,38.2895
190.9,robot3,-2.72698,1.22068
190.9,robot3,-2.72698,1.22092
190.9,robot1,-0.726012,38.2895
190.9,robot2,-1.72499,1.18564
190.9,robot2,-1.72499,1.18564
190.9,robot1,-0.726012,38.2895
190.9,robot3,-2.72698,1.22092
190.9,robot3,-2.72698,1.22092
190.9,robot1,-0.726012,38.2895
190.9,robot2,-1.72499,1.18564
190.9,robot2,-1.72499,1.18564
190.9,robot1,-0.726012,38.2895
190.9,robot3,-2.72698,1.22092
190.9,robot3,-2.72698,1.22092
191,robot1,-0.726006,38.2897
191,robot2,-1.725,1.18497
191,robot2,-1.725,1.18579
191,robot1,-0.726006,38.2897
191,robot3,-2.72701,1.22335
191,robot3,-2.72701,1.22335
191,robot1,-0.726006,38.2897
191,robot2,-1.725,1.18579
191,robot2,-1.725,1.18579
191,robot1,-0.726011,38.2897
191,robot3,-2.72701,1.22335
191,robot3,-2.72701,1.22335
191,robot1,-0.726011,38.2897
191,robot2,-1.725,1.18579
191,robot2,-1.725,1.18579
191,robot1,-0.726011,38.2897
191,robot3,-2.72701,1.22335
191,robot3,-2.72701,1.22335
191,robot1,-0.726011,38.2897
191,robot2,-1.725,1.18579
191,robot2,-1.725,1.18579
191,robot1,-0.726011,38.2897
191,robot3,-2.72701,1.22335
191,robot3,-2.72701,1.22335
191,robot1,-0.726011,38.2897
191,robot2,-1.725,1.18579
191,robot2,-1.725,1.18579
191,robot1,-0.726011,38.2897
191,robot3,-2.72701,1.22335
191,robot3,-2.72701,1.22335
191,robot1,-0.726011,38.2897
191,robot2,-1.725,1.18579
191,robot2,-1.725,1.18579
191,robot1,-0.726011,38.2897
191,robot3,-2.72701,1.22335
191,robot3,-2.72701,1.22335
191,robot1,-0.726011,38.2897
191,robot2,-1.725,1.18579
191,robot2,-1.725,1.18579
191,robot1,-0.726011,38.2897
191,robot3,-2.72701,1.22335
191,robot3,-2.72701,1.22335
191,robot1,-0.726011,38.2897
191,robot2,-1.725,1.18579
191,robot2,-1.725,1.18579
191,robot1,-0.726011,38.2897
191,robot3,-2.72701,1.22335
191,robot3,-2.72701,1.22376
191,robot1,-0.726011,38.2897
191,robot2,-1.725,1.18579
191,robot2,-1.725,1.18579
191,robot1,-0.726011,38.2897
191,robot3,-2.72701,1.22376
191,robot3,-2.72701,1.22376
191,robot1,-0.726011,38.2897
191,robot2,-1.725,1.18579
191,robot2,-1.725,1.18579
191,robot1,-0.726011,38.2897
191,robot3,-2.72701,1.22376
191,robot3,-2.72701,1.22376
191.1,robot1,-0.726004,38.2897
191.1,robot2,-1.72501,1.18597
191.1,robot2,-1.72502,1.18574
191.1,robot1,-0.726004,38.2897
191.1,robot3,-2.727,1.22396
191.1,robot3,-2.727,1.22396
191.1,robot1,-0.726004,38.2897
191.1,robot2,-1.72502,1.18574
191.1,robot2,-1.72502,1.18574
191.1,robot1,-0.726007,38.2897
191.1,robot3,-2.727,1.22396
191.1,robot3,-2.727,1.22396
191.1,robot1,-0.726007,38.2897
191.1,robot2,-1.72502,1.18574
191.1,robot2,-1.72502,1.18574
191.1,robot1,-0.726007,38.2897
191.1,robot3,-2.727,1.22396
191.1,robot3,-2.727,1.22396
191.1,robot1,-0.726007,38.2897
191.1,robot2,-1.72502,1.18574
191.1,robot2,-1.72502,1.18574
191.1,robot1,-0.726007,38.2897
191.1,robot3,-2.727,1.22396
191.1,robot3,-2.727,1.22396
191.1,robot1,-0.726007,38.2897
191.1,robot2,-1.72502,1.18574
191.1,robot2,-1.72502,1.18574
191.1,robot1,-0.726007,38.2897
191.1,robot3,-2.727,1.22396
191.1,robot3,-2.727,1.22396
191.1,robot1,-0.726007,38.2897
191.1,robot2,-1.72502,1.18574
191.1,robot2,-1.72502,1.18574
191.1,robot1,-0.726007,38.2897
191.1,robot3,-2.727,1.22396
191.1,robot3,-2.727,1.22396
191.1,robot1,-0.726007,38.2897
191.1,robot2,-1.72502,1.18574
191.1,robot2,-1.72502,1.18574
191.1,robot1,-0.726007,38.2897
191.1,robot3,-2.727,1.22396
191.1,robot3,-2.727,1.22396
191.1,robot1,-0.726007,38.2897
191.1,robot2,-1.72502,1.18574
191.1,robot2,-1.72502,1.18574
191.1,robot1,-0.726007,38.2897
191.1,robot3,-2.727,1.22396
191.1,robot3,-2.727,1.22338
191.1,robot1,-0.726007,38.2897
191.1,robot2,-1.72502,1.18574
191.1,robot2,-1.72502,1.18574
191.1,robot1,-0.726007,38.2897
191.1,robot3,-2.727,1.22338
191.1,robot3,-2.727,1.22338
191.1,robot1,-0.726007,38.2897
191.1,robot2,-1.72502,1.18574
191.1,robot2,-1.72502,1.18574
191.1,robot1,-0.726007,38.2897
191.1,robot3,-2.727,1.22338
191.1,robot3,-2.727,1.22338
191.2,robot1,-0.726,38.2897
191.2,robot2,-1.72499,1.18758
191.2,robot2,-1.72499,1.18671
191.2,robot1,-0.726,38.2897
191.2,robot3,-2.72698,1.2256
191.2,robot3,-2.72698,1.2256
191.2,robot1,-0.726,38.2897
191.2,robot2,-1.72499,1.18671
191.2,robot2,-1.72499,1.18671
191.2,robot1,-0.726002,38.2897
191.2,robot3,-2.72698,1.2256
191.2,robot3,-2.72698,1.2256
191.2,robot1,-0.726002,38.2897
191.2,robot2,-1.72499,1.18671
191.2,robot2,-1.72499,1.18671
191.2,robot1,-0.726002,38.2897
191.2,robot3,-2.72698,1.2256
191.2,robot3,-2.72698,1.2256
191.2,robot1,-0.726002,38.2897
191.2,robot2,-1.72499,1.18671
191.2,robot2,-1.72499,1.18671
191.2,robot1,-0.726002,38.2897
191.2,robot3,-2.72698,1.2256
191.2,robot3,-2.72698,1.2256
191.2,robot1,-0.726002,38.2897
191.2,robot2,-1.72499,1.18671
191.2,robot2,-1.72499,1.18671
191.2,robot1,-0.726002,38.2897
191.2,robot3,-2.72698,1.2256
191.2,robot3,-2.72698,1.2256
191.2,robot1,-0.726002,38.2897
191.2,robot2,-1.72499,1.18671
191.2,robot2,-1.72499,1.18671
191.2,robot1,-0.726002,38.2897
191.2,robot3,-2.72698,1.2256
191.2,robot3,-2.72698,1.2256
191.2,robot1,-0.726002,38.2897
191.2,robot2,-1.72499,1.18671
191.2,robot2,-1.72499,1.18671
191.2,robot1,-0.726002,38.2897
191.2,robot3,-2.72698,1.2256
191.2,robot3,-2.72698,1.2256
191.2,robot1,-0.726002,38.2897
191.2,robot2,-1.72499,1.18671
191.2,robot2,-1.72499,1.18671
191.2,robot1,-0.726002,38.2897
191.2,robot3,-2.72698,1.2256
191.2,robot3,-2.72699,1.22596
191.2,robot1,-0.726002,38.2897
191.2,robot2,-1.72499,1.18671
191.2,robot2,-1.72499,1.18671
191.2,robot1,-0.726002,38.2897
191.2,robot3,-2.72699,1.22596
191.2,robot3,-2.72699,1.22596
191.2,robot1,-0.726002,38.2897
191.2,robot2,-1.72499,1.18671
191.2,robot2,-1.72499,1.18671
191.2,robot1,-0.726002,38.2897
191.2,robot3,-2.72699,1.22596
191.2,robot3,-2.72699,1.22596
191.3,robot1,-0.726002,38.2897
191.3,robot2,-1.72497,1.18601
191.3,robot2,-1.72497,1.18604
191.3,robot1,-0.726002,38.2897
191.3,robot3,-2.727,1.22439
191.3,robot3,-2.727,1.22439
191.3,robot1,-0.726,38.2897
191.3,robot2,-1.72497,1.18604
191.3,robot2,-1.72497,1.18604
191.3,robot1,-0.726003,38.2896
191.3,robot3,-2.727,1.22439
191.3,robot3,-2.727,1.22439
191.3,robot1,-0.726003,38.2896
191.3,robot2,-1.72497,1.18604
191.3,robot2,-1.72497,1.18604
191.3,robot1,-0.726003,38.2896
191.3,robot3,-2.727,1.22439
191.3,robot3,-2.727,1.22439
191.3,robot1,-0.726003,38.2896
191.3,robot2,-1.72497,1.18604
191.3,robot2,-1.72497,1.18604
191.3,robot1,-0.726003,38.2896
191.3,robot3,-2.727,1.22439
191.3,robot3,-2.727,1.22439
191.3,robot1,-0.726003,38.2896
191.3,robot2,-1.72497,1.18604
191.3,robot2,-1.72497,1.18604
191.3,robot1,-0.726003,38.2896
191.3,robot3,-2.727,1.22439
191.3,robot3,-2.727,1.22439
191.3,robot1,-0.726003,38.2896
191.3,robot2,-1.72497,1.18604
191.3,robot2,-1.72497,1.18604
191.3,robot1,-0.726003,38.2896
191.3,robot3,-2.727,1.22439
191.3,robot3,-2.727,1.22439
191.3,robot1,-0.726003,38.2896
191.3,robot2,-1.72497,1.18604
191.3,robot2,-1.72497,1.18604
191.3,robot1,-0.726003,38.2896
191.3,robot3,-2.727,1.22439
191.3,robot3,-2.727,1.22439
191.3,robot1,-0.726003,38.2896
191.3,robot2,-1.72497,1.18604
191.3,robot2,-1.72497,1.18604
191.3,robot1,-0.726003,38.2896
191.3,robot3,-2.727,1.22439
191.3,robot3,-2.72699,1.22549
191.3,robot1,-0.726003,38.2896
191.3,robot2,-1.72497,1.18604
191.3,robot2,-1.72497,1.18604
191.3,robot1,-0.726003,38.2896
191.3,robot3,-2.72699,1.22549
191.3,robot3,-2.72699,1.22549
191.3,robot1,-0.726003,38.2896
191.3,robot2,-1.72497,1.18604
191.3,robot2,-1.72497,1.18604
191.3,robot1,-0.726003,38.2896
191.3,robot3,-2.72699,1.22549
191.3,robot3,-2.72699,1.22549
191.4,robot1,-0.726003,38.2896
191.4,robot2,-1.72497,1.18604
191.4,robot2,-1.72497,1.1858
191.4,robot1,-0.726003,38.2896
191.4,robot3,-2.72698,1.22263
191.4,robot3,-2.72698,1.22263
191.4,robot1,-0.725999,38.2896
191.4,robot2,-1.725,1.18531
191.4,robot2,-1.725,1.18531
191.4,robot1,-0.726,38.2896
191.4,robot3,-2.72698,1.22263
191.4,robot3,-2.72698,1.22263
191.4,robot1,-0.726,38.2896
191.4,robot2,-1.725,1.18531
191.4,robot2,-1.725,1.18531
191.4,robot1,-0.726,38.2896
191.4,robot3,-2.72698,1.22263
191.4,robot3,-2.72698,1.22263
191.4,robot1,-0.726,38.2896
191.4,robot2,-1.725,1.18531
191.4,robot2,-1.725,1.18531
191.4,robot1,-0.726,38.2896
191.4,robot3,-2.72698,1.22263
191.4,robot3,-2.72698,1.22263
191.4,robot1,-0.726,38.2896
191.4,robot2,-1.725,1.18531
191.4,robot2,-1.725,1.18531
191.4,robot1,-0.726,38.2896
191.4,robot3,-2.72698,1.22263
191.4,robot3,-2.72698,1.22263
191.4,robot1,-0.726,38.2896
191.4,robot2,-1.725,1.18531
191.4,robot2,-1.725,1.18531
191.4,robot1,-0.726,38.2896
191.4,robot3,-2.72698,1.22263
191.4,robot3,-2.72698,1.22263
191.4,robot1,-0.726,38.2896
191.4,robot2,-1.725,1.18531
191.4,robot2,-1.725,1.18531
191.4,robot1,-0.726,38.2896
191.4,robot3,-2.72698,1.22263
191.4,robot3,-2.72698,1.22263
191.4,robot1,-0.726,38.2896
191.4,robot2,-1.725,1.18531
191.4,robot2,-1.725,1.18531
191.4,robot1,-0.726,38.2896
191.4,robot3,-2.72698,1.22263
191.4,robot3,-2.72698,1.22359
191.4,robot1,-0.726,38.2896
191.4,robot2,-1.725,1.18531
191.4,robot2,-1.725,1.18531
191.4,robot1,-0.726,38.2896
191.4,robot3,-2.72698,1.22359
191.4,robot3,-2.72698,1.22359
191.4,robot1,-0.726,38.2896
191.4,robot2,-1.725,1.18531
191.4,robot2,-1.725,1.18531
191.4,robot1,-0.726,38.2896
191.4,robot3,-2.72698,1.22359
191.4,robot3,-2.72698,1.22359
191.4,robot1,-0.726,38.2896
191.4,robot2,-1.725,1.18531
191.5,robot2,-1.725,1.18516
191.5,robot1,-0.726,38.2896
191.5,robot3,-2.72701,1.22498
191.5,robot3,-2.72701,1.22498
191.5,robot1,-0.726,38.2897
191.5,robot2,-1.72501,1.18497
191.5,robot2,-1.72501,1.18497
191.5,robot1,-0.726001,38.2897
191.5,robot3,-2.72701,1.22498
191.5,robot3,-2.72701,1.22498
191.5,robot1,-0.726001,38.2897
191.5,robot2,-1.72501,1.18497
191.5,robot2,-1.72501,1.18497
191.5,robot1,-0.726001,38.2897
191.5,robot3,-2.72701,1.22498
191.5,robot3,-2.72701,1.22498
191.5,robot1,-0.726001,38.2897
191.5,robot2,-1.72501,1.18497
191.5,robot2,-1.72501,1.18497
191.5,robot1,-0.726001,38.2897
191.5,robot3,-2.72701,1.22498
191.5,robot3,-2.72701,1.22498
191.5,robot1,-0.726001,38.2897
191.5,robot2,-1.72501,1.18497
191.5,robot2,-1.72501,1.18497
191.5,robot1,-0.726001,38.2897
191.5,robot3,-2.72701,1.22498
191.5,robot3,-2.72701,1.22498
191.5,robot1,-0.726001,38.2897
191.5,robot2,-1.72501,1.18497
191.5,robot2,-1.72501,1.18497
191.5,robot1,-0.726001,38.2897
191.5,robot3,-2.72701,1.22498
191.5,robot3,-2.72701,1.22498
191.5,robot1,-0.726001,38.2897
191.5,robot2,-1.72501,1.18497
191.5,robot2,-1.72501,1.18497
191.5,robot1,-0.726001,38.2897
191.5,robot3,-2.72701,1.22498
191.5,robot3,-2.72701,1.22498
191.5,robot1,-0.726001,38.2897
191.5,robot2,-1.72501,1.18497
191.5,robot2,-1.72501,1.18497
191.5,robot1,-0.726001,38.2897
191.5,robot3,-2.72701,1.22498
191.5,robot3,-2.727,1.22588
191.5,robot1,-0.726001,38.2897
191.5,robot2,-1.72501,1.18497
191.5,robot2,-1.72501,1.18497
191.5,robot1,-0.726001,38.2897
191.5,robot3,-2.727,1.22588
191.5,robot3,-2.727,1.22588
191.5,robot1,-0.726001,38.2897
191.5,robot2,-1.72501,1.18497
191.5,robot2,-1.72501,1.18497
191.5,robot1,-0.726001,38.2897
191.5,robot3,-2.727,1.22588
191.5,robot3,-2.727,1.22588
191.5,robot1,-0.726001,38.2897
191.5,robot2,-1.72501,1.18497
191.5,robot2,-1.72501,1.18614
191.5,robot1,-0.726001,38.2897
191.5,robot3,-2.727,1.22588
191.6,robot3,-2.727,1.22588
191.6,robot1,-0.725996,38.2897
191.6,robot2,-1.72502,1.18393
191.6,robot2,-1.72502,1.18393
191.6,robot1,-0.725998,38.2897
191.6,robot3,-2.727,1.22482
191.6,robot3,-2.727,1.22482
191.6,robot1,-0.725998,38.2897
191.6,robot2,-1.72502,1.18393
191.6,robot2,-1.72502,1.18393
191.6,robot1,-0.725998,38.2897
191.6,robot3,-2.727,1.22482
191.6,robot3,-2.727,1.22482
191.6,robot1,-0.725998,38.2897
191.6,robot2,-1.72502,1.18393
191.6,robot2,-1.72502,1.18393
191.6,robot1,-0.725998,38.2897
191.6,robot3,-2.727,1.22482
191.6,robot3,-2.727,1.22482
191.6,robot1,-0.725998,38.2897
191.6,robot2,-1.72502,1.18393
191.6,robot2,-1.72502,1.18393
191.6,robot1,-0.725998,38.2897
191.6,robot3,-2.727,1.22482
191.6,robot3,-2.727,1.22482
191.6,robot1,-0.725998,38.2897
191.6,robot2,-1.72502,1.18393
191.6,robot2,-1.72502,1.18393
191.6,robot1,-0.725998,38.2897
191.6,robot3,-2.727,1.22482
191.6,robot3,-2.727,1.22482
191.6,robot1,-0.725998,38.2897
191.6,robot2,-1.72502,1.18393
191.6,robot2,-1.72502,1.18393
191.6,robot1,-0.725998,38.2897
191.6,robot3,-2.727,1.22482
191.6,robot3,-2.727,1.22482
191.6,robot1,-0.725998,38.2897
191.6,robot2,-1.72502,1.18393
191.6,robot2,-1.72502,1.18393
191.6,robot1,-0.725998,38.2897
191.6,robot3,-2.727,1.22482
191.6,robot3,-2.72699,1.22576
191.6,robot1,-0.725998,38.2897
191.6,robot2,-1.72502,1.18393
191.6,robot2,-1.72502,1.18393
191.6,robot1,-0.725998,38.2897
191.6,robot3,-2.72699,1.22576
191.6,robot3,-2.72699,1.22576
191.6,robot1,-0.725998,38.2897
191.6,robot2,-1.72502,1.18393
191.6,robot2,-1.72502,1.18393
191.6,robot1,-0.725998,38.2897
191.6,robot3,-2.72699,1.22576
191.6,robot3,-2.72699,1.22576
191.6,robot1,-0.725998,38.2897
191.6,robot2,-1.72502,1.18393
191.6,robot2,-1.72502,1.18358
191.6,robot1,-0.725998,38.2897
191.6,robot3,-2.72699,1.22576
191.6,robot3,-2.72699,1.22576
191.7,robot1,-0.725999,38.2897
191.7,robot2,-1.725,1.18537
191.7,robot2,-1.725,1.18537
191.7,robot1,-0.726,38.2897
191.7,robot3,-2.727,1.22573
191.7,robot3,-2.727,1.22573
191.7,robot1,-0.726,38.2897
191.7,robot2,-1.725,1.18537
191.7,robot2,-1.725,1.18537
191.7,robot1,-0.726,38.2897
191.7,robot3,-2.727,1.22573
191.7,robot3,-2.727,1.22573
191.7,robot1,-0.726,38.2897
191.7,robot2,-1.725,1.18537
191.7,robot2,-1.725,1.18537
191.7,robot1,-0.726,38.2897
191.7,robot3,-2.727,1.22573
191.7,robot3,-2.727,1.22573
191.7,robot1,-0.726,38.2897
191.7,robot2,-1.725,1.18537
191.7,robot2,-1.725,1.18537
191.7,robot1,-0.726,38.2897
191.7,robot3,-2.727,1.22573
191.7,robot3,-2.727,1.22573
191.7,robot1,-0.726,38.2897
191.7,robot2,-1.725,1.18537
191.7,robot2,-1.725,1.18537
191.7,robot1,-0.726,38.2897
191.7,robot3,-2.727,1.22573
191.7,robot3,-2.727,1.22573
191.7,robot1,-0.726,38.2897
191.7,robot2,-1.725,1.18537
191.7,robot2,-1.725,1.18537
191.7,robot1,-0.726,38.2897
191.7,robot3,-2.727,1.22573
191.7,robot3,-2.727,1.22573
191.7,robot1,-0.726,38.2897
191.7,robot2,-1.725,1.18537
191.7,robot2,-1.725,1.18537
191.7,robot1,-0.726,38.2897
191.7,robot3,-2.727,1.22573
191.7,robot3,-2.72699,1.22627
191.7,robot1,-0.726,38.2897
191.7,robot2,-1.725,1.18537
191.7,robot2,-1.725,1.18537
191.7,robot1,-0.726,38.2897
191.7,robot3,-2.72699,1.22627
191.7,robot3,-2.72699,1.22627
191.7,robot1,-0.726,38.2897
191.7,robot2,-1.725,1.18537
191.7,robot2,-1.725,1.18537
191.7,robot1,-0.726,38.2897
191.7,robot3,-2.72699,1.22627
191.7,robot3,-2.72699,1.22627
191.7,robot1,-0.726,38.2897
191.7,robot2,-1.725,1.18537
191.7,robot2,-1.725,1.18564
191.7,robot1,-0.726,38.2897
191.7,robot3,-2.72699,1.22627
191.7,robot3,-2.72699,1.22627
191.8,robot1,-0.725999,38.2897
191.8,robot2,-1.72499,1.18591
191.8,robot2,-1.72499,1.18591
191.8,robot1,-0.726,38.2897
191.8,robot3,-2.72702,1.22789
191.8,robot3,-2.72702,1.22789
191.8,robot1,-0.726,38.2897
191.8,robot2,-1.72499,1.18591
191.8,robot2,-1.72499,1.18591
191.8,robot1,-0.726,38.2897
191.8,robot3,-2.72702,1.22789
191.8,robot3,-2.72702,1.22789
191.8,robot1,-0.726,38.2897
191.8,robot2,-1.72499,1.18591
191.8,robot2,-1.72499,1.18591
191.8,robot1,-0.726,38.2897
191.8,robot3,-2.72702,1.22789
191.8,robot3,-2.72702,1.22789
191.8,robot1,-0.726,38.2897
191.8,robot2,-1.72499,1.18591
191.8,robot2,-1.72499,1.18591
191.8,robot1,-0.726,38.2897
191.8,robot3,-2.72702,1.22789
191.8,robot3,-2.72702,1.22789
191.8,robot1,-0.726,38.2897
191.8,robot2,-1.72499,1.18591
191.8,robot2,-1.72499,1.18591
191.8,robot1,-0.726,38.2897
191.8,robot3,-2.72702,1.22789
191.8,robot3,-2.72702,1.22789
191.8,robot1,-0.726,38.2897
191.8,robot2,-1.72499,1.18591
191.8,robot2,-1.72499,1.18591
191.8,robot1,-0.726,38.2897
191.8,robot3,-2.72702,1.22789
191.8,robot3,-2.72702,1.22789
191.8,robot1,-0.726,38.2897
191.8,robot2,-1.72499,1.18591
191.8,robot2,-1.72499,1.18591
191.8,robot1,-0.726,38.2897
191.8,robot3,-2.72702,1.22789
191.8,robot3,-2.72702,1.22822
191.8,robot1,-0.726,38.2897
191.8,robot2,-1.72499,1.18591
191.8,robot2,-1.72499,1.18591
191.8,robot1,-0.726,38.2897
191.8,robot3,-2.72702,1.22822
191.8,robot3,-2.72702,1.22822
191.8,robot1,-0.726,38.2897
191.8,robot2,-1.72499,1.18591
191.8,robot2,-1.72499,1.18591
191.8,robot1,-0.726,38.2897
191.8,robot3,-2.72702,1.22822
191.8,robot3,-2.72702,1.22822
191.8,robot1,-0.726,38.2897
191.8,robot2,-1.72499,1.18591
191.8,robot2,-1.725,1.1855
191.8,robot1,-0.726,38.2897
191.8,robot3,-2.72702,1.22822
191.8,robot3,-2.72702,1.22822
191.9,robot1,-0.725994,38.2895
191.9,robot2,-1.72498,1.18619
191.9,robot2,-1.72498,1.18619
191.9,robot1,-0.725995,38.2894
191.9,robot3,-2.72699,1.22716
191.9,robot3,-2.72699,1.22716
191.9,robot1,-0.725995,38.2894
191.9,robot2,-1.72498,1.18619
191.9,robot2,-1.72498,1.18619
191.9,robot1,-0.725995,38.2894
191.9,robot3,-2.72699,1.22716
191.9,robot3,-2.72699,1.22716
191.9,robot1,-0.725995,38.2894
191.9,robot2,-1.72498,1.18619
191.9,robot2,-1.72498,1.18619
191.9,robot1,-0.725995,38.2894
191.9,robot3,-2.72699,1.22716
191.9,robot3,-2.72699,1.22716
191.9,robot1,-0.725995,38.2894
191.9,robot2,-1.72498,1.18619
191.9,robot2,-1.72498,1.18619
191.9,robot1,-0.725995,38.2894
191.9,robot3,-2.72699,1.22716
191.9,robot3,-2.72699,1.22716
191.9,robot1,-0.725995,38.2894
191.9,robot2,-1.72498,1.18619
191.9,robot2,-1.72498,1.18619
191.9,robot1,-0.725995,38.2894
191.9,robot3,-2.72699,1.22716
191.9,robot3,-2.72699,1.22716
191.9,robot1,-0.725995,38.2894
191.9,robot2,-1.72498,1.18619
191.9,robot2,-1.72498,1.18619
191.9,robot1,-0.725995,38.2894
191.9,robot3,-2.72699,1.22716
191.9,robot3,-2.72699,1.22716
191.9,robot1,-0.725995,38.2894
191.9,robot2,-1.72498,1.18619
191.9,robot2,-1.72498,1.18619
191.9,robot1,-0.725995,38.2894
191.9,robot3,-2.72699,1.22716
191.9,robot3,-2.72699,1.22704
191.9,robot1,-0.725995,38.2894
191.9,robot2,-1.72498,1.18619
191.9,robot2,-1.72498,1.18619
191.9,robot1,-0.725995,38.2894
191.9,robot3,-2.72699,1.22704
191.9,robot3,-2.72699,1.22704
191.9,robot1,-0.725995,38.2894
191.9,robot2,-1.72498,1.18619
191.9,robot2,-1.72498,1.18619
191.9,robot1,-0.725995,38.2894
191.9,robot3,-2.72699,1.22704
191.9,robot3,-2.72699,1.22704
191.9,robot1,-0.725995,38.2894
191.9,robot2,-1.72498,1.18619
191.9,robot2,-1.72499,1.18624
191.9,robot1,-0.725995,38.2894
191.9,robot3,-2.72699,1.22704
191.9,robot3,-2.72699,1.22704
192,robot1,-0.725994,38.2895
192,robot2,-1.72498,1.18609
192,robot2,-1.72498,1.18609
192,robot1,-0.725998,38.2895
192,robot3,-2.727,1.22964
192,robot3,-2.727,1.22964
192,robot1,-0.725998,38.2895
192,robot2,-1.72498,1.18609
192,robot2,-1.72498,1.18609
192,robot1,-0.725998,38.2895
192,robot3,-2.727,1.22964
192,robot3,-2.727,1.22964
192,robot1,-0.725998,38.2895
192,robot2,-1.72498,1.18609
192,robot2,-1.72498,1.18609
192,robot1,-0.725998,38.2895
192,robot3,-2.727,1.22964
192,robot3,-2.727,1.22964
192,robot1,-0.725998,38.2895
192,robot2,-1.72498,1.18609
192,robot2,-1.72498,1.18609
192,robot1,-0.725998,38.2895
192,robot3,-2.727,1.22964
192,robot3,-2.727,1.22964
192,robot1,-0.725998,38.2895
192,robot2,-1.72498,1.18609
192,robot2,-1.72498,1.18609
192,robot1,-0.725998,38.2895
192,robot3,-2.727,1.22964
192,robot3,-2.727,1.22964
192,robot1,-0.725998,38.2895
192,robot2,-1.72498,1.18609
192,robot2,-1.72498,1.18609
192,robot1,-0.725998,38.2895
192,robot3,-2.727,1.22964
192,robot3,-2.727,1.22964
192,robot1,-0.725998,38.2895
192,robot2,-1.72498,1.18609
192,robot2,-1.72498,1.18609
192,robot1,-0.725998,38.2895
192,robot3,-2.727,1.22964
192,robot3,-2.727,1.22937
192,robot1,-0.725998,38.2895
192,robot2,-1.72498,1.18609
192,robot2,-1.72498,1.18609
192,robot1,-0.725998,38.2895
192,robot3,-2.727,1.22937
192,robot3,-2.727,1.22937
192,robot1,-0.725998,38.2895
192,robot2,-1.72498,1.18609
192,robot2,-1.72498,1.18609
192,robot1,-0.725998,38.2895
192,robot3,-2.727,1.22937
192,robot3,-2.727,1.22937
192,robot1,-0.725998,38.2895
192,robot2,-1.72498,1.18609
192,robot2,-1.72498,1.18576
192,robot1,-0.725998,38.2895
192,robot3,-2.727,1.22937
192,robot3,-2.727,1.22937
192,robot1,-0.725998,38.2895
192.1,robot2,-1.72498,1.18576
192.1,robot2,-1.72498,1.18576
192.1,robot1,-0.726004,38.2895
192.1,robot3,-2.72699,1.22997
192.1,robot3,-2.72699,1.22997
192.1,robot1,-0.726012,38.2897
192.1,robot2,-1.72495,1.18594
192.1,robot2,-1.72495,1.18594
192.1,robot1,-0.726012,38.2897
192.1,robot3,-2.72699,1.22997
192.1,robot3,-2.72699,1.22997
192.1,robot1,-0.726012,38.2897
192.1,robot2,-1.72495,1.18594
192.1,robot1,-0.726012,38.2897
192.1,robot2,-1.72495,1.18594
192.1,robot3,-2.72699,1.22997
192.1,robot3,-2.72699,1.22997
192.1,robot1,-0.726012,38.2897
192.1,robot2,-1.72495,1.18594
192.1,robot2,-1.72495,1.18594
192.1,robot1,-0.726012,38.2897
192.1,robot3,-2.72699,1.22997
192.1,robot3,-2.72699,1.22997
192.1,robot1,-0.726012,38.2897
192.1,robot2,-1.72495,1.18594
192.1,robot2,-1.72495,1.18594
192.1,robot1,-0.726012,38.2897
192.1,robot3,-2.72699,1.22997
192.1,robot3,-2.72699,1.22997
192.1,robot1,-0.726012,38.2897
192.1,robot2,-1.72495,1.18594
192.1,robot2,-1.72495,1.18594
192.1,robot1,-0.726012,38.2897
192.1,robot3,-2.72699,1.22997
192.1,robot3,-2.72699,1.22997
192.1,robot1,-0.726012,38.2897
192.1,robot2,-1.72495,1.18594
192.1,robot2,-1.72495,1.18594
192.1,robot1,-0.726012,38.2897
192.1,robot3,-2.72699,1.22997
192.1,robot3,-2.727,1.23006
192.1,robot1,-0.726012,38.2897
192.1,robot2,-1.72495,1.18594
192.1,robot2,-1.72495,1.18594
192.1,robot1,-0.726012,38.2897
192.1,robot3,-2.727,1.23006
192.1,robot3,-2.727,1.23006
192.1,robot1,-0.726012,38.2897
192.1,robot2,-1.72495,1.18594
192.1,robot2,-1.72495,1.18594
192.1,robot1,-0.726012,38.2897
192.1,robot3,-2.727,1.23006
192.1,robot3,-2.727,1.23006
192.1,robot1,-0.726012,38.2897
192.1,robot2,-1.72495,1.18594
192.1,robot2,-1.72495,1.18541
192.1,robot1,-0.726012,38.2897
192.1,robot3,-2.727,1.23006
192.1,robot3,-2.727,1.23006
192.1,robot1,-0.726012,38.2897
192.1,robot2,-1.72495,1.18541
192.1,robot2,-1.72495,1.18541
192.1,robot1,-0.726014,38.29
192.2,robot3,-2.72699,1.23061
192.2,robot3,-2.72699,1.23061
192.2,robot1,-0.726019,38.2897
192.2,robot2,-1.72496,1.18619
192.2,robot2,-1.72496,1.18619
192.2,robot1,-0.726019,38.2897
192.2,robot3,-2.72699,1.23061
192.2,robot3,-2.72699,1.23061
192.2,robot1,-0.726019,38.2897
192.2,robot2,-1.72496,1.18619
192.2,robot2,-1.72496,1.18619
192.2,robot1,-0.726019,38.2897
192.2,robot3,-2.72699,1.23061
192.2,robot3,-2.72699,1.23061
192.2,robot1,-0.726019,38.2897
192.2,robot2,-1.72496,1.18619
192.2,robot2,-1.72496,1.18619
192.2,robot1,-0.726019,38.2897
192.2,robot3,-2.72699,1.23061
192.2,robot3,-2.72699,1.23061
192.2,robot1,-0.726019,38.2897
192.2,robot2,-1.72496,1.18619
192.2,robot2,-1.72496,1.18619
192.2,robot1,-0.726019,38.2897
192.2,robot3,-2.72699,1.23061
192.2,robot3,-2.72699,1.23061
192.2,robot1,-0.726019,38.2897
192.2,robot2,-1.72496,1.18619
192.2,robot2,-1.72496,1.18619
192.2,robot1,-0.726019,38.2897
192.2,robot3,-2.72699,1.23061
192.2,robot3,-2.72699,1.23061
192.2,robot1,-0.726019,38.2897
192.2,robot2,-1.72496,1.18619
192.2,robot2,-1.72496,1.18619
192.2,robot1,-0.726019,38.2897
192.2,robot3,-2.72699,1.23061
192.2,robot3,-2.727,1.23087
192.2,robot1,-0.726019,38.2897
192.2,robot2,-1.72496,1.18619
192.2,robot2,-1.72496,1.18619
192.2,robot1,-0.726019,38.2897
192.2,robot3,-2.727,1.23087
192.2,robot3,-2.727,1.23087
192.2,robot1,-0.726019,38.2897
192.2,robot2,-1.72496,1.18619
192.2,robot2,-1.72496,1.18619
192.2,robot1,-0.726019,38.2897
192.2,robot3,-2.727,1.23087
192.2,robot3,-2.727,1.23087
192.2,robot1,-0.726019,38.2897
192.2,robot2,-1.72496,1.18619
192.2,robot2,-1.72495,1.18566
192.2,robot1,-0.726019,38.2897
192.2,robot3,-2.727,1.23087
192.2,robot3,-2.727,1.23087
192.2,robot1,-0.726019,38.2897
192.2,robot2,-1.72495,1.18566
192.2,robot2,-1.72495,1.18566
192.2,robot1,-0.726019,38.2897
192.3,robot3,-2.72697,1.22854
192.3,robot3,-2.72697,1.22854
192.3,robot1,-0.726,38.2898
192.3,robot2,-1.72498,1.18559
192.3,robot2,-1.72498,1.18559
192.3,robot1,-0.726,38.2898
192.3,robot3,-2.72697,1.22854
192.3,robot3,-2.72697,1.22854
192.3,robot1,-0.726,38.2898
192.3,robot2,-1.72498,1.18559
192.3,robot2,-1.72498,1.18559
192.3,robot1,-0.726,38.2898
192.3,robot3,-2.72697,1.22854
192.3,robot3,-2.72697,1.22854
192.3,robot1,-0.726,38.2898
192.3,robot2,-1.72498,1.18559
192.3,robot2,-1.72498,1.18559
192.3,robot1,-0.726,38.2898
192.3,robot3,-2.72697,1.22854
192.3,robot3,-2.72697,1.22854
192.3,robot1,-0.726,38.2898
192.3,robot2,-1.72498,1.18559
192.3,robot2,-1.72498,1.18559
192.3,robot1,-0.726,38.2898
192.3,robot3,-2.72697,1.22854
192.3,robot3,-2.72697,1.22854
192.3,robot1,-0.726,38.2898
192.3,robot2,-1.72498,1.18559
192.3,robot2,-1.72498,1.18559
192.3,robot1,-0.726,38.2898
192.3,robot3,-2.72697,1.22854
192.3,robot3,-2.72697,1.22854
192.3,robot1,-0.726,38.2898
192.3,robot2,-1.72498,1.18559
192.3,robot2,-1.72498,1.18559
192.3,robot1,-0.726,38.2898
192.3,robot3,-2.72697,1.22854
192.3,robot3,-2.72698,1.22876
192.3,robot1,-0.726,38.2898
192.3,robot2,-1.72498,1.18559
192.3,robot2,-1.72498,1.18559
192.3,robot1,-0.726,38.2898
192.3,robot3,-2.72698,1.22876
192.3,robot3,-2.72698,1.22876
192.3,robot1,-0.726,38.2898
192.3,robot2,-1.72498,1.18559
192.3,robot2,-1.72498,1.18559
192.3,robot1,-0.726,38.2898
192.3,robot3,-2.72698,1.22876
192.3,robot3,-2.72698,1.22876
192.3,robot1,-0.726,38.2898
192.3,robot2,-1.72498,1.18559
192.3,robot2,-1.72497,1.18537
192.3,robot1,-0.726,38.2898
192.3,robot3,-2.72698,1.22876
192.3,robot3,-2.72698,1.22876
192.3,robot1,-0.726,38.2898
192.3,robot2,-1.72497,1.18537
192.3,robot2,-1.72497,1.18537
192.3,robot1,-0.726,38.2898
192.4,robot3,-2.72698,1.22876
192.4,robot3,-2.72698,1.22876
192.4,robot1,-0.726,38.2898
192.4,robot2,-1.72498,1.18476
192.4,robot1,-0.726,38.2898
192.4,robot2,-1.72498,1.18476
192.4,robot3,-2.72698,1.23026
192.4,robot3,-2.72698,1.23026
192.4,robot1,-0.726,38.2898
192.4,robot2,-1.72498,1.18476
192.4,robot2,-1.72498,1.18476
192.4,robot1,-0.726,38.2898
192.4,robot3,-2.72698,1.23026
192.4,robot3,-2.72698,1.23026
192.4,robot1,-0.726,38.2898
192.4,robot2,-1.72498,1.18476
192.4,robot2,-1.72498,1.18476
192.4,robot1,-0.726,38.2898
192.4,robot3,-2.72698,1.23026
192.4,robot3,-2.72698,1.23026
192.4,robot1,-0.726,38.2898
192.4,robot2,-1.72498,1.18476
192.4,robot2,-1.72498,1.18476
192.4,robot1,-0.726,38.2898
192.4,robot3,-2.72698,1.23026
192.4,robot3,-2.72698,1.23026
192.4,robot1,-0.726,38.2898
192.4,robot2,-1.72498,1.18476
192.4,robot2,-1.72498,1.18476
192.4,robot1,-0.726,38.2898
192.4,robot3,-2.72698,1.23026
192.4,robot3,-2.72698,1.23026
192.4,robot1,-0.726,38.2898
192.4,robot2,-1.72498,1.18476
192.4,robot2,-1.72498,1.18476
192.4,robot1,-0.726,38.2898
192.4,robot3,-2.72698,1.23026
192.4,robot3,-2.72698,1.22986
192.4,robot1,-0.726,38.2898
192.4,robot2,-1.72498,1.18476
192.4,robot2,-1.72498,1.18476
192.4,robot1,-0.726,38.2898
192.4,robot3,-2.72698,1.22986
192.4,robot3,-2.72698,1.22986
192.4,robot1,-0.726,38.2898
192.4,robot2,-1.72498,1.18476
192.4,robot2,-1.72498,1.18476
192.4,robot1,-0.726,38.2898
192.4,robot3,-2.72698,1.22986
192.4,robot3,-2.72698,1.22986
192.4,robot1,-0.726,38.2898
192.4,robot2,-1.72498,1.18476
192.4,robot2,-1.72498,1.18641
192.4,robot1,-0.726,38.2898
192.4,robot3,-2.72698,1.22986
192.4,robot3,-2.72698,1.22986
192.4,robot1,-0.726,38.2898
192.4,robot2,-1.72498,1.18641
192.4,robot2,-1.72498,1.18641
192.4,robot1,-0.726,38.2898
192.5,robot3,-2.72698,1.22986
192.5,robot3,-2.72698,1.22986
192.5,robot1,-0.726,38.2899
192.5,robot2,-1.725,1.18439
192.5,robot2,-1.725,1.18439
192.5,robot1,-0.726,38.2899
192.5,robot3,-2.727,1.23097
192.5,robot3,-2.727,1.23097
192.5,robot1,-0.726,38.2899
192.5,robot2,-1.725,1.18439
192.5,robot2,-1.725,1.18439
192.5,robot1,-0.726,38.2899
